enrollment_id,student_id,course_id,enrollment_date,completion_percentage,watch_time_minutes,quiz_score,rating,full_name,email,age,gender,skill_level,interest_area,registration_date,course_name,category,difficulty_level,duration_hours
1,437,33,2024-08-04,47.47,1565,78.3,4,Darlene Reid,yrichardson@example.net,24,1,1,0,2026-03-20,Power BI Course 33,7,1,58
2,893,24,2024-09-20,79.5,4109,49.73,2,Carly Costa DDS,smithmathew@example.com,24,0,1,7,2025-02-10,Computer Vision Course 24,5,2,21
3,178,9,2026-01-14,83.2,3232,42.59,1,Mallory Maldonado,acostatrevor@example.net,33,0,1,1,2024-09-05,SQL Course 9,6,0,47
4,424,25,2026-02-01,65.63,4300,72.01,1,Robert Zhang,stevenmorgan@example.net,20,0,2,0,2025-11-24,Data Science Course 25,7,1,51
5,208,40,2025-02-25,84.5,2064,84.66,5,Michael Hughes,williamcohen@example.com,32,1,0,7,2025-03-09,Machine Learning Course 40,2,2,64
6,464,26,2025-07-16,37.51,3074,54.12,2,Anthony Castillo,elizabethjackson@example.org,19,0,2,1,2025-09-09,Computer Vision Course 26,7,1,22
7,714,27,2025-07-29,29.51,4275,62.14,4,Carl Robertson,johndaniel@example.org,19,1,1,6,2026-04-17,Computer Vision Course 27,5,0,70
8,310,18,2026-05-04,28.37,2616,71.48,5,Meghan Lopez,patrickchoi@example.net,32,0,2,0,2025-12-07,Machine Learning Course 18,0,0,25
9,888,36,2025-12-01,78.4,764,85.12,2,Terry Bell,kwilliams@example.org,23,0,0,6,2024-09-15,Computer Vision Course 36,2,0,77
10,183,5,2024-08-16,72.19,5000,41.03,3,Ashley Brown,hinesstephen@example.org,32,0,1,3,2025-12-16,Computer Vision Course 5,6,1,55
11,96,22,2025-06-07,73.08,1835,50.88,2,Jennifer Crawford,david27@example.com,18,1,1,7,2025-03-24,Computer Vision Course 22,0,2,49
12,405,42,2026-01-25,73.03,4077,65.85,1,William Harris,floresmatthew@example.org,29,1,2,5,2024-11-25,NLP Course 42,0,0,75
13,409,26,2025-05-17,29.71,4684,89.15,1,Christina Reynolds,yvonnemartinez@example.net,24,1,1,2,2026-07-04,Computer Vision Course 26,7,1,22
14,61,29,2025-08-28,39.78,2286,43.54,4,Charles Hartman,thomasnina@example.com,18,1,1,1,2026-06-16,Data Science Course 29,2,2,62
15,23,34,2025-09-10,64.68,4104,86.58,3,Nicholas Rivera,longcasey@example.org,24,0,2,7,2025-08-24,SQL Course 34,6,2,57
16,987,35,2024-12-06,34.44,2506,90.01,4,Jackie Trujillo,longclinton@example.org,19,1,2,3,2026-05-29,NLP Course 35,1,0,70
17,60,43,2024-12-02,42.29,3183,65.78,3,Kenneth Rice,zfaulkner@example.net,26,0,0,4,2025-05-14,Data Science Course 43,3,2,73
18,271,28,2026-02-15,94.15,4870,93.97,5,Sean Anderson,mjones@example.com,28,0,1,3,2024-08-09,SQL Course 28,5,0,57
19,170,30,2025-10-22,27.59,3992,46.27,5,Nicole Maldonado,cjones@example.org,35,1,2,1,2025-10-28,Machine Learning Course 30,1,2,60
20,937,44,2026-06-04,39.15,439,42.27,4,Kimberly James,dylan79@example.org,21,0,2,1,2025-07-19,Computer Vision Course 44,1,2,29
21,763,18,2025-12-15,98.77,3118,74.06,2,Julian Wallace,millergary@example.net,35,0,1,2,2025-09-12,Machine Learning Course 18,0,0,25
22,459,4,2026-04-11,21.83,623,46.39,4,Thomas Wood,heatherphillips@example.net,34,0,1,6,2026-02-26,Power BI Course 4,1,0,23
23,406,49,2025-06-07,69.99,4209,80.71,3,Michael White,joshua19@example.com,30,0,1,5,2025-07-04,SQL Course 49,4,1,62
24,402,26,2024-10-22,75.71,2598,80.38,1,Andrew King,jasonguerra@example.net,33,0,0,3,2025-10-24,Computer Vision Course 26,7,1,22
25,495,24,2026-06-05,29.38,2005,85.33,2,Nicolas Hernandez,cindy80@example.net,30,0,0,0,2025-12-28,Computer Vision Course 24,5,2,21
26,963,7,2026-06-03,40.59,2042,44.46,1,Gina Collins,bakertheresa@example.org,26,1,1,1,2024-09-07,Data Science Course 7,6,1,62
27,686,5,2024-09-17,53.23,4767,51.24,4,Stacey Deleon,wgarcia@example.com,25,0,1,7,2026-04-04,Computer Vision Course 5,6,1,55
28,176,7,2025-09-25,86.64,4988,64.59,2,Caitlin Hodges,daryljohnson@example.org,22,1,2,2,2025-11-22,Data Science Course 7,6,1,62
29,286,13,2025-03-20,84.77,1254,74.57,4,Lisa Hopkins,joseph32@example.net,22,1,2,1,2024-09-26,SQL Course 13,7,1,41
30,441,6,2024-12-11,81.02,1840,87.97,3,Steven Warner,jennifercarr@example.org,30,0,1,6,2026-05-20,Python Course 6,2,1,11
31,91,18,2025-02-13,48.81,115,71.87,2,Lynn White,wnichols@example.com,24,1,2,3,2024-09-10,Machine Learning Course 18,0,0,25
32,61,44,2024-08-08,37.58,4725,69.88,2,Charles Hartman,thomasnina@example.com,18,1,1,1,2026-06-16,Computer Vision Course 44,1,2,29
33,265,19,2025-05-30,39.42,2514,82.0,4,Caitlin Kelly,chad72@example.org,18,1,0,4,2025-02-13,Machine Learning Course 19,0,0,37
34,791,38,2025-05-26,44.48,4830,71.57,4,Dylan Martin,michellestewart@example.net,24,1,2,0,2025-01-02,Computer Vision Course 38,4,0,32
35,300,17,2025-07-26,81.96,289,98.16,3,Nicole Edwards,davidbrown@example.com,30,0,2,3,2025-07-18,Deep Learning Course 17,1,0,22
36,725,2,2025-12-02,74.7,645,47.24,3,Jenny Collins MD,tduke@example.net,18,1,2,1,2024-12-21,Data Science Course 2,1,0,41
37,696,16,2025-08-11,67.53,1931,47.16,2,Joshua Calderon,epowers@example.net,33,1,0,4,2025-03-28,Deep Learning Course 16,5,0,68
38,167,31,2026-05-04,39.17,2779,77.67,2,Marie Price,stephaniepark@example.net,35,0,2,7,2025-05-22,Computer Vision Course 31,4,0,67
39,367,10,2024-10-09,73.6,4733,61.92,3,Jason Ball,oharrell@example.com,30,0,1,1,2025-10-28,Python Course 10,6,2,10
40,418,7,2025-03-17,81.31,3490,51.01,3,Kimberly Scott,jenna55@example.net,23,1,1,0,2025-09-08,Data Science Course 7,6,1,62
41,392,10,2025-11-10,60.74,3090,80.27,2,Albert Brown,davenporthunter@example.org,28,0,1,2,2024-10-29,Python Course 10,6,2,10
42,930,19,2024-10-26,41.43,1896,43.33,3,Justin Hudson,douglas95@example.com,24,1,2,2,2026-05-04,Machine Learning Course 19,0,0,37
43,649,39,2024-11-04,82.63,674,64.85,5,Patrick Johnson,solomonjennifer@example.net,33,0,1,0,2026-04-15,Power BI Course 39,4,2,33
44,839,10,2026-06-09,20.76,3106,48.5,4,Annette Miller,randyoneal@example.net,35,0,1,6,2025-08-11,Python Course 10,6,2,10
45,269,29,2024-11-26,76.68,593,50.32,4,Chad Krause,yallen@example.com,24,0,0,3,2025-06-19,Data Science Course 29,2,2,62
46,274,49,2024-09-05,98.81,1973,40.72,2,Mr. Matthew Bruce,evanaguilar@example.com,18,1,2,6,2026-03-07,SQL Course 49,4,1,62
47,400,5,2024-11-11,80.91,2150,87.78,5,Joseph Garza,cesarnunez@example.com,29,0,0,1,2024-08-15,Computer Vision Course 5,6,1,55
48,390,7,2025-06-22,96.11,1300,97.44,1,Jim Aguirre,folson@example.net,23,0,0,5,2025-01-14,Data Science Course 7,6,1,62
49,390,35,2026-05-04,43.27,275,45.54,5,Jim Aguirre,folson@example.net,23,0,0,5,2025-01-14,NLP Course 35,1,0,70
50,374,3,2026-06-20,72.25,1649,43.93,1,Kellie Williams,teresasanchez@example.org,25,1,2,5,2025-11-12,Python Course 3,3,2,52
51,939,19,2025-02-04,95.7,3475,74.94,2,John Walker,thomas55@example.net,35,0,1,1,2024-11-13,Machine Learning Course 19,0,0,37
52,404,20,2024-11-09,71.82,4576,93.04,3,Jennifer Hughes,jessesmith@example.net,31,0,2,5,2025-11-06,Data Science Course 20,3,1,50
53,429,13,2026-05-15,28.2,3508,43.7,3,Jonathan King,jesus69@example.org,32,1,0,7,2026-04-11,SQL Course 13,7,1,41
54,886,5,2025-08-01,94.57,2024,60.94,1,Tina Turner,kenneth57@example.net,26,0,1,2,2025-02-08,Computer Vision Course 5,6,1,55
55,567,48,2025-08-04,24.73,2408,76.35,5,Kenneth Payne,donna49@example.com,18,1,1,6,2025-03-08,Power BI Course 48,7,2,62
56,685,14,2025-04-19,51.58,2203,43.63,4,Richard Jones,rberry@example.org,25,1,2,6,2025-10-16,Python Course 14,1,1,43
57,440,49,2026-01-16,68.05,2052,96.86,4,Anthony Elliott,tlee@example.org,33,1,2,0,2025-11-08,SQL Course 49,4,1,62
58,44,1,2025-12-22,58.65,1705,85.49,2,Jordan Stewart,xgarrett@example.org,35,0,1,7,2026-06-07,Power BI Course 1,3,1,21
59,185,12,2025-06-04,23.71,136,56.55,3,Gary Martinez,alowe@example.com,32,0,0,6,2025-01-14,Deep Learning Course 12,5,2,57
60,918,22,2024-11-13,26.86,4393,94.13,5,Janet Spencer,courtneywall@example.com,24,1,2,1,2025-12-29,Computer Vision Course 22,0,2,49
61,849,26,2024-10-26,86.19,760,76.98,4,Pamela Garrett,ujenkins@example.net,18,1,0,3,2025-08-01,Computer Vision Course 26,7,1,22
62,710,7,2025-08-29,80.73,2908,95.51,3,Daniel Miller,madams@example.org,20,0,2,0,2024-10-18,Data Science Course 7,6,1,62
63,392,8,2024-11-19,86.93,2766,83.46,1,Albert Brown,davenporthunter@example.org,28,0,1,2,2024-10-29,Python Course 8,1,2,38
64,844,41,2025-09-27,47.59,4591,95.27,2,Amy Lynch,jennifer16@example.net,23,1,0,6,2025-09-11,Machine Learning Course 41,1,2,72
65,766,11,2025-12-08,24.5,2888,41.65,2,Shane Jenkins,ehartman@example.org,28,0,1,3,2026-02-25,SQL Course 11,0,0,15
66,611,16,2025-02-02,26.47,1455,99.02,2,Meghan Henry,jeffshaw@example.com,20,0,2,5,2025-08-11,Deep Learning Course 16,5,0,68
67,622,16,2025-06-28,48.7,4294,67.29,5,Christopher Merritt,gary78@example.net,24,1,2,1,2025-11-15,Deep Learning Course 16,5,0,68
68,554,42,2025-09-06,61.36,617,65.3,5,Morgan Clark,johnjones@example.org,21,1,0,6,2025-03-30,NLP Course 42,0,0,75
69,679,17,2024-12-06,83.12,751,65.56,3,John Williams,nrogers@example.com,22,1,1,2,2024-11-15,Deep Learning Course 17,1,0,22
70,433,31,2024-12-03,96.44,2693,65.53,2,Jose Rocha,james79@example.org,19,1,1,4,2026-01-18,Computer Vision Course 31,4,0,67
71,793,14,2025-10-23,82.58,3891,81.79,3,Brian Perez,smithjulia@example.net,21,1,1,0,2025-10-22,Python Course 14,1,1,43
72,355,20,2026-01-12,68.69,87,61.14,3,Kaitlyn Serrano,ctaylor@example.org,32,0,1,4,2024-12-21,Data Science Course 20,3,1,50
73,141,17,2025-03-26,20.45,2265,66.78,1,Janice Shea,harrelljulie@example.net,34,1,1,7,2025-01-20,Deep Learning Course 17,1,0,22
74,299,47,2025-02-22,97.34,2732,40.05,3,Jamie Perkins,johnsonbenjamin@example.com,35,1,0,1,2025-11-09,SQL Course 47,5,2,40
75,530,47,2025-05-15,67.4,1832,52.33,5,John Smith,haynesstephanie@example.com,25,0,0,0,2025-03-23,SQL Course 47,5,2,40
76,761,17,2025-11-15,35.92,2183,48.76,4,Gina Smith,moodyjessica@example.net,28,1,2,5,2024-11-09,Deep Learning Course 17,1,0,22
77,904,12,2026-02-23,52.13,4115,57.75,5,Gregory Dixon,goodwinterry@example.com,21,1,1,4,2025-03-24,Deep Learning Course 12,5,2,57
78,239,18,2025-08-25,62.74,978,97.49,4,Juan Johnson,jonesgary@example.com,28,0,0,5,2025-04-07,Machine Learning Course 18,0,0,25
79,844,21,2025-10-19,64.67,1183,70.55,5,Amy Lynch,jennifer16@example.net,23,1,0,6,2025-09-11,Data Science Course 21,0,0,66
80,847,8,2025-05-24,64.79,109,84.21,4,Sarah Young,jwilliams@example.net,19,1,0,5,2026-05-12,Python Course 8,1,2,38
81,114,49,2026-03-24,53.99,457,64.86,3,Dr. Faith Moore,andersonnicole@example.com,35,1,2,6,2026-05-26,SQL Course 49,4,1,62
82,482,17,2025-08-14,93.11,2909,94.78,5,Reginald Bautista,fmalone@example.org,27,1,1,5,2025-10-11,Deep Learning Course 17,1,0,22
83,113,1,2026-06-15,70.47,1689,53.66,2,Linda Moreno,joshua95@example.net,25,0,1,1,2025-10-11,Power BI Course 1,3,1,21
84,570,44,2025-06-12,89.68,1286,64.57,5,Matthew Brown,williamrodriguez@example.net,25,0,0,3,2024-08-20,Computer Vision Course 44,1,2,29
85,439,41,2024-12-07,32.96,2155,88.89,5,Jeremy Bishop,daniel46@example.net,21,1,1,3,2024-07-28,Machine Learning Course 41,1,2,72
86,28,32,2026-05-07,69.29,968,40.95,4,Pam Rivera,wilsoneric@example.net,31,0,0,5,2024-10-08,SQL Course 32,2,1,41
87,153,34,2024-08-23,59.07,738,69.27,5,Shannon Wilkerson,thomasstephanie@example.org,33,1,1,0,2024-12-07,SQL Course 34,6,2,57
88,248,14,2025-10-01,80.3,3782,98.69,3,Patrick Cross,thomassandra@example.net,24,1,2,2,2025-12-14,Python Course 14,1,1,43
89,325,19,2025-11-27,37.75,1884,73.14,1,Kathryn Johnson,crystal09@example.net,31,1,1,7,2026-03-27,Machine Learning Course 19,0,0,37
90,963,9,2026-04-11,54.21,4992,68.35,4,Gina Collins,bakertheresa@example.org,26,1,1,1,2024-09-07,SQL Course 9,6,0,47
91,75,36,2025-05-21,69.96,1235,70.67,2,Richard Singleton,salazarkeith@example.net,23,0,1,2,2025-06-08,Computer Vision Course 36,2,0,77
92,154,18,2025-06-13,45.37,1348,82.95,4,Hunter Terry,anthonyguerrero@example.net,18,0,0,7,2025-05-30,Machine Learning Course 18,0,0,25
93,486,44,2024-11-20,31.69,1644,52.56,2,Samuel Baker,markmoran@example.org,21,0,0,4,2025-01-26,Computer Vision Course 44,1,2,29
94,779,40,2026-06-04,95.35,2181,86.9,2,Jennifer Stevenson,jennifer01@example.org,29,1,0,0,2025-11-13,Machine Learning Course 40,2,2,64
95,733,5,2024-11-28,38.81,3949,54.68,2,David Wise,melissabrown@example.com,34,0,1,0,2024-08-13,Computer Vision Course 5,6,1,55
96,121,5,2026-07-13,63.04,4558,52.38,5,Jennifer Cowan,butlerjames@example.org,24,1,2,4,2024-11-15,Computer Vision Course 5,6,1,55
97,461,20,2025-09-12,28.92,4319,58.25,5,Teresa Anthony,danielthornton@example.com,34,1,0,7,2025-12-10,Data Science Course 20,3,1,50
98,5,26,2025-12-19,57.52,517,69.23,4,Mary Valentine,grodriguez@example.net,25,0,0,2,2025-08-15,Computer Vision Course 26,7,1,22
99,686,22,2025-08-26,29.64,1422,62.53,4,Stacey Deleon,wgarcia@example.com,25,0,1,7,2026-04-04,Computer Vision Course 22,0,2,49
100,315,31,2024-08-15,86.39,1621,72.91,3,Katie Morse,bryan97@example.org,24,0,0,2,2025-01-01,Computer Vision Course 31,4,0,67
101,736,25,2025-03-08,80.02,2629,50.88,4,Jennifer Peters,heather38@example.net,22,1,0,6,2025-02-26,Data Science Course 25,7,1,51
102,29,37,2024-08-24,95.48,529,68.3,2,Joshua Wilson,campbellmelissa@example.com,18,1,0,1,2025-09-16,SQL Course 37,0,0,38
103,319,4,2025-03-12,93.61,796,97.98,1,Jacqueline Ballard,patrickbell@example.net,21,0,2,2,2026-03-24,Power BI Course 4,1,0,23
104,56,29,2024-07-17,85.66,2350,55.55,4,Stephanie Duran,karen95@example.org,31,1,1,5,2024-08-07,Data Science Course 29,2,2,62
105,857,15,2026-07-10,25.19,668,49.07,1,Michael Williams,joseph84@example.org,21,0,1,7,2025-01-15,Data Science Course 15,6,1,75
106,475,6,2024-07-28,60.41,2773,69.05,2,Dennis Chen,anthonylynch@example.com,23,0,2,4,2026-03-21,Python Course 6,2,1,11
107,728,20,2025-06-30,30.0,4283,76.49,3,Jesse West,cmorgan@example.org,25,1,1,2,2025-09-03,Data Science Course 20,3,1,50
108,341,32,2025-10-26,59.52,3205,63.06,2,Margaret Daniel,kimberly13@example.org,24,0,0,3,2024-08-22,SQL Course 32,2,1,41
109,145,36,2025-08-28,63.88,3784,40.37,2,Maria Santos,jocelynbrady@example.net,23,0,1,3,2025-09-23,Computer Vision Course 36,2,0,77
110,401,18,2025-06-10,61.93,3706,56.17,5,Amanda Andrade,johnglover@example.org,26,1,1,7,2025-06-01,Machine Learning Course 18,0,0,25
111,300,20,2024-11-24,52.27,1335,99.76,4,Nicole Edwards,davidbrown@example.com,30,0,2,3,2025-07-18,Data Science Course 20,3,1,50
112,148,26,2026-01-12,56.08,3601,40.28,2,Rodney Young,avilarichard@example.net,28,1,1,5,2025-04-03,Computer Vision Course 26,7,1,22
113,738,38,2024-10-11,65.46,2985,71.86,2,Robert Bowers,johnjones@example.com,24,1,0,3,2026-01-15,Computer Vision Course 38,4,0,32
114,247,49,2024-07-20,71.4,1213,90.8,2,Justin Banks,tamara08@example.com,34,0,2,2,2026-04-28,SQL Course 49,4,1,62
115,632,24,2025-12-23,39.77,2971,97.66,1,Misty Stewart,cferguson@example.com,26,1,1,2,2026-06-14,Computer Vision Course 24,5,2,21
116,733,14,2024-08-24,60.29,3377,50.94,3,David Wise,melissabrown@example.com,34,0,1,0,2024-08-13,Python Course 14,1,1,43
117,696,22,2026-03-18,74.65,4755,64.23,4,Joshua Calderon,epowers@example.net,33,1,0,4,2025-03-28,Computer Vision Course 22,0,2,49
118,560,18,2026-02-13,85.14,3036,76.55,3,Jennifer Malone,rhonda12@example.com,19,0,1,6,2026-03-06,Machine Learning Course 18,0,0,25
119,781,44,2025-08-22,71.59,3690,80.14,4,Glenn Hanson,owensshannon@example.net,21,1,1,6,2025-12-15,Computer Vision Course 44,1,2,29
120,968,2,2025-04-24,83.98,475,52.23,1,Laura Reynolds,robertsnicole@example.com,32,0,2,0,2024-09-29,Data Science Course 2,1,0,41
121,291,49,2026-06-06,49.11,1301,85.63,1,Stanley Coleman,jstanton@example.com,26,0,1,2,2026-01-17,SQL Course 49,4,1,62
122,169,29,2026-03-02,92.22,4734,79.22,5,Brandon Shepherd,hughesjames@example.org,30,1,2,7,2025-12-24,Data Science Course 29,2,2,62
123,871,25,2024-10-31,56.33,4699,42.42,4,Dylan Smith,sarah59@example.net,33,0,1,1,2026-01-23,Data Science Course 25,7,1,51
124,718,8,2025-09-08,41.76,3626,41.83,4,Allen Turner,ronaldterrell@example.org,27,0,1,7,2025-01-30,Python Course 8,1,2,38
125,400,14,2024-09-04,34.45,4564,64.47,1,Joseph Garza,cesarnunez@example.com,29,0,0,1,2024-08-15,Python Course 14,1,1,43
126,164,43,2026-07-02,76.09,1878,81.54,2,Cole Freeman PhD,onealgary@example.net,35,1,2,6,2024-11-28,Data Science Course 43,3,2,73
127,912,14,2026-06-29,54.93,3652,52.37,3,Mark Neal,xdavis@example.org,20,0,0,2,2025-04-15,Python Course 14,1,1,43
128,45,32,2024-10-26,72.36,4076,47.58,1,Maria Fernandez,matthew27@example.org,34,0,2,7,2025-09-20,SQL Course 32,2,1,41
129,484,38,2026-04-02,30.78,3125,47.8,5,Scott Bradley,cpeterson@example.com,25,0,1,6,2025-01-12,Computer Vision Course 38,4,0,32
130,939,26,2026-06-13,84.4,407,70.68,5,John Walker,thomas55@example.net,35,0,1,1,2024-11-13,Computer Vision Course 26,7,1,22
131,317,30,2025-02-10,96.2,3839,97.97,1,Theresa Nixon,thompsonbrett@example.com,35,1,2,0,2026-07-05,Machine Learning Course 30,1,2,60
132,153,42,2024-09-21,91.29,660,86.46,3,Shannon Wilkerson,thomasstephanie@example.org,33,1,1,0,2024-12-07,NLP Course 42,0,0,75
133,746,39,2024-11-18,97.64,4608,63.91,3,Justin Jefferson,catherinewolfe@example.net,26,0,1,4,2026-03-30,Power BI Course 39,4,2,33
134,644,11,2026-02-03,86.45,2888,88.96,5,Christopher Mayo,brian68@example.org,23,1,0,4,2025-12-05,SQL Course 11,0,0,15
135,958,33,2025-03-30,21.24,3679,72.13,2,Ronald Chen,natalie64@example.com,29,1,2,7,2026-07-09,Power BI Course 33,7,1,58
136,219,38,2025-08-31,41.59,784,58.08,4,Robert Barrett,emmasmith@example.com,32,1,1,5,2026-03-06,Computer Vision Course 38,4,0,32
137,566,36,2025-07-27,43.04,2707,65.95,3,Kelly Martin,debbie91@example.org,22,0,2,2,2025-12-24,Computer Vision Course 36,2,0,77
138,543,43,2024-09-27,72.74,3636,87.68,2,Michael Howe,kjordan@example.com,24,1,1,1,2025-12-18,Data Science Course 43,3,2,73
139,282,50,2025-07-23,50.0,2476,68.89,5,Christy King,nataliewagner@example.net,24,1,2,5,2025-08-23,Python Course 50,3,1,46
140,846,38,2025-09-12,69.19,3670,49.4,1,Kevin Ruiz,pmartin@example.net,21,1,1,7,2024-11-16,Computer Vision Course 38,4,0,32
141,776,16,2025-03-03,78.55,2230,89.68,2,Alan Castro,colechristian@example.net,24,0,1,5,2025-12-04,Deep Learning Course 16,5,0,68
142,904,37,2025-12-05,99.36,4086,93.14,1,Gregory Dixon,goodwinterry@example.com,21,1,1,4,2025-03-24,SQL Course 37,0,0,38
143,453,23,2025-10-10,52.97,737,66.83,1,Lisa King,fhart@example.com,29,0,2,1,2026-03-06,SQL Course 23,6,1,47
144,285,3,2025-10-18,72.03,2090,94.34,3,Angela Chambers,gelliott@example.net,25,0,1,4,2025-03-29,Python Course 3,3,2,52
145,29,8,2026-01-28,40.55,4745,62.64,2,Joshua Wilson,campbellmelissa@example.com,18,1,0,1,2025-09-16,Python Course 8,1,2,38
146,329,44,2025-11-25,21.21,4097,49.23,3,James Stevenson,cathy21@example.com,29,0,2,1,2025-05-07,Computer Vision Course 44,1,2,29
147,889,6,2025-01-03,42.91,2903,46.8,4,Matthew Young,warrenwilliam@example.net,30,0,2,7,2026-05-07,Python Course 6,2,1,11
148,475,39,2025-11-20,31.23,2900,84.8,5,Dennis Chen,anthonylynch@example.com,23,0,2,4,2026-03-21,Power BI Course 39,4,2,33
149,702,50,2026-04-08,79.92,3074,67.39,2,Kenneth Ibarra,kristen18@example.org,30,1,2,5,2025-04-30,Python Course 50,3,1,46
150,5,25,2025-12-06,56.28,1941,95.27,2,Mary Valentine,grodriguez@example.net,25,0,0,2,2025-08-15,Data Science Course 25,7,1,51
151,703,4,2026-06-02,76.9,4437,49.29,5,John Harper,yvillegas@example.org,25,1,2,0,2025-05-25,Power BI Course 4,1,0,23
152,637,50,2026-01-12,79.18,756,89.56,3,James Anderson,smithjulie@example.net,34,0,0,2,2025-01-17,Python Course 50,3,1,46
153,928,33,2026-04-05,52.25,1562,86.18,2,Dana Henry,scottamy@example.com,32,0,1,7,2026-04-05,Power BI Course 33,7,1,58
154,265,9,2025-06-30,41.58,1881,46.5,4,Caitlin Kelly,chad72@example.org,18,1,0,4,2025-02-13,SQL Course 9,6,0,47
155,199,37,2026-05-29,40.55,3545,50.06,5,Lisa Sullivan,omitchell@example.org,27,1,2,5,2025-10-17,SQL Course 37,0,0,38
156,149,11,2025-07-19,89.58,3409,96.13,3,Laura Mejia,jack82@example.org,28,0,1,3,2025-10-22,SQL Course 11,0,0,15
157,221,2,2024-10-02,91.96,1997,58.21,3,Denise Davis,lisa35@example.net,27,0,0,1,2024-10-23,Data Science Course 2,1,0,41
158,849,28,2024-08-14,23.56,348,98.45,3,Pamela Garrett,ujenkins@example.net,18,1,0,3,2025-08-01,SQL Course 28,5,0,57
159,527,45,2026-05-25,74.12,2746,89.56,4,Sara Maldonado,lindseynichols@example.net,33,0,2,0,2026-06-25,Power BI Course 45,0,1,69
160,98,33,2026-04-20,33.4,315,79.46,5,Robert Johnson,vsmith@example.org,24,0,2,5,2026-03-11,Power BI Course 33,7,1,58
161,645,33,2024-07-28,74.07,1387,77.73,3,Jennifer May,carolmartin@example.com,35,1,2,2,2025-12-18,Power BI Course 33,7,1,58
162,387,49,2025-07-23,28.07,2564,57.2,4,Robert Wright,allisondavis@example.org,27,1,2,2,2026-02-13,SQL Course 49,4,1,62
163,890,29,2025-07-16,21.19,4490,76.76,5,Joseph Garcia,thompsoncatherine@example.net,30,0,2,2,2026-03-21,Data Science Course 29,2,2,62
164,863,43,2025-05-01,25.44,975,87.55,3,Kelly Wright,phillip27@example.org,25,0,2,0,2025-04-02,Data Science Course 43,3,2,73
165,67,34,2024-09-28,90.93,1342,77.02,3,Calvin Ryan,plopez@example.org,20,0,0,3,2024-09-29,SQL Course 34,6,2,57
166,666,29,2026-05-29,44.29,2016,71.6,4,Dawn Griffith,peterhernandez@example.com,31,1,1,6,2025-07-18,Data Science Course 29,2,2,62
167,774,29,2024-12-09,43.65,4967,63.16,1,Mr. Willie Baker DVM,monica58@example.com,20,1,1,6,2025-04-15,Data Science Course 29,2,2,62
168,467,3,2024-12-07,21.21,2345,66.57,1,Ms. Sandra Perez,mmcdonald@example.com,33,0,2,7,2025-08-27,Python Course 3,3,2,52
169,922,21,2024-07-21,59.7,2403,77.25,1,Adrian Jenkins,villanuevazachary@example.com,30,1,1,5,2024-09-16,Data Science Course 21,0,0,66
170,465,35,2025-11-20,30.58,363,76.85,2,Daniel Lang,ibarker@example.net,35,0,2,7,2024-07-19,NLP Course 35,1,0,70
171,452,43,2025-12-26,82.96,3090,75.52,2,Adam White,calvin30@example.net,31,1,0,7,2025-07-02,Data Science Course 43,3,2,73
172,299,18,2025-01-01,69.63,4146,61.24,1,Jamie Perkins,johnsonbenjamin@example.com,35,1,0,1,2025-11-09,Machine Learning Course 18,0,0,25
173,861,29,2024-08-11,52.68,2115,70.28,5,William Brown,mmorales@example.org,30,1,2,5,2025-03-12,Data Science Course 29,2,2,62
174,484,6,2025-11-20,58.58,2869,99.73,5,Scott Bradley,cpeterson@example.com,25,0,1,6,2025-01-12,Python Course 6,2,1,11
175,377,25,2025-04-19,58.73,1607,93.9,5,Carrie Duncan,jcoffey@example.org,24,0,0,3,2025-02-09,Data Science Course 25,7,1,51
176,315,45,2026-05-30,69.36,2365,52.98,1,Katie Morse,bryan97@example.org,24,0,0,2,2025-01-01,Power BI Course 45,0,1,69
177,424,39,2026-02-22,33.57,4207,61.21,2,Robert Zhang,stevenmorgan@example.net,20,0,2,0,2025-11-24,Power BI Course 39,4,2,33
178,678,27,2025-05-26,86.57,3881,51.55,3,Brandon Rhodes Jr.,catherinepittman@example.net,19,1,2,6,2025-08-26,Computer Vision Course 27,5,0,70
179,429,27,2025-04-21,35.05,525,66.49,3,Jonathan King,jesus69@example.org,32,1,0,7,2026-04-11,Computer Vision Course 27,5,0,70
180,130,12,2026-07-07,52.14,861,47.91,5,Paul Moore,mikaylakirk@example.net,28,1,0,3,2025-06-18,Deep Learning Course 12,5,2,57
181,775,4,2025-06-27,68.94,4547,50.16,4,John Wilson,melinda38@example.com,22,1,0,0,2026-06-19,Power BI Course 4,1,0,23
182,301,7,2026-05-08,44.19,1835,94.45,2,Carol Miller,hwatson@example.com,35,1,0,6,2025-09-14,Data Science Course 7,6,1,62
183,408,40,2025-09-02,93.96,504,96.51,1,Shannon Stewart,tfranco@example.org,23,0,2,6,2024-12-09,Machine Learning Course 40,2,2,64
184,468,31,2025-03-01,26.26,301,59.9,5,Christopher Murphy,ohenson@example.net,29,1,1,7,2025-05-08,Computer Vision Course 31,4,0,67
185,522,11,2025-01-10,69.46,1949,43.42,2,Michael Carpenter,aandersen@example.org,20,0,2,1,2025-08-08,SQL Course 11,0,0,15
186,129,34,2025-05-19,87.03,890,94.84,4,Ashley Bond,emilygibson@example.com,18,0,0,1,2026-03-27,SQL Course 34,6,2,57
187,950,16,2024-12-27,90.24,765,80.33,5,Jennifer Martinez,jonestodd@example.org,23,1,2,4,2026-07-06,Deep Learning Course 16,5,0,68
188,785,34,2025-10-11,36.45,1286,48.45,5,John Anthony,lozanojessica@example.org,25,1,2,5,2026-06-10,SQL Course 34,6,2,57
189,985,22,2025-11-26,37.42,617,55.41,5,Wyatt Johnson,lopezjamie@example.org,29,1,0,4,2025-12-10,Computer Vision Course 22,0,2,49
190,653,50,2025-04-09,32.8,3365,86.8,5,Jason Kennedy,eduardo15@example.org,28,0,2,5,2024-11-25,Python Course 50,3,1,46
191,315,10,2025-02-06,54.1,2354,84.41,5,Katie Morse,bryan97@example.org,24,0,0,2,2025-01-01,Python Course 10,6,2,10
192,427,44,2025-03-06,46.44,4330,59.23,5,Ashley Gibson,walkerelizabeth@example.org,26,0,2,6,2026-03-22,Computer Vision Course 44,1,2,29
193,550,11,2026-07-03,82.03,3160,63.6,2,Micheal Summers,jocelynsanchez@example.org,25,0,2,2,2026-04-10,SQL Course 11,0,0,15
194,1,20,2026-02-21,65.97,4753,75.1,2,Clifford Dickerson,johnsonrita@example.com,32,0,1,1,2025-07-23,Data Science Course 20,3,1,50
195,688,48,2026-05-05,69.38,2679,74.35,1,Kelly Torres,shawn80@example.org,27,1,1,3,2025-08-21,Power BI Course 48,7,2,62
196,892,2,2026-03-27,23.61,1544,90.66,4,Jessica Boone,wbeltran@example.net,23,1,0,2,2026-06-25,Data Science Course 2,1,0,41
197,878,10,2025-10-23,92.99,4868,85.06,4,Amy Lee,nsullivan@example.org,22,1,1,7,2026-02-26,Python Course 10,6,2,10
198,921,13,2025-08-08,53.05,3913,92.97,5,Teresa Bryant,josephrussell@example.net,28,1,1,5,2025-04-03,SQL Course 13,7,1,41
199,436,1,2026-05-28,72.55,2653,90.57,4,William Moore,holmesedward@example.com,19,0,0,4,2026-01-11,Power BI Course 1,3,1,21
200,594,21,2025-12-09,50.67,4475,58.4,2,Jennifer Greene,nrusso@example.org,34,0,0,3,2025-07-27,Data Science Course 21,0,0,66
201,647,1,2026-01-22,45.13,3074,52.41,1,Kelly Parsons,rachael00@example.net,28,0,0,4,2026-07-02,Power BI Course 1,3,1,21
202,782,22,2026-03-28,67.07,826,71.47,1,Matthew Marshall,anthonyolson@example.net,28,1,0,4,2024-09-23,Computer Vision Course 22,0,2,49
203,11,44,2025-09-15,73.37,3833,89.68,2,George Durham,hansenanna@example.net,26,0,2,4,2025-10-05,Computer Vision Course 44,1,2,29
204,45,26,2024-08-06,99.72,3705,41.97,3,Maria Fernandez,matthew27@example.org,34,0,2,7,2025-09-20,Computer Vision Course 26,7,1,22
205,938,40,2025-07-27,49.65,3184,64.93,5,Jacqueline Rodriguez,peter10@example.net,33,0,0,6,2026-01-09,Machine Learning Course 40,2,2,64
206,346,7,2026-02-13,31.0,834,56.99,2,Nicholas Lee,amy51@example.org,34,1,2,0,2026-02-12,Data Science Course 7,6,1,62
207,269,1,2024-11-26,32.71,1173,85.34,1,Chad Krause,yallen@example.com,24,0,0,3,2025-06-19,Power BI Course 1,3,1,21
208,179,11,2024-10-08,73.88,1563,86.95,3,Jennifer Roberts,jenniferjones@example.org,31,1,2,0,2025-07-17,SQL Course 11,0,0,15
209,758,45,2025-08-30,82.53,2929,91.97,4,Katie Morgan,richjoshua@example.net,29,0,1,6,2024-08-01,Power BI Course 45,0,1,69
210,311,5,2025-09-30,78.93,1200,97.58,3,Joseph Shaw,hannahfernandez@example.net,29,1,2,2,2024-12-22,Computer Vision Course 5,6,1,55
211,228,39,2026-02-09,98.51,1355,58.13,3,Renee Thompson,thompsonlauren@example.org,22,0,1,6,2025-09-07,Power BI Course 39,4,2,33
212,609,28,2026-07-11,28.99,4394,69.67,2,Tina Moore,hollanddebra@example.com,25,1,0,7,2025-02-02,SQL Course 28,5,0,57
213,652,3,2026-01-29,53.01,108,57.26,1,Jose Scott,hillmark@example.org,32,1,2,3,2025-08-13,Python Course 3,3,2,52
214,724,46,2025-03-25,28.87,3238,41.55,2,Vanessa Zamora,davidthornton@example.org,18,1,2,4,2025-03-20,NLP Course 46,3,0,48
215,670,37,2025-08-22,59.72,2137,66.19,5,Brianna Smith,salinasedward@example.com,33,0,2,3,2024-07-21,SQL Course 37,0,0,38
216,907,38,2025-01-03,66.92,1212,74.01,5,Robert Smith,jacksonbrian@example.org,20,0,0,5,2025-09-16,Computer Vision Course 38,4,0,32
217,208,1,2025-04-23,73.15,686,71.24,3,Michael Hughes,williamcohen@example.com,32,1,0,7,2025-03-09,Power BI Course 1,3,1,21
218,416,36,2025-02-24,88.29,1110,70.51,2,Ashley Brown,jesse37@example.org,18,0,1,6,2026-01-17,Computer Vision Course 36,2,0,77
219,994,33,2025-01-25,20.06,326,85.27,2,Peter Maxwell,evansmaria@example.net,29,1,2,0,2025-11-15,Power BI Course 33,7,1,58
220,964,14,2025-11-17,73.71,2692,41.96,4,Matthew Townsend MD,blackjames@example.com,34,1,2,7,2025-02-09,Python Course 14,1,1,43
221,229,1,2024-10-29,63.72,3579,53.46,3,Rodney Johnson,nicholasphillips@example.net,34,1,0,2,2025-08-14,Power BI Course 1,3,1,21
222,949,18,2025-04-09,40.15,2166,46.6,5,Jamie Moore,michelle42@example.com,26,1,2,7,2025-08-01,Machine Learning Course 18,0,0,25
223,765,43,2025-08-10,66.6,4312,44.28,4,Kenneth Campos,theodorewilliams@example.net,27,0,2,6,2024-10-11,Data Science Course 43,3,2,73
224,780,44,2024-09-24,69.03,1471,72.71,2,Tina Padilla,michaelcooper@example.net,29,0,0,0,2025-09-26,Computer Vision Course 44,1,2,29
225,120,5,2024-08-10,48.33,302,53.69,4,Ashley Kelley,michelletaylor@example.org,18,0,2,4,2026-02-20,Computer Vision Course 5,6,1,55
226,120,48,2024-12-21,73.33,3192,79.09,1,Ashley Kelley,michelletaylor@example.org,18,0,2,4,2026-02-20,Power BI Course 48,7,2,62
227,632,30,2024-09-21,96.71,1738,71.44,1,Misty Stewart,cferguson@example.com,26,1,1,2,2026-06-14,Machine Learning Course 30,1,2,60
228,90,26,2024-11-19,77.55,3456,53.61,3,Marissa Young,waterscassie@example.com,28,1,0,6,2024-07-18,Computer Vision Course 26,7,1,22
229,333,28,2026-04-02,26.75,388,83.88,3,Joshua Houston,ecraig@example.net,18,0,1,6,2024-10-15,SQL Course 28,5,0,57
230,255,44,2024-07-17,71.74,326,58.76,1,Emily Carpenter,davistyler@example.org,34,1,0,5,2026-03-03,Computer Vision Course 44,1,2,29
231,208,8,2025-09-27,32.01,2068,84.19,2,Michael Hughes,williamcohen@example.com,32,1,0,7,2025-03-09,Python Course 8,1,2,38
232,595,44,2025-01-06,61.28,2288,67.1,3,Charles Chen,rdavis@example.org,24,0,2,6,2024-10-18,Computer Vision Course 44,1,2,29
233,56,29,2025-09-24,29.76,3455,47.85,4,Stephanie Duran,karen95@example.org,31,1,1,5,2024-08-07,Data Science Course 29,2,2,62
234,118,20,2025-09-16,93.81,801,91.58,2,Alicia Williams,zcunningham@example.com,23,1,2,5,2025-09-20,Data Science Course 20,3,1,50
235,571,25,2025-01-06,49.28,2539,71.46,2,Tyler Hudson,ymorgan@example.net,22,0,2,2,2026-02-09,Data Science Course 25,7,1,51
236,259,16,2025-12-17,23.76,3168,97.11,3,Monica Andrews,susan00@example.net,29,1,2,5,2025-11-11,Deep Learning Course 16,5,0,68
237,53,8,2026-06-29,55.38,1794,57.45,1,Robin Hughes,grimestyler@example.org,34,1,1,4,2025-07-12,Python Course 8,1,2,38
238,338,48,2026-03-21,91.86,2648,84.94,1,Michael Trevino,toni63@example.org,29,0,2,6,2025-07-11,Power BI Course 48,7,2,62
239,463,21,2024-11-24,75.04,3786,73.78,4,Lisa Kim,chelseydiaz@example.net,34,1,1,1,2025-06-25,Data Science Course 21,0,0,66
240,582,5,2025-10-15,46.49,1392,65.6,4,Jodi Calderon,jenna50@example.org,23,0,1,0,2024-09-11,Computer Vision Course 5,6,1,55
241,421,21,2024-10-13,21.81,2223,48.54,4,Laura Mcbride,kristastout@example.net,27,1,0,6,2024-08-21,Data Science Course 21,0,0,66
242,186,18,2026-03-23,41.64,621,61.53,5,Jennifer Parks,williamsjason@example.net,27,1,2,6,2025-08-16,Machine Learning Course 18,0,0,25
243,514,37,2025-08-16,34.97,4427,97.15,5,Samantha Gomez,racheljackson@example.com,19,0,2,0,2025-03-16,SQL Course 37,0,0,38
244,181,34,2026-01-11,30.04,4003,79.71,5,Brian Mcconnell,jamesdixon@example.net,28,1,1,7,2026-04-02,SQL Course 34,6,2,57
245,936,18,2025-01-14,79.52,1208,80.7,1,Michelle Rich MD,sydney86@example.org,34,0,2,4,2026-03-20,Machine Learning Course 18,0,0,25
246,938,7,2024-12-06,43.8,548,56.31,4,Jacqueline Rodriguez,peter10@example.net,33,0,0,6,2026-01-09,Data Science Course 7,6,1,62
247,123,10,2026-06-29,30.24,2404,72.42,5,Justin Bennett,steven14@example.org,28,1,0,6,2026-04-07,Python Course 10,6,2,10
248,709,21,2024-09-26,83.98,2062,71.58,5,Lisa Cole,andreamoss@example.net,22,1,0,7,2025-10-22,Data Science Course 21,0,0,66
249,905,22,2025-08-25,66.57,3382,43.48,4,James Paul,kathleen97@example.org,24,0,1,3,2024-12-02,Computer Vision Course 22,0,2,49
250,958,30,2026-05-19,44.45,1303,57.76,1,Ronald Chen,natalie64@example.com,29,1,2,7,2026-07-09,Machine Learning Course 30,1,2,60
251,477,7,2025-12-23,88.19,3994,60.03,5,Rachel Solomon,crosbyjermaine@example.com,30,1,0,2,2024-07-22,Data Science Course 7,6,1,62
252,726,37,2026-01-24,27.15,1153,58.17,1,Beth Acosta,erinavery@example.org,22,1,0,2,2024-12-14,SQL Course 37,0,0,38
253,782,27,2024-11-28,52.75,4090,98.04,4,Matthew Marshall,anthonyolson@example.net,28,1,0,4,2024-09-23,Computer Vision Course 27,5,0,70
254,788,7,2024-12-15,75.42,2242,53.98,4,Allison Martinez,autumnlittle@example.org,32,1,1,2,2026-02-12,Data Science Course 7,6,1,62
255,113,21,2024-11-29,89.97,1282,48.89,1,Linda Moreno,joshua95@example.net,25,0,1,1,2025-10-11,Data Science Course 21,0,0,66
256,333,19,2026-04-11,50.74,3089,91.55,2,Joshua Houston,ecraig@example.net,18,0,1,6,2024-10-15,Machine Learning Course 19,0,0,37
257,208,31,2025-12-06,67.26,3408,78.54,2,Michael Hughes,williamcohen@example.com,32,1,0,7,2025-03-09,Computer Vision Course 31,4,0,67
258,534,11,2024-12-10,23.9,4877,49.5,4,Patricia Lopez,shannonmckinney@example.net,18,0,0,4,2024-08-22,SQL Course 11,0,0,15
259,303,43,2025-07-03,97.97,1103,69.74,5,Katie Zavala,johnathanhobbs@example.com,25,1,1,3,2024-08-29,Data Science Course 43,3,2,73
260,998,20,2025-07-23,66.27,3488,52.47,4,Robert Hughes,bethking@example.net,27,0,2,3,2024-09-24,Data Science Course 20,3,1,50
261,393,10,2025-06-16,65.53,1111,47.43,5,Tiffany Welch,haroldpowell@example.org,31,0,0,1,2024-09-02,Python Course 10,6,2,10
262,996,8,2026-05-23,35.83,683,69.84,2,Lauren Miller,stacie65@example.com,33,1,2,6,2025-07-10,Python Course 8,1,2,38
263,288,9,2025-07-30,94.88,1097,46.44,4,Kathryn Contreras,larry32@example.org,31,1,1,1,2024-12-18,SQL Course 9,6,0,47
264,996,10,2024-07-14,89.31,2011,62.18,3,Lauren Miller,stacie65@example.com,33,1,2,6,2025-07-10,Python Course 10,6,2,10
265,44,39,2024-08-23,89.79,3356,51.38,2,Jordan Stewart,xgarrett@example.org,35,0,1,7,2026-06-07,Power BI Course 39,4,2,33
266,45,11,2026-03-27,29.8,2322,51.52,4,Maria Fernandez,matthew27@example.org,34,0,2,7,2025-09-20,SQL Course 11,0,0,15
267,797,3,2025-10-27,74.55,3515,55.3,2,Steven Carpenter,fballard@example.org,30,1,1,6,2026-04-10,Python Course 3,3,2,52
268,829,19,2026-04-08,50.14,1682,67.46,4,Michele Green,christine13@example.org,23,0,1,3,2024-08-29,Machine Learning Course 19,0,0,37
269,730,23,2025-09-25,45.15,2422,70.71,2,Tracy Williams DDS,roytimothy@example.net,24,0,0,2,2025-03-16,SQL Course 23,6,1,47
270,978,15,2024-08-18,90.79,3371,89.01,2,Shawna Scott MD,jennifersanchez@example.net,24,1,0,5,2024-11-29,Data Science Course 15,6,1,75
271,27,9,2026-03-01,43.83,4729,82.21,3,Ashley Lawrence,claytonwilliam@example.com,28,0,0,1,2025-03-13,SQL Course 9,6,0,47
272,975,14,2024-11-03,85.55,899,41.9,3,Dean Bailey,salazarrichard@example.com,30,0,0,4,2025-07-04,Python Course 14,1,1,43
273,234,45,2026-01-21,65.92,127,99.81,5,Mackenzie Bush,kenneth17@example.com,26,0,1,6,2024-12-31,Power BI Course 45,0,1,69
274,811,5,2025-11-24,41.07,2411,94.36,4,Bryan Silva,nfigueroa@example.net,21,1,2,6,2025-09-21,Computer Vision Course 5,6,1,55
275,880,47,2024-12-01,38.03,1793,73.67,5,Jessica Williams,thomasstafford@example.com,30,1,0,4,2025-02-09,SQL Course 47,5,2,40
276,879,27,2024-08-04,96.12,517,59.78,1,Madeline Jackson,perezpaul@example.net,21,1,0,2,2025-02-12,Computer Vision Course 27,5,0,70
277,820,41,2025-02-25,55.54,3620,99.33,4,Robert Page,latoyanovak@example.org,26,1,1,3,2024-07-28,Machine Learning Course 41,1,2,72
278,57,39,2024-12-06,46.27,3521,55.44,1,Ronald Ortiz,amanda87@example.org,31,1,0,1,2026-01-21,Power BI Course 39,4,2,33
279,167,36,2024-12-24,81.61,3210,94.54,4,Marie Price,stephaniepark@example.net,35,0,2,7,2025-05-22,Computer Vision Course 36,2,0,77
280,201,43,2025-10-28,31.18,986,83.16,1,Andrew Delacruz,flynnmarcus@example.com,20,0,2,3,2025-07-30,Data Science Course 43,3,2,73
281,620,7,2025-02-15,84.01,3898,64.37,5,Melvin Mitchell,jonesdonna@example.net,25,1,2,7,2024-09-27,Data Science Course 7,6,1,62
282,351,37,2026-01-02,88.63,4342,77.37,1,Colleen Juarez,joshuaallen@example.com,27,1,0,5,2024-08-10,SQL Course 37,0,0,38
283,876,12,2025-01-24,55.19,199,41.1,3,Brittany Lester,johnsonrobert@example.com,27,0,1,7,2026-05-09,Deep Learning Course 12,5,2,57
284,870,22,2025-05-24,70.83,1238,42.54,2,Rebecca Briggs,brianburnett@example.org,32,1,0,4,2024-11-13,Computer Vision Course 22,0,2,49
285,858,8,2025-12-19,40.3,954,53.93,4,Dakota Williams,ucochran@example.org,29,1,2,5,2026-03-02,Python Course 8,1,2,38
286,360,38,2025-09-18,59.57,4083,68.21,2,Abigail White,megansmith@example.com,35,1,1,2,2025-07-21,Computer Vision Course 38,4,0,32
287,391,21,2025-10-25,64.9,4477,97.18,4,Ricky Gonzalez,terrence79@example.org,32,1,0,1,2025-03-27,Data Science Course 21,0,0,66
288,398,2,2024-08-25,71.32,1372,79.86,2,Ricardo Garcia,tmorris@example.net,31,0,0,5,2025-10-18,Data Science Course 2,1,0,41
289,594,23,2025-10-20,68.5,4550,52.07,3,Jennifer Greene,nrusso@example.org,34,0,0,3,2025-07-27,SQL Course 23,6,1,47
290,534,24,2024-10-27,44.49,1021,43.99,3,Patricia Lopez,shannonmckinney@example.net,18,0,0,4,2024-08-22,Computer Vision Course 24,5,2,21
291,96,33,2026-05-27,27.24,298,56.33,5,Jennifer Crawford,david27@example.com,18,1,1,7,2025-03-24,Power BI Course 33,7,1,58
292,122,14,2026-01-29,37.43,3732,69.92,4,Reginald Russell,carcher@example.com,19,0,1,0,2026-01-11,Python Course 14,1,1,43
293,896,41,2025-01-16,28.52,1192,95.48,4,Linda Collins,starkamanda@example.com,21,0,2,7,2025-01-15,Machine Learning Course 41,1,2,72
294,214,15,2024-07-22,94.61,4735,57.42,5,Sarah Figueroa,christopherward@example.net,18,1,1,2,2025-09-14,Data Science Course 15,6,1,75
295,956,2,2026-05-07,79.43,2191,64.24,3,Michaela Day,rsmith@example.org,23,1,1,3,2025-09-04,Data Science Course 2,1,0,41
296,635,45,2026-06-12,91.06,3052,75.02,3,Ralph Carpenter,tiffany02@example.net,30,0,1,7,2025-10-08,Power BI Course 45,0,1,69
297,960,30,2026-03-25,86.47,2767,99.97,3,Mr. Michael Smith,amber55@example.org,20,0,2,3,2025-01-19,Machine Learning Course 30,1,2,60
298,477,14,2025-02-20,27.3,1824,48.65,4,Rachel Solomon,crosbyjermaine@example.com,30,1,0,2,2024-07-22,Python Course 14,1,1,43
299,508,44,2025-10-13,28.29,397,73.36,3,Olivia Hensley,meganjenkins@example.org,28,1,1,6,2026-05-07,Computer Vision Course 44,1,2,29
300,391,50,2025-10-25,35.5,2070,70.34,3,Ricky Gonzalez,terrence79@example.org,32,1,0,1,2025-03-27,Python Course 50,3,1,46
301,543,29,2024-09-15,92.11,4876,91.44,2,Michael Howe,kjordan@example.com,24,1,1,1,2025-12-18,Data Science Course 29,2,2,62
302,800,45,2025-03-22,85.34,3989,84.04,1,Steven Johnson,michaelmaddox@example.com,19,1,0,2,2025-02-01,Power BI Course 45,0,1,69
303,492,40,2024-11-22,81.86,808,62.54,5,Mario Lopez,clementssean@example.com,21,0,1,4,2025-12-23,Machine Learning Course 40,2,2,64
304,126,12,2026-05-10,70.1,2125,68.51,3,Derrick Park,hillbrandy@example.org,20,0,0,6,2026-02-26,Deep Learning Course 12,5,2,57
305,706,28,2025-10-22,80.61,1190,76.48,5,John Richardson,angela49@example.com,33,0,2,7,2025-02-18,SQL Course 28,5,0,57
306,355,5,2025-07-24,82.81,628,55.49,5,Kaitlyn Serrano,ctaylor@example.org,32,0,1,4,2024-12-21,Computer Vision Course 5,6,1,55
307,32,33,2026-04-10,41.36,1137,55.76,3,Renee Burns,pattersonantonio@example.com,33,1,2,7,2024-11-15,Power BI Course 33,7,1,58
308,499,40,2026-05-22,49.55,1801,59.59,5,Michaela Brown,kevin19@example.com,26,1,0,2,2026-03-08,Machine Learning Course 40,2,2,64
309,196,22,2026-06-17,47.67,3152,44.43,1,Andre Nguyen,pjackson@example.org,20,0,0,0,2025-01-09,Computer Vision Course 22,0,2,49
310,619,12,2025-12-10,66.27,3076,84.07,1,Cynthia Elliott,wcook@example.com,31,1,0,7,2025-05-05,Deep Learning Course 12,5,2,57
311,948,46,2026-03-15,50.61,406,62.21,3,David Cruz,tonyasanders@example.org,25,0,0,3,2025-02-03,NLP Course 46,3,0,48
312,900,33,2024-11-16,42.7,1839,90.88,5,Ashley Young,zachary88@example.com,21,0,2,3,2026-02-24,Power BI Course 33,7,1,58
313,473,18,2025-05-16,41.5,1719,88.4,3,Stephen Bailey,kenneth56@example.net,31,0,2,1,2026-03-08,Machine Learning Course 18,0,0,25
314,338,43,2026-02-21,86.6,2252,87.22,2,Michael Trevino,toni63@example.org,29,0,2,6,2025-07-11,Data Science Course 43,3,2,73
315,791,10,2025-08-12,56.36,2304,50.53,1,Dylan Martin,michellestewart@example.net,24,1,2,0,2025-01-02,Python Course 10,6,2,10
316,709,23,2025-03-27,73.63,3315,82.56,2,Lisa Cole,andreamoss@example.net,22,1,0,7,2025-10-22,SQL Course 23,6,1,47
317,736,7,2025-01-16,47.15,2484,81.38,1,Jennifer Peters,heather38@example.net,22,1,0,6,2025-02-26,Data Science Course 7,6,1,62
318,486,4,2024-09-01,98.35,2535,68.79,3,Samuel Baker,markmoran@example.org,21,0,0,4,2025-01-26,Power BI Course 4,1,0,23
319,993,26,2026-03-19,41.09,1761,75.37,2,Robert Norton,hooveralyssa@example.net,27,1,1,4,2026-06-18,Computer Vision Course 26,7,1,22
320,993,31,2025-05-18,70.39,2751,53.12,3,Robert Norton,hooveralyssa@example.net,27,1,1,4,2026-06-18,Computer Vision Course 31,4,0,67
321,789,5,2024-08-12,76.13,390,50.2,3,Brandy Joseph,wellstravis@example.org,22,1,2,7,2024-10-09,Computer Vision Course 5,6,1,55
322,511,32,2026-05-09,99.75,1123,84.73,3,Mary Costa DDS,robert58@example.net,23,1,1,0,2026-03-09,SQL Course 32,2,1,41
323,142,32,2024-07-30,99.17,1577,59.1,2,Kathy Mckenzie,james27@example.org,33,0,2,7,2025-10-17,SQL Course 32,2,1,41
324,773,47,2026-04-11,57.41,1273,79.46,5,Gina Burch,michaelwu@example.com,35,0,1,2,2025-10-14,SQL Course 47,5,2,40
325,734,6,2025-05-19,85.8,4602,68.11,4,Robert Richmond,williamsrichard@example.net,20,0,0,3,2024-08-01,Python Course 6,2,1,11
326,978,47,2025-10-05,94.01,2717,99.7,5,Shawna Scott MD,jennifersanchez@example.net,24,1,0,5,2024-11-29,SQL Course 47,5,2,40
327,369,21,2024-09-16,52.94,1761,64.38,5,Mary Avila,hpatton@example.org,29,0,0,5,2025-12-12,Data Science Course 21,0,0,66
328,774,16,2026-06-15,38.01,2043,82.74,3,Mr. Willie Baker DVM,monica58@example.com,20,1,1,6,2025-04-15,Deep Learning Course 16,5,0,68
329,612,17,2025-10-16,72.28,3003,85.34,1,Donald Carter,ebrown@example.org,29,1,1,2,2026-01-29,Deep Learning Course 17,1,0,22
330,648,21,2025-03-17,25.15,1303,97.23,2,Jessica Woods,jasmine92@example.com,25,1,0,2,2025-06-18,Data Science Course 21,0,0,66
331,609,24,2025-11-19,76.07,2087,90.24,1,Tina Moore,hollanddebra@example.com,25,1,0,7,2025-02-02,Computer Vision Course 24,5,2,21
332,845,12,2026-07-07,27.77,4822,57.14,1,John Rodgers,natalie21@example.org,19,1,1,6,2025-05-23,Deep Learning Course 12,5,2,57
333,214,35,2025-07-16,64.49,4217,94.17,1,Sarah Figueroa,christopherward@example.net,18,1,1,2,2025-09-14,NLP Course 35,1,0,70
334,714,13,2025-08-15,73.4,1797,43.53,5,Carl Robertson,johndaniel@example.org,19,1,1,6,2026-04-17,SQL Course 13,7,1,41
335,59,22,2025-11-22,60.84,1146,89.37,2,Katelyn Gentry,zpeterson@example.com,19,0,0,3,2024-12-31,Computer Vision Course 22,0,2,49
336,352,38,2024-10-18,44.05,93,86.61,5,Kevin Chandler,kimberlyjohnson@example.net,25,0,1,3,2025-06-26,Computer Vision Course 38,4,0,32
337,38,11,2025-05-31,89.77,2046,55.72,3,Benjamin Silva,wallaceisaiah@example.net,19,1,0,2,2025-11-26,SQL Course 11,0,0,15
338,800,9,2025-10-14,53.43,4935,96.12,5,Steven Johnson,michaelmaddox@example.com,19,1,0,2,2025-02-01,SQL Course 9,6,0,47
339,59,46,2026-01-12,20.82,4516,50.19,5,Katelyn Gentry,zpeterson@example.com,19,0,0,3,2024-12-31,NLP Course 46,3,0,48
340,537,9,2024-12-01,53.12,158,73.27,5,Gregory Olson,brett75@example.org,24,1,2,1,2024-09-08,SQL Course 9,6,0,47
341,87,6,2024-07-16,97.81,2553,54.22,4,Paul Burgess,pcooper@example.org,27,1,2,1,2026-01-09,Python Course 6,2,1,11
342,404,35,2025-05-04,32.23,2712,44.38,4,Jennifer Hughes,jessesmith@example.net,31,0,2,5,2025-11-06,NLP Course 35,1,0,70
343,803,12,2025-12-04,51.72,3947,98.89,1,Casey Martinez,zhogan@example.net,24,1,2,5,2025-01-20,Deep Learning Course 12,5,2,57
344,689,35,2025-05-08,77.04,1055,43.55,2,Sandra Hoffman,jchen@example.com,18,0,2,1,2025-06-19,NLP Course 35,1,0,70
345,664,49,2025-05-03,35.37,1154,60.24,5,Ashley Ward,huberchristina@example.com,23,0,0,1,2024-09-02,SQL Course 49,4,1,62
346,477,14,2024-12-21,58.25,893,69.36,3,Rachel Solomon,crosbyjermaine@example.com,30,1,0,2,2024-07-22,Python Course 14,1,1,43
347,77,35,2025-11-19,80.1,4747,42.81,3,Clifford Robbins,gloria07@example.com,20,0,0,7,2025-12-06,NLP Course 35,1,0,70
348,894,36,2026-02-19,68.76,2335,70.15,2,Adam Little,lhurley@example.net,27,0,0,2,2025-10-04,Computer Vision Course 36,2,0,77
349,444,35,2026-03-22,27.8,451,44.6,5,John Sparks,matthewbrown@example.net,31,0,1,0,2025-01-07,NLP Course 35,1,0,70
350,722,4,2026-04-18,62.35,491,94.93,2,Craig Brooks,voliver@example.net,28,0,1,2,2025-10-19,Power BI Course 4,1,0,23
351,988,32,2026-01-21,74.93,3008,94.34,1,Jonathan Jackson,kelly34@example.net,34,1,1,1,2025-08-28,SQL Course 32,2,1,41
352,17,28,2025-10-15,78.57,3283,59.32,2,Laura French,daviscarmen@example.org,34,0,2,6,2024-11-26,SQL Course 28,5,0,57
353,124,13,2025-03-08,24.39,1743,69.72,4,Cheryl Wolfe,lori58@example.org,24,1,2,4,2024-11-16,SQL Course 13,7,1,41
354,981,21,2026-01-18,22.25,1183,75.25,4,Juan Carey,nknight@example.net,28,1,0,3,2025-07-23,Data Science Course 21,0,0,66
355,805,41,2025-09-04,46.9,3562,72.09,5,Madison Green,sarahosborn@example.com,20,1,0,1,2025-11-09,Machine Learning Course 41,1,2,72
356,102,18,2025-11-06,86.22,3839,42.37,5,Christine Gonzalez,mooremario@example.org,35,1,2,2,2025-10-27,Machine Learning Course 18,0,0,25
357,401,8,2025-08-22,37.94,2459,95.99,2,Amanda Andrade,johnglover@example.org,26,1,1,7,2025-06-01,Python Course 8,1,2,38
358,512,22,2024-08-07,46.64,1574,75.15,4,Beth Whitney,paulmcmahon@example.com,30,0,1,0,2024-09-09,Computer Vision Course 22,0,2,49
359,13,30,2025-03-03,56.4,3348,48.37,2,Jennifer Hart,lauren81@example.com,26,1,0,4,2026-01-05,Machine Learning Course 30,1,2,60
360,713,41,2025-11-29,44.25,4477,98.93,1,Darlene Turner,jonesjames@example.net,31,1,2,3,2026-07-12,Machine Learning Course 41,1,2,72
361,576,14,2025-06-14,82.62,3819,56.47,5,Mary Landry,vanessa37@example.org,33,0,0,4,2025-09-06,Python Course 14,1,1,43
362,183,49,2024-11-29,54.66,1294,71.0,5,Ashley Brown,hinesstephen@example.org,32,0,1,3,2025-12-16,SQL Course 49,4,1,62
363,934,30,2025-02-08,60.96,591,63.02,2,Harold Duran,epacheco@example.com,18,0,1,1,2025-10-19,Machine Learning Course 30,1,2,60
364,581,10,2024-09-17,62.01,3275,41.37,3,Joshua Bradford,bblair@example.com,27,1,0,1,2025-05-28,Python Course 10,6,2,10
365,610,47,2025-10-20,79.31,1734,68.77,2,Alexander Johnston,willielewis@example.com,19,1,1,4,2026-01-21,SQL Course 47,5,2,40
366,40,18,2024-12-07,68.92,774,59.84,5,Thomas Dixon,bkelley@example.net,20,1,0,4,2025-10-06,Machine Learning Course 18,0,0,25
367,414,43,2024-10-19,64.27,784,49.99,3,Timothy Lopez,paul75@example.com,29,0,1,4,2024-09-25,Data Science Course 43,3,2,73
368,376,13,2025-11-24,39.84,1301,64.93,1,Daniel Cunningham,orichardson@example.com,27,1,0,7,2025-04-12,SQL Course 13,7,1,41
369,969,16,2024-08-25,66.48,4818,57.24,5,Cindy Copeland,ellisonjennifer@example.org,21,1,1,0,2025-11-11,Deep Learning Course 16,5,0,68
370,933,50,2024-09-25,96.57,365,79.67,4,Katie Allen,ortizchristine@example.net,31,1,0,1,2025-04-02,Python Course 50,3,1,46
371,524,46,2026-03-08,55.94,2436,74.26,3,Lauren Howard,walter27@example.org,19,1,0,1,2024-09-10,NLP Course 46,3,0,48
372,453,11,2024-09-28,26.74,3947,60.89,1,Lisa King,fhart@example.com,29,0,2,1,2026-03-06,SQL Course 11,0,0,15
373,979,22,2026-05-03,40.18,488,85.57,4,Isaiah Ramos,spencebryan@example.net,26,0,0,2,2025-04-29,Computer Vision Course 22,0,2,49
374,319,29,2026-06-07,46.19,3276,85.01,2,Jacqueline Ballard,patrickbell@example.net,21,0,2,2,2026-03-24,Data Science Course 29,2,2,62
375,634,34,2025-03-07,67.3,3418,42.26,5,Bryce Middleton,smithtom@example.net,20,0,1,2,2025-10-25,SQL Course 34,6,2,57
376,894,15,2025-07-20,74.07,3586,81.27,4,Adam Little,lhurley@example.net,27,0,0,2,2025-10-04,Data Science Course 15,6,1,75
377,435,31,2026-05-03,46.03,4599,45.88,2,Judy Bennett,dquinn@example.org,22,1,1,0,2024-12-19,Computer Vision Course 31,4,0,67
378,654,38,2024-09-06,76.27,1719,79.97,3,Lisa Parker,william38@example.net,35,1,1,0,2026-07-08,Computer Vision Course 38,4,0,32
379,646,9,2025-09-04,94.27,2915,42.37,3,Latasha Mcbride,michaelwallace@example.com,32,1,2,3,2025-08-21,SQL Course 9,6,0,47
380,67,34,2024-08-09,46.42,2958,63.84,3,Calvin Ryan,plopez@example.org,20,0,0,3,2024-09-29,SQL Course 34,6,2,57
381,494,35,2025-01-20,28.24,1370,51.74,5,John Lee,lisa57@example.net,21,1,1,6,2024-07-17,NLP Course 35,1,0,70
382,309,47,2025-08-29,87.11,4336,74.12,2,Kimberly Smith,julialevy@example.org,25,0,1,3,2025-06-03,SQL Course 47,5,2,40
383,568,43,2024-08-17,40.39,3769,47.6,3,Carolyn Watson,davidtyler@example.com,20,0,1,2,2024-08-03,Data Science Course 43,3,2,73
384,155,25,2025-06-09,37.37,2344,93.87,4,Charles Davis,weberjeffery@example.org,31,1,0,7,2025-02-10,Data Science Course 25,7,1,51
385,829,9,2024-11-27,70.35,4836,96.11,3,Michele Green,christine13@example.org,23,0,1,3,2024-08-29,SQL Course 9,6,0,47
386,815,42,2026-04-03,71.65,4681,49.78,3,Kara Hayes,william88@example.com,31,1,0,0,2025-08-01,NLP Course 42,0,0,75
387,679,24,2025-12-17,76.92,1153,74.03,2,John Williams,nrogers@example.com,22,1,1,2,2024-11-15,Computer Vision Course 24,5,2,21
388,394,2,2024-10-11,90.4,617,59.95,4,Vanessa Cabrera,jaredwalker@example.net,24,0,0,4,2025-06-30,Data Science Course 2,1,0,41
389,174,35,2024-12-20,89.08,4141,75.18,3,Laura Wolfe,alejandrowalton@example.com,29,1,1,5,2026-02-01,NLP Course 35,1,0,70
390,592,28,2024-10-07,31.48,3194,59.47,3,Megan Horn,saraberry@example.com,29,1,1,7,2025-08-13,SQL Course 28,5,0,57
391,26,50,2024-12-11,88.56,305,50.12,3,Jasmine Perry,david03@example.net,31,1,0,1,2025-06-24,Python Course 50,3,1,46
392,497,42,2025-10-04,62.47,2587,73.22,3,Michael Cain,kevinbrooks@example.org,18,1,2,6,2025-02-04,NLP Course 42,0,0,75
393,15,19,2025-10-03,79.47,4036,53.55,4,John Rice,jasonho@example.com,27,1,1,6,2024-12-14,Machine Learning Course 19,0,0,37
394,860,6,2024-09-29,73.56,835,97.42,4,Joyce Johnson,arodriguez@example.com,28,0,0,7,2026-02-06,Python Course 6,2,1,11
395,558,11,2026-05-12,63.41,4405,85.43,1,Stephen Vaughan,oturner@example.com,22,1,0,6,2025-10-20,SQL Course 11,0,0,15
396,294,14,2025-12-25,23.41,83,63.67,5,Dean Wyatt,vrodriguez@example.org,35,0,0,6,2026-01-02,Python Course 14,1,1,43
397,75,22,2024-07-17,20.43,3091,75.32,2,Richard Singleton,salazarkeith@example.net,23,0,1,2,2025-06-08,Computer Vision Course 22,0,2,49
398,643,38,2024-11-28,97.89,1998,82.07,2,William Harris,fbrowning@example.org,21,0,2,1,2026-04-18,Computer Vision Course 38,4,0,32
399,634,38,2025-09-27,41.03,73,56.95,2,Bryce Middleton,smithtom@example.net,20,0,1,2,2025-10-25,Computer Vision Course 38,4,0,32
400,812,8,2025-07-19,59.64,3238,90.88,5,Patricia Bennett,smiller@example.net,30,1,2,6,2024-07-25,Python Course 8,1,2,38
401,486,10,2024-11-18,66.69,2757,58.27,5,Samuel Baker,markmoran@example.org,21,0,0,4,2025-01-26,Python Course 10,6,2,10
402,948,46,2026-02-02,82.08,710,45.45,2,David Cruz,tonyasanders@example.org,25,0,0,3,2025-02-03,NLP Course 46,3,0,48
403,483,27,2025-01-18,55.05,659,44.54,3,Phillip Davis,stephaniebrown@example.net,25,1,0,1,2025-04-25,Computer Vision Course 27,5,0,70
404,171,9,2024-08-31,79.7,4651,67.24,3,Adrian Bradshaw,pwilliams@example.com,27,1,0,6,2025-08-24,SQL Course 9,6,0,47
405,175,14,2024-07-31,31.8,843,60.84,3,Valerie Romero,xlynch@example.org,33,1,1,5,2026-06-19,Python Course 14,1,1,43
406,380,6,2024-12-01,59.14,2394,88.81,2,Steven Maynard,townsendpeter@example.org,28,1,0,7,2026-06-29,Python Course 6,2,1,11
407,834,6,2025-11-04,93.99,1069,65.46,2,Robert Mendoza,iward@example.com,18,0,1,7,2025-02-27,Python Course 6,2,1,11
408,620,26,2025-10-01,96.97,1819,82.62,2,Melvin Mitchell,jonesdonna@example.net,25,1,2,7,2024-09-27,Computer Vision Course 26,7,1,22
409,149,23,2025-01-17,86.15,2713,79.94,5,Laura Mejia,jack82@example.org,28,0,1,3,2025-10-22,SQL Course 23,6,1,47
410,805,29,2025-01-30,98.93,2421,73.28,2,Madison Green,sarahosborn@example.com,20,1,0,1,2025-11-09,Data Science Course 29,2,2,62
411,237,48,2024-08-02,22.36,2018,42.2,3,Robert Nelson,teresaallen@example.com,22,0,2,1,2024-09-18,Power BI Course 48,7,2,62
412,730,36,2026-03-06,48.17,109,98.76,5,Tracy Williams DDS,roytimothy@example.net,24,0,0,2,2025-03-16,Computer Vision Course 36,2,0,77
413,711,38,2025-03-18,48.18,180,51.77,2,Andrea Mccoy,bradley99@example.org,22,0,1,7,2024-07-13,Computer Vision Course 38,4,0,32
414,909,1,2026-04-30,37.5,644,65.82,5,Marvin Zamora,george64@example.net,33,1,1,4,2025-10-14,Power BI Course 1,3,1,21
415,205,47,2025-10-15,70.57,2574,96.21,3,Stephanie Bailey,mooremelanie@example.net,22,0,2,0,2024-09-01,SQL Course 47,5,2,40
416,230,50,2025-03-28,24.37,3906,67.62,1,Maurice Garcia,colemanjennifer@example.com,19,0,1,0,2025-07-01,Python Course 50,3,1,46
417,353,44,2025-04-07,46.33,4823,81.44,2,Stacy Arroyo,silvaanthony@example.net,25,1,1,6,2024-08-25,Computer Vision Course 44,1,2,29
418,160,30,2026-03-14,32.67,2157,93.9,4,William Martinez,kwheeler@example.org,35,0,1,6,2026-03-04,Machine Learning Course 30,1,2,60
419,591,30,2026-04-01,82.87,4440,85.92,2,Stephanie Paul,johnmalone@example.com,26,1,2,7,2026-06-21,Machine Learning Course 30,1,2,60
420,248,24,2025-07-08,90.0,1456,86.58,4,Patrick Cross,thomassandra@example.net,24,1,2,2,2025-12-14,Computer Vision Course 24,5,2,21
421,151,24,2025-12-07,91.94,1847,85.52,2,James Nelson,williamskaren@example.com,29,1,1,0,2025-08-10,Computer Vision Course 24,5,2,21
422,941,36,2025-12-06,24.43,4619,47.57,4,Christian Thompson,cooleymichael@example.net,20,1,0,6,2026-04-02,Computer Vision Course 36,2,0,77
423,768,41,2024-11-22,95.74,4563,79.11,3,Dr. Cynthia Huerta MD,jeremycole@example.org,20,1,1,1,2025-12-23,Machine Learning Course 41,1,2,72
424,821,39,2025-04-10,32.68,3366,89.23,1,Christopher Miller,medwards@example.com,20,1,0,5,2025-01-06,Power BI Course 39,4,2,33
425,580,34,2025-10-22,53.53,2665,76.04,5,William Wilson,imiller@example.org,31,1,1,6,2025-12-08,SQL Course 34,6,2,57
426,771,9,2025-07-01,56.42,2801,87.74,3,Patricia Armstrong,rollinsvincent@example.com,30,0,1,5,2025-04-20,SQL Course 9,6,0,47
427,192,45,2026-06-26,97.59,834,69.52,5,Jeffrey Smith,ryankellie@example.net,30,1,1,0,2026-03-17,Power BI Course 45,0,1,69
428,613,11,2025-05-11,50.93,3352,87.45,1,Regina Holt,karenbartlett@example.com,23,0,0,2,2024-10-03,SQL Course 11,0,0,15
429,100,12,2025-10-08,86.55,2737,98.11,3,Phillip Robinson,smercado@example.com,33,1,1,0,2025-01-07,Deep Learning Course 12,5,2,57
430,827,8,2026-05-01,39.06,3282,91.97,3,Robin Mccullough,catherinedaniels@example.org,30,1,0,5,2026-04-02,Python Course 8,1,2,38
431,416,27,2026-03-31,63.31,181,75.46,2,Ashley Brown,jesse37@example.org,18,0,1,6,2026-01-17,Computer Vision Course 27,5,0,70
432,135,20,2024-09-10,39.97,2438,65.17,1,Denise Hickman,jameswashington@example.com,20,1,1,4,2025-05-13,Data Science Course 20,3,1,50
433,280,20,2025-07-01,99.81,4376,44.2,5,Susan Davis,yolandabrown@example.com,32,1,1,3,2025-12-21,Data Science Course 20,3,1,50
434,30,33,2026-04-06,59.35,3224,40.9,5,Rebecca Herrera,jacquelinedavis@example.org,31,1,2,5,2025-04-25,Power BI Course 33,7,1,58
435,946,17,2025-06-10,48.32,697,45.42,3,Zachary Sparks,jonesjohn@example.org,30,0,0,3,2025-06-11,Deep Learning Course 17,1,0,22
436,175,20,2024-07-15,33.6,1132,90.25,4,Valerie Romero,xlynch@example.org,33,1,1,5,2026-06-19,Data Science Course 20,3,1,50
437,974,1,2026-04-05,70.97,143,76.01,1,Herbert Jones,summersjames@example.org,22,1,2,3,2024-10-05,Power BI Course 1,3,1,21
438,87,43,2025-01-30,71.89,3469,47.18,4,Paul Burgess,pcooper@example.org,27,1,2,1,2026-01-09,Data Science Course 43,3,2,73
439,541,48,2026-05-18,32.86,2498,58.62,2,William Jimenez,andrew32@example.com,29,0,1,5,2026-01-18,Power BI Course 48,7,2,62
440,502,35,2026-05-30,95.18,3764,84.22,2,Tonya Fernandez,olivia65@example.com,21,1,1,1,2025-08-01,NLP Course 35,1,0,70
441,19,44,2025-08-07,52.35,3560,44.78,3,Troy Jones,lcallahan@example.com,25,1,0,6,2024-12-10,Computer Vision Course 44,1,2,29
442,507,43,2024-11-05,56.77,1712,82.94,5,Chad Stone,jasonroberts@example.com,29,0,2,5,2024-11-23,Data Science Course 43,3,2,73
443,747,27,2026-01-07,68.06,850,97.19,5,Patrick Wagner,ifoster@example.com,34,0,2,0,2025-01-29,Computer Vision Course 27,5,0,70
444,880,39,2025-01-24,20.47,463,47.53,5,Jessica Williams,thomasstafford@example.com,30,1,0,4,2025-02-09,Power BI Course 39,4,2,33
445,763,23,2025-10-21,32.7,3298,55.2,3,Julian Wallace,millergary@example.net,35,0,1,2,2025-09-12,SQL Course 23,6,1,47
446,895,20,2025-09-08,93.27,4030,78.09,4,Lisa Chaney,imcdonald@example.org,30,1,2,3,2024-10-06,Data Science Course 20,3,1,50
447,844,5,2026-05-08,39.58,1485,93.48,4,Amy Lynch,jennifer16@example.net,23,1,0,6,2025-09-11,Computer Vision Course 5,6,1,55
448,3,6,2025-11-07,36.41,3173,74.36,4,Ashley Osborne DDS,michaelsanchez@example.org,22,1,0,5,2024-10-18,Python Course 6,2,1,11
449,758,19,2026-03-18,95.14,2807,56.73,2,Katie Morgan,richjoshua@example.net,29,0,1,6,2024-08-01,Machine Learning Course 19,0,0,37
450,835,39,2026-03-28,37.89,4213,91.29,3,Mr. Thomas Huang MD,rpatterson@example.org,31,0,0,4,2025-02-21,Power BI Course 39,4,2,33
451,934,35,2025-10-26,59.95,3647,62.29,3,Harold Duran,epacheco@example.com,18,0,1,1,2025-10-19,NLP Course 35,1,0,70
452,484,34,2025-02-20,78.33,4137,82.77,1,Scott Bradley,cpeterson@example.com,25,0,1,6,2025-01-12,SQL Course 34,6,2,57
453,429,11,2024-10-08,77.97,873,99.77,1,Jonathan King,jesus69@example.org,32,1,0,7,2026-04-11,SQL Course 11,0,0,15
454,179,21,2025-08-20,78.94,2542,85.22,1,Jennifer Roberts,jenniferjones@example.org,31,1,2,0,2025-07-17,Data Science Course 21,0,0,66
455,410,46,2025-06-26,31.54,2296,56.89,4,Lisa Jones,alexandrapena@example.com,20,0,2,0,2024-08-25,NLP Course 46,3,0,48
456,250,39,2025-11-28,91.71,1503,54.53,2,Pamela Booth,andrew47@example.org,33,1,1,5,2024-11-11,Power BI Course 39,4,2,33
457,168,27,2026-01-31,57.93,4257,91.2,5,Sharon Massey,kurt90@example.org,32,1,2,0,2025-06-10,Computer Vision Course 27,5,0,70
458,80,15,2025-10-17,79.1,3533,92.46,2,Kathy Snyder,mccoyjeremiah@example.net,25,0,2,4,2026-01-29,Data Science Course 15,6,1,75
459,586,42,2024-10-15,58.26,520,54.46,4,Derek Ellis,cgarcia@example.com,19,0,2,2,2025-10-05,NLP Course 42,0,0,75
460,117,5,2024-09-12,93.2,2007,48.49,4,Benjamin Suarez III,wesleyguerrero@example.net,22,0,2,4,2025-12-16,Computer Vision Course 5,6,1,55
461,34,22,2025-07-17,27.42,603,53.34,2,Shawn Tapia,alec76@example.org,31,0,1,1,2024-08-12,Computer Vision Course 22,0,2,49
462,199,41,2026-03-29,88.8,266,68.32,3,Lisa Sullivan,omitchell@example.org,27,1,2,5,2025-10-17,Machine Learning Course 41,1,2,72
463,8,34,2025-06-03,29.19,619,56.37,4,Greg Shaw,daniel29@example.org,24,1,2,7,2024-11-21,SQL Course 34,6,2,57
464,646,12,2026-03-03,37.03,649,41.78,5,Latasha Mcbride,michaelwallace@example.com,32,1,2,3,2025-08-21,Deep Learning Course 12,5,2,57
465,219,10,2025-01-02,52.6,2742,70.62,4,Robert Barrett,emmasmith@example.com,32,1,1,5,2026-03-06,Python Course 10,6,2,10
466,473,31,2024-09-29,69.68,552,73.62,5,Stephen Bailey,kenneth56@example.net,31,0,2,1,2026-03-08,Computer Vision Course 31,4,0,67
467,368,43,2024-08-23,88.61,4907,87.8,4,Tammy Ibarra,cynthiamorris@example.net,20,1,0,3,2025-09-18,Data Science Course 43,3,2,73
468,214,3,2025-07-20,59.87,1951,75.63,5,Sarah Figueroa,christopherward@example.net,18,1,1,2,2025-09-14,Python Course 3,3,2,52
469,923,19,2026-01-11,58.09,4172,52.36,2,Jacob Gutierrez,susanmiller@example.org,34,1,0,2,2026-06-24,Machine Learning Course 19,0,0,37
470,722,20,2025-06-19,48.4,2309,41.1,5,Craig Brooks,voliver@example.net,28,0,1,2,2025-10-19,Data Science Course 20,3,1,50
471,766,4,2025-08-15,23.36,2646,74.62,1,Shane Jenkins,ehartman@example.org,28,0,1,3,2026-02-25,Power BI Course 4,1,0,23
472,48,48,2025-09-11,85.16,3672,87.35,2,Gabriela Smith,cookdaniel@example.net,32,0,2,6,2024-08-27,Power BI Course 48,7,2,62
473,416,46,2025-06-22,80.46,2134,85.0,3,Ashley Brown,jesse37@example.org,18,0,1,6,2026-01-17,NLP Course 46,3,0,48
474,580,11,2025-06-23,28.71,4124,95.4,3,William Wilson,imiller@example.org,31,1,1,6,2025-12-08,SQL Course 11,0,0,15
475,641,16,2025-08-20,36.01,1636,99.95,1,Jeremy Sims,basslori@example.com,30,1,0,7,2025-10-26,Deep Learning Course 16,5,0,68
476,876,22,2026-01-21,33.98,4775,90.54,1,Brittany Lester,johnsonrobert@example.com,27,0,1,7,2026-05-09,Computer Vision Course 22,0,2,49
477,355,47,2026-01-14,92.59,4472,48.02,5,Kaitlyn Serrano,ctaylor@example.org,32,0,1,4,2024-12-21,SQL Course 47,5,2,40
478,419,18,2026-01-25,47.84,2922,91.31,4,Robert Davidson,briannaphillips@example.com,24,0,0,1,2025-02-17,Machine Learning Course 18,0,0,25
479,622,30,2026-03-28,70.78,2260,69.37,3,Christopher Merritt,gary78@example.net,24,1,2,1,2025-11-15,Machine Learning Course 30,1,2,60
480,351,38,2026-05-03,68.67,287,60.34,1,Colleen Juarez,joshuaallen@example.com,27,1,0,5,2024-08-10,Computer Vision Course 38,4,0,32
481,105,39,2024-12-04,68.91,4722,62.5,2,Katherine Gonzalez,laurensullivan@example.com,32,0,1,1,2025-03-28,Power BI Course 39,4,2,33
482,61,1,2025-07-29,55.42,261,66.28,3,Charles Hartman,thomasnina@example.com,18,1,1,1,2026-06-16,Power BI Course 1,3,1,21
483,309,23,2025-02-01,28.23,4942,87.84,4,Kimberly Smith,julialevy@example.org,25,0,1,3,2025-06-03,SQL Course 23,6,1,47
484,103,36,2025-02-27,86.93,4118,43.71,1,Amy Russell,michaelyoung@example.com,35,1,1,6,2024-11-13,Computer Vision Course 36,2,0,77
485,562,15,2025-08-08,51.32,3191,72.43,5,Christina Wise,williamsray@example.org,31,0,1,4,2025-10-05,Data Science Course 15,6,1,75
486,608,27,2025-01-20,33.99,4649,41.26,5,Beth Carrillo,simpsonalexandra@example.com,23,0,0,5,2024-09-16,Computer Vision Course 27,5,0,70
487,850,35,2026-04-20,28.23,1270,82.62,4,Kelli Hawkins,valerie86@example.com,30,1,2,1,2025-11-30,NLP Course 35,1,0,70
488,248,19,2025-05-31,40.4,3607,68.61,2,Patrick Cross,thomassandra@example.net,24,1,2,2,2025-12-14,Machine Learning Course 19,0,0,37
489,770,26,2024-11-01,71.48,3183,57.85,5,Susan Nixon,xtrevino@example.com,34,1,1,2,2024-08-04,Computer Vision Course 26,7,1,22
490,866,43,2026-06-11,29.08,1867,61.37,2,Carrie Raymond,cgray@example.com,31,1,0,0,2024-09-04,Data Science Course 43,3,2,73
491,640,10,2024-11-09,63.1,2256,99.96,2,Kenneth Cameron,msimmons@example.net,34,1,1,4,2025-06-25,Python Course 10,6,2,10
492,651,25,2026-03-11,82.95,759,52.22,1,Charles Moore,susan61@example.net,30,0,0,7,2025-06-29,Data Science Course 25,7,1,51
493,480,26,2025-11-27,64.99,2843,68.62,2,Gregg Jensen,cdaniels@example.org,18,1,2,1,2025-09-16,Computer Vision Course 26,7,1,22
494,719,27,2025-03-09,32.52,1640,64.05,2,Lorraine Monroe,lauriewilliams@example.net,19,1,1,3,2026-06-28,Computer Vision Course 27,5,0,70
495,676,40,2026-06-05,75.6,2073,84.53,4,Caleb Le,dfarrell@example.org,31,1,0,5,2026-02-14,Machine Learning Course 40,2,2,64
496,263,1,2024-12-06,93.05,496,86.24,2,Kathy Mejia,kimlisa@example.com,32,1,1,7,2026-02-01,Power BI Course 1,3,1,21
497,469,4,2025-03-19,94.26,4875,86.61,3,Cory Mcdowell,michael02@example.com,22,0,0,5,2025-08-05,Power BI Course 4,1,0,23
498,704,40,2025-08-31,23.77,2469,87.53,2,Tamara Blake,matthewsjoe@example.com,30,0,2,2,2024-09-16,Machine Learning Course 40,2,2,64
499,745,36,2026-01-21,32.34,1184,65.3,3,Christopher Collins,kayla05@example.com,22,1,0,1,2025-01-03,Computer Vision Course 36,2,0,77
500,671,30,2024-08-29,54.18,2377,46.3,3,Sharon Hernandez,peter40@example.net,25,0,2,6,2026-01-07,Machine Learning Course 30,1,2,60
501,301,35,2025-03-16,28.94,2726,85.47,3,Carol Miller,hwatson@example.com,35,1,0,6,2025-09-14,NLP Course 35,1,0,70
502,793,20,2024-09-18,97.92,3378,80.67,2,Brian Perez,smithjulia@example.net,21,1,1,0,2025-10-22,Data Science Course 20,3,1,50
503,194,29,2024-12-04,87.02,1054,88.04,4,Gregory Downs,whitneycarter@example.com,21,0,0,2,2025-05-19,Data Science Course 29,2,2,62
504,463,6,2025-07-30,90.96,419,52.75,1,Lisa Kim,chelseydiaz@example.net,34,1,1,1,2025-06-25,Python Course 6,2,1,11
505,591,41,2025-02-08,75.36,4553,43.61,3,Stephanie Paul,johnmalone@example.com,26,1,2,7,2026-06-21,Machine Learning Course 41,1,2,72
506,415,26,2024-11-30,84.11,3408,51.56,4,Arthur Goodwin,courtney80@example.com,26,0,1,4,2025-10-28,Computer Vision Course 26,7,1,22
507,473,15,2025-09-20,68.79,416,91.4,5,Stephen Bailey,kenneth56@example.net,31,0,2,1,2026-03-08,Data Science Course 15,6,1,75
508,573,1,2025-06-14,41.87,1946,79.81,5,Alejandro Webb,hbrewer@example.net,25,0,0,2,2025-04-09,Power BI Course 1,3,1,21
509,38,11,2024-09-06,31.34,1816,70.69,1,Benjamin Silva,wallaceisaiah@example.net,19,1,0,2,2025-11-26,SQL Course 11,0,0,15
510,832,43,2026-05-27,88.61,1936,92.52,5,Ryan Kane,lblankenship@example.com,24,1,1,1,2026-01-31,Data Science Course 43,3,2,73
511,338,1,2025-09-29,73.31,2647,43.81,3,Michael Trevino,toni63@example.org,29,0,2,6,2025-07-11,Power BI Course 1,3,1,21
512,739,32,2024-09-23,52.39,2465,99.29,1,James Friedman,vrodriguez@example.net,33,0,2,4,2026-02-09,SQL Course 32,2,1,41
513,658,25,2026-02-09,45.73,450,92.73,2,Emily Small,jacqueline94@example.com,22,0,1,3,2025-06-26,Data Science Course 25,7,1,51
514,314,12,2025-02-25,35.49,2011,80.4,2,Stephanie Davenport,jjohnson@example.net,18,0,1,1,2025-02-27,Deep Learning Course 12,5,2,57
515,781,47,2026-06-02,25.88,2690,90.26,4,Glenn Hanson,owensshannon@example.net,21,1,1,6,2025-12-15,SQL Course 47,5,2,40
516,144,18,2025-11-04,24.0,1245,84.3,3,Taylor Cooley,lramirez@example.net,33,1,0,2,2024-08-06,Machine Learning Course 18,0,0,25
517,632,50,2025-11-21,89.19,4324,95.15,1,Misty Stewart,cferguson@example.com,26,1,1,2,2026-06-14,Python Course 50,3,1,46
518,892,27,2026-02-12,73.33,515,45.45,3,Jessica Boone,wbeltran@example.net,23,1,0,2,2026-06-25,Computer Vision Course 27,5,0,70
519,59,1,2025-12-06,89.8,3919,67.37,5,Katelyn Gentry,zpeterson@example.com,19,0,0,3,2024-12-31,Power BI Course 1,3,1,21
520,108,45,2025-01-15,64.97,4080,69.89,2,Christopher Grimes,teresacohen@example.com,22,0,0,1,2024-09-18,Power BI Course 45,0,1,69
521,405,27,2025-01-08,76.28,4319,43.23,1,William Harris,floresmatthew@example.org,29,1,2,5,2024-11-25,Computer Vision Course 27,5,0,70
522,469,31,2025-04-18,70.46,513,44.56,4,Cory Mcdowell,michael02@example.com,22,0,0,5,2025-08-05,Computer Vision Course 31,4,0,67
523,420,23,2025-03-20,61.9,3319,75.74,3,Samantha Cooper,sandraedwards@example.com,21,0,1,2,2026-06-04,SQL Course 23,6,1,47
524,31,8,2026-02-27,99.41,2642,97.14,4,Theresa Stephenson,zhull@example.org,31,0,2,1,2024-09-05,Python Course 8,1,2,38
525,269,41,2025-11-04,55.27,3384,62.41,1,Chad Krause,yallen@example.com,24,0,0,3,2025-06-19,Machine Learning Course 41,1,2,72
526,521,27,2025-02-27,40.8,1769,55.88,5,Brandon Crawford,wesleymckee@example.org,21,0,1,3,2026-06-24,Computer Vision Course 27,5,0,70
527,801,17,2024-08-29,49.85,2788,53.95,2,Sabrina Zavala,charles03@example.net,29,1,0,7,2025-04-07,Deep Learning Course 17,1,0,22
528,450,43,2025-07-26,94.07,3337,83.31,4,Mrs. Cassandra Fernandez DVM,joycemichael@example.com,30,1,2,4,2025-11-28,Data Science Course 43,3,2,73
529,108,7,2025-07-14,25.84,4517,87.12,1,Christopher Grimes,teresacohen@example.com,22,0,0,1,2024-09-18,Data Science Course 7,6,1,62
530,763,32,2024-12-18,23.6,4687,52.85,2,Julian Wallace,millergary@example.net,35,0,1,2,2025-09-12,SQL Course 32,2,1,41
531,685,23,2026-04-07,78.75,2569,52.55,1,Richard Jones,rberry@example.org,25,1,2,6,2025-10-16,SQL Course 23,6,1,47
532,395,14,2026-02-22,82.26,487,91.4,2,Chelsea Hamilton,perezricky@example.org,25,0,1,1,2025-05-25,Python Course 14,1,1,43
533,564,10,2025-12-14,64.81,1253,76.66,5,Christian Smith,grahambrenda@example.com,28,0,2,5,2024-08-23,Python Course 10,6,2,10
534,606,39,2025-01-08,72.66,614,86.39,2,Michelle Buckley,zhoward@example.org,34,0,2,3,2024-07-22,Power BI Course 39,4,2,33
535,961,48,2025-08-01,51.01,683,70.42,2,Christina Heath,ashleysmith@example.com,32,0,2,0,2025-08-23,Power BI Course 48,7,2,62
536,449,18,2025-11-12,61.51,3815,56.0,2,Christian Burke,ubailey@example.net,35,1,2,3,2026-05-13,Machine Learning Course 18,0,0,25
537,334,39,2025-01-03,56.15,4759,56.72,2,John Kelly,mortonmatthew@example.com,28,1,1,3,2025-03-13,Power BI Course 39,4,2,33
538,644,29,2024-12-21,44.3,4019,85.16,5,Christopher Mayo,brian68@example.org,23,1,0,4,2025-12-05,Data Science Course 29,2,2,62
539,119,25,2026-01-15,82.54,3879,57.54,1,Miguel Williams,lisa81@example.com,28,0,0,5,2024-12-14,Data Science Course 25,7,1,51
540,715,13,2025-09-07,43.06,1392,43.72,2,Jessica Walters,james98@example.org,33,1,2,6,2025-05-26,SQL Course 13,7,1,41
541,541,46,2026-01-13,57.15,1000,84.19,3,William Jimenez,andrew32@example.com,29,0,1,5,2026-01-18,NLP Course 46,3,0,48
542,839,23,2026-06-14,94.78,280,63.9,4,Annette Miller,randyoneal@example.net,35,0,1,6,2025-08-11,SQL Course 23,6,1,47
543,906,45,2025-09-05,20.29,3289,97.61,1,Virginia Rivera,mitchellsonya@example.com,18,0,2,6,2025-10-13,Power BI Course 45,0,1,69
544,94,32,2024-07-23,81.44,1171,52.93,5,Alison Huynh,hudsonsamantha@example.org,32,0,2,5,2025-10-18,SQL Course 32,2,1,41
545,468,20,2025-01-27,46.46,1009,41.16,3,Christopher Murphy,ohenson@example.net,29,1,1,7,2025-05-08,Data Science Course 20,3,1,50
546,879,3,2025-06-01,92.26,1623,97.68,5,Madeline Jackson,perezpaul@example.net,21,1,0,2,2025-02-12,Python Course 3,3,2,52
547,365,3,2026-06-21,44.57,1328,79.91,3,Curtis Stevenson,diana11@example.net,33,0,0,5,2025-06-07,Python Course 3,3,2,52
548,229,16,2025-10-23,65.1,3024,40.53,3,Rodney Johnson,nicholasphillips@example.net,34,1,0,2,2025-08-14,Deep Learning Course 16,5,0,68
549,773,7,2024-07-17,77.11,2416,41.08,2,Gina Burch,michaelwu@example.com,35,0,1,2,2025-10-14,Data Science Course 7,6,1,62
550,405,6,2024-09-08,74.81,1740,78.97,5,William Harris,floresmatthew@example.org,29,1,2,5,2024-11-25,Python Course 6,2,1,11
551,970,44,2024-08-14,70.24,2474,90.1,5,Douglas Scott,staceyestrada@example.com,23,1,1,3,2025-03-19,Computer Vision Course 44,1,2,29
552,683,31,2026-05-03,74.46,274,90.22,5,Andres Thomas,ohernandez@example.org,26,1,2,1,2025-04-12,Computer Vision Course 31,4,0,67
553,66,27,2025-08-13,69.85,1990,82.29,1,Joel Potter,kwhitney@example.net,25,1,0,4,2026-06-02,Computer Vision Course 27,5,0,70
554,851,48,2026-01-15,28.52,2317,58.44,2,Brian Fields,jacqueline19@example.org,22,0,1,3,2025-03-31,Power BI Course 48,7,2,62
555,720,47,2024-12-09,27.33,193,67.26,4,Kristine Torres,coxcory@example.com,21,0,2,2,2025-06-06,SQL Course 47,5,2,40
556,224,46,2024-12-31,49.34,609,78.52,3,Luis Montes,christopher01@example.org,21,0,0,2,2026-05-20,NLP Course 46,3,0,48
557,533,35,2025-03-12,42.59,3266,71.6,1,Daisy Torres,john71@example.org,18,1,1,6,2024-12-11,NLP Course 35,1,0,70
558,768,39,2025-03-14,42.34,190,74.71,3,Dr. Cynthia Huerta MD,jeremycole@example.org,20,1,1,1,2025-12-23,Power BI Course 39,4,2,33
559,1000,14,2024-11-10,68.78,3490,41.23,2,Amanda Short,zthompson@example.org,24,0,1,4,2025-08-18,Python Course 14,1,1,43
560,475,10,2026-05-22,70.72,3314,54.13,2,Dennis Chen,anthonylynch@example.com,23,0,2,4,2026-03-21,Python Course 10,6,2,10
561,27,28,2025-02-19,89.26,4382,80.74,1,Ashley Lawrence,claytonwilliam@example.com,28,0,0,1,2025-03-13,SQL Course 28,5,0,57
562,902,44,2026-05-20,38.3,2185,95.48,5,Monica Brooks,kleinchristopher@example.net,24,0,1,3,2024-11-16,Computer Vision Course 44,1,2,29
563,852,37,2026-07-07,84.28,1712,58.67,5,Denise Stephens,ogonzalez@example.com,24,0,0,5,2025-05-26,SQL Course 37,0,0,38
564,288,3,2025-07-15,76.28,3492,69.29,5,Kathryn Contreras,larry32@example.org,31,1,1,1,2024-12-18,Python Course 3,3,2,52
565,209,42,2025-07-16,43.47,1330,74.29,3,Brenda Lopez,lindseygonzalez@example.net,32,0,0,2,2025-04-09,NLP Course 42,0,0,75
566,976,38,2026-06-03,69.39,4211,55.44,1,James Mcbride,asmith@example.com,28,0,2,4,2026-05-29,Computer Vision Course 38,4,0,32
567,266,1,2025-07-01,71.06,1125,66.89,5,James Bonilla,jeffery90@example.org,18,0,0,3,2025-03-19,Power BI Course 1,3,1,21
568,718,10,2025-04-03,31.36,1270,57.55,5,Allen Turner,ronaldterrell@example.org,27,0,1,7,2025-01-30,Python Course 10,6,2,10
569,249,18,2026-05-09,95.07,4591,79.34,2,Jessica Carrillo,collinsjoshua@example.net,29,1,0,4,2025-04-10,Machine Learning Course 18,0,0,25
570,868,6,2024-11-07,57.87,1673,98.98,2,Vanessa Ross,qhudson@example.org,28,1,0,7,2025-01-23,Python Course 6,2,1,11
571,517,18,2025-11-18,26.22,2906,85.0,2,Elizabeth Harding,wrichardson@example.com,33,0,0,7,2025-04-14,Machine Learning Course 18,0,0,25
572,924,3,2025-10-30,61.0,1841,92.04,5,Kathleen Clark,kellywilliams@example.com,18,0,1,2,2026-03-07,Python Course 3,3,2,52
573,396,16,2026-04-10,96.75,4829,50.3,5,Dr. Christopher Warren DDS,jcrane@example.net,24,1,0,5,2025-05-25,Deep Learning Course 16,5,0,68
574,831,35,2024-10-09,81.41,1062,98.81,1,Stephanie Spencer,william25@example.net,33,1,1,4,2026-04-02,NLP Course 35,1,0,70
575,664,19,2025-02-10,83.61,2285,68.83,1,Ashley Ward,huberchristina@example.com,23,0,0,1,2024-09-02,Machine Learning Course 19,0,0,37
576,729,17,2024-12-11,22.17,2390,68.09,5,Miss Crystal Lee,johnsonshawn@example.org,33,1,2,1,2026-04-20,Deep Learning Course 17,1,0,22
577,728,33,2025-06-30,70.21,4065,84.08,5,Jesse West,cmorgan@example.org,25,1,1,2,2025-09-03,Power BI Course 33,7,1,58
578,658,36,2025-05-12,60.59,2654,50.07,5,Emily Small,jacqueline94@example.com,22,0,1,3,2025-06-26,Computer Vision Course 36,2,0,77
579,259,47,2024-11-10,63.46,4278,50.06,5,Monica Andrews,susan00@example.net,29,1,2,5,2025-11-11,SQL Course 47,5,2,40
580,517,14,2024-12-02,83.3,2198,45.85,3,Elizabeth Harding,wrichardson@example.com,33,0,0,7,2025-04-14,Python Course 14,1,1,43
581,729,5,2025-06-11,72.48,1722,91.84,4,Miss Crystal Lee,johnsonshawn@example.org,33,1,2,1,2026-04-20,Computer Vision Course 5,6,1,55
582,189,27,2024-08-15,96.86,2099,88.37,1,Patricia Ramirez,destiny22@example.org,23,1,0,4,2025-08-25,Computer Vision Course 27,5,0,70
583,238,38,2026-01-09,58.06,4885,75.29,3,Raymond Johnson,petersonryan@example.net,35,0,1,7,2024-08-01,Computer Vision Course 38,4,0,32
584,322,17,2026-04-24,92.3,4516,52.47,4,Benjamin Vaughn,martinmelinda@example.net,33,0,0,2,2024-07-18,Deep Learning Course 17,1,0,22
585,535,22,2024-09-19,44.48,4946,94.77,1,John Smith,melissa10@example.org,21,1,0,7,2026-04-11,Computer Vision Course 22,0,2,49
586,399,49,2025-01-05,80.57,3363,91.77,3,John Massey,davidmontgomery@example.com,33,0,2,1,2025-02-22,SQL Course 49,4,1,62
587,58,36,2025-06-02,53.16,4532,53.97,5,Lindsay Kim,carolgarcia@example.net,31,1,1,2,2025-10-18,Computer Vision Course 36,2,0,77
588,989,30,2025-12-15,89.47,1146,77.16,2,Alexandra Lloyd,fritzerica@example.com,29,0,0,6,2025-06-19,Machine Learning Course 30,1,2,60
589,567,50,2025-04-28,85.72,949,81.31,3,Kenneth Payne,donna49@example.com,18,1,1,6,2025-03-08,Python Course 50,3,1,46
590,126,13,2024-08-10,46.33,3308,53.48,2,Derrick Park,hillbrandy@example.org,20,0,0,6,2026-02-26,SQL Course 13,7,1,41
591,540,32,2025-03-26,33.44,2752,50.94,1,Marvin Snyder,harrellamber@example.com,21,0,1,5,2025-06-18,SQL Course 32,2,1,41
592,822,50,2024-09-28,90.05,730,51.79,5,Isaiah Meyer,colonmelissa@example.com,32,0,2,4,2025-12-12,Python Course 50,3,1,46
593,868,35,2025-03-30,83.51,1617,40.3,1,Vanessa Ross,qhudson@example.org,28,1,0,7,2025-01-23,NLP Course 35,1,0,70
594,583,5,2026-04-15,92.88,2700,68.3,1,Donald Ray,ianarellano@example.net,24,0,0,3,2025-04-08,Computer Vision Course 5,6,1,55
595,2,28,2025-07-06,75.85,2088,59.83,2,Sandra Gonzalez,amandacampos@example.org,32,0,1,7,2024-10-04,SQL Course 28,5,0,57
596,507,36,2024-09-04,44.12,2939,73.13,3,Chad Stone,jasonroberts@example.com,29,0,2,5,2024-11-23,Computer Vision Course 36,2,0,77
597,914,48,2025-08-14,45.33,3169,48.86,2,Emily Benson,knoxrebecca@example.org,20,0,0,0,2025-03-05,Power BI Course 48,7,2,62
598,378,19,2026-02-10,98.35,2903,42.61,5,Julie Thornton,sgriffin@example.com,29,0,0,0,2025-10-07,Machine Learning Course 19,0,0,37
599,576,9,2026-03-10,63.96,2016,49.99,2,Mary Landry,vanessa37@example.org,33,0,0,4,2025-09-06,SQL Course 9,6,0,47
600,284,22,2025-03-28,97.59,4458,47.23,1,Kathleen Horn,daniel52@example.com,18,1,0,6,2026-06-10,Computer Vision Course 22,0,2,49
601,313,30,2025-12-01,85.41,95,95.07,1,Karen Murphy,matthew07@example.org,24,0,1,1,2024-10-30,Machine Learning Course 30,1,2,60
602,300,11,2026-07-12,85.72,439,90.07,4,Nicole Edwards,davidbrown@example.com,30,0,2,3,2025-07-18,SQL Course 11,0,0,15
603,439,46,2026-02-03,84.31,4094,57.94,3,Jeremy Bishop,daniel46@example.net,21,1,1,3,2024-07-28,NLP Course 46,3,0,48
604,385,48,2024-10-15,98.66,1675,64.08,1,Harold Manning,rbarnes@example.net,29,1,0,2,2024-12-08,Power BI Course 48,7,2,62
605,502,17,2024-07-24,33.95,2232,95.63,3,Tonya Fernandez,olivia65@example.com,21,1,1,1,2025-08-01,Deep Learning Course 17,1,0,22
606,591,7,2024-09-28,44.44,959,64.05,5,Stephanie Paul,johnmalone@example.com,26,1,2,7,2026-06-21,Data Science Course 7,6,1,62
607,790,31,2025-11-15,90.69,3792,63.96,1,Stephen Weaver,jgamble@example.org,31,1,1,3,2025-11-15,Computer Vision Course 31,4,0,67
608,493,22,2025-05-03,44.25,1427,48.74,3,Kyle Hull,awilliams@example.com,31,1,1,4,2026-01-20,Computer Vision Course 22,0,2,49
609,194,13,2026-05-01,35.28,4848,45.93,3,Gregory Downs,whitneycarter@example.com,21,0,0,2,2025-05-19,SQL Course 13,7,1,41
610,307,41,2025-09-30,67.63,3347,89.46,1,Phillip Cervantes,teresalane@example.com,22,0,1,3,2025-11-14,Machine Learning Course 41,1,2,72
611,738,44,2025-01-24,67.07,1198,69.83,2,Robert Bowers,johnjones@example.com,24,1,0,3,2026-01-15,Computer Vision Course 44,1,2,29
612,876,40,2025-03-08,63.2,1496,92.92,3,Brittany Lester,johnsonrobert@example.com,27,0,1,7,2026-05-09,Machine Learning Course 40,2,2,64
613,288,44,2025-12-26,46.56,2056,47.66,2,Kathryn Contreras,larry32@example.org,31,1,1,1,2024-12-18,Computer Vision Course 44,1,2,29
614,101,2,2025-11-16,55.31,3504,99.35,3,Frank Vaughn,sarah14@example.net,20,0,2,2,2025-08-21,Data Science Course 2,1,0,41
615,461,18,2025-02-22,80.89,597,81.75,2,Teresa Anthony,danielthornton@example.com,34,1,0,7,2025-12-10,Machine Learning Course 18,0,0,25
616,623,16,2025-07-18,61.06,3098,82.93,2,Jeffrey Mitchell,mrose@example.net,20,1,0,4,2024-10-08,Deep Learning Course 16,5,0,68
617,653,10,2025-11-10,81.37,3973,41.26,3,Jason Kennedy,eduardo15@example.org,28,0,2,5,2024-11-25,Python Course 10,6,2,10
618,105,43,2025-02-18,42.75,1120,47.99,3,Katherine Gonzalez,laurensullivan@example.com,32,0,1,1,2025-03-28,Data Science Course 43,3,2,73
619,856,43,2025-12-29,57.12,4669,95.6,3,Mark Baker,michelejohnson@example.net,18,1,2,6,2025-04-10,Data Science Course 43,3,2,73
620,224,18,2024-07-28,49.55,3260,44.28,4,Luis Montes,christopher01@example.org,21,0,0,2,2026-05-20,Machine Learning Course 18,0,0,25
621,956,23,2025-03-20,49.78,1224,40.99,3,Michaela Day,rsmith@example.org,23,1,1,3,2025-09-04,SQL Course 23,6,1,47
622,392,36,2025-09-19,29.14,3273,50.54,4,Albert Brown,davenporthunter@example.org,28,0,1,2,2024-10-29,Computer Vision Course 36,2,0,77
623,166,22,2025-02-14,29.85,3083,40.84,1,Matthew Gibson,obarnes@example.com,33,1,1,3,2026-04-23,Computer Vision Course 22,0,2,49
624,355,30,2025-12-20,63.65,1871,85.42,5,Kaitlyn Serrano,ctaylor@example.org,32,0,1,4,2024-12-21,Machine Learning Course 30,1,2,60
625,566,29,2025-03-03,28.63,1483,78.56,3,Kelly Martin,debbie91@example.org,22,0,2,2,2025-12-24,Data Science Course 29,2,2,62
626,992,8,2026-05-25,91.92,1302,60.34,2,Jamie Thompson,kevinskinner@example.org,28,1,0,1,2024-10-07,Python Course 8,1,2,38
627,915,48,2026-05-07,96.98,488,99.47,5,Erik Booth,psmith@example.net,34,1,2,4,2024-12-04,Power BI Course 48,7,2,62
628,388,36,2025-08-08,24.61,3555,53.79,3,Brandon Oliver,xcarter@example.org,25,0,1,5,2026-03-30,Computer Vision Course 36,2,0,77
629,223,50,2025-08-27,89.37,4339,89.04,5,Margaret Ballard,ferrelldaniel@example.com,34,1,1,7,2024-07-14,Python Course 50,3,1,46
630,612,43,2024-08-15,86.74,3926,73.57,4,Donald Carter,ebrown@example.org,29,1,1,2,2026-01-29,Data Science Course 43,3,2,73
631,870,22,2026-02-06,93.45,2718,62.11,4,Rebecca Briggs,brianburnett@example.org,32,1,0,4,2024-11-13,Computer Vision Course 22,0,2,49
632,890,7,2025-12-01,22.27,4370,66.06,4,Joseph Garcia,thompsoncatherine@example.net,30,0,2,2,2026-03-21,Data Science Course 7,6,1,62
633,153,50,2025-07-23,83.62,4247,59.02,3,Shannon Wilkerson,thomasstephanie@example.org,33,1,1,0,2024-12-07,Python Course 50,3,1,46
634,281,12,2026-02-27,70.77,897,50.29,1,Jennifer Dunlap,michellenorris@example.net,19,0,2,2,2024-10-27,Deep Learning Course 12,5,2,57
635,111,45,2024-08-13,85.59,1024,49.67,2,Helen Garcia,joseph77@example.com,28,0,2,3,2025-04-23,Power BI Course 45,0,1,69
636,626,17,2025-05-05,32.97,3466,92.44,5,Taylor Lamb,aguilartroy@example.org,30,1,1,0,2025-06-27,Deep Learning Course 17,1,0,22
637,421,3,2025-08-14,90.19,3482,78.58,5,Laura Mcbride,kristastout@example.net,27,1,0,6,2024-08-21,Python Course 3,3,2,52
638,85,22,2024-09-11,97.3,851,85.08,2,Marcus Stanley,williamkrueger@example.org,22,0,1,6,2025-06-06,Computer Vision Course 22,0,2,49
639,696,9,2025-10-02,58.86,2910,55.66,2,Joshua Calderon,epowers@example.net,33,1,0,4,2025-03-28,SQL Course 9,6,0,47
640,192,20,2025-03-19,62.95,2870,60.3,4,Jeffrey Smith,ryankellie@example.net,30,1,1,0,2026-03-17,Data Science Course 20,3,1,50
641,310,30,2024-12-27,91.9,4744,73.48,5,Meghan Lopez,patrickchoi@example.net,32,0,2,0,2025-12-07,Machine Learning Course 30,1,2,60
642,540,24,2025-08-05,22.82,752,95.07,2,Marvin Snyder,harrellamber@example.com,21,0,1,5,2025-06-18,Computer Vision Course 24,5,2,21
643,362,36,2026-07-10,45.8,2423,53.52,5,Michael Carter,jamesrobinson@example.com,33,0,1,1,2025-07-14,Computer Vision Course 36,2,0,77
644,901,29,2025-08-19,56.14,3133,59.34,4,Michael Gonzalez,landryjohn@example.org,20,1,2,4,2024-10-20,Data Science Course 29,2,2,62
645,632,15,2025-11-25,47.45,3039,86.03,5,Misty Stewart,cferguson@example.com,26,1,1,2,2026-06-14,Data Science Course 15,6,1,75
646,898,34,2024-12-16,64.16,2076,82.23,5,Allison Burton,mollyatkinson@example.org,34,0,2,1,2024-11-09,SQL Course 34,6,2,57
647,925,13,2025-05-21,48.56,2591,71.49,3,Ronald Campbell,rebeccahampton@example.org,22,0,0,1,2024-08-08,SQL Course 13,7,1,41
648,965,28,2026-02-01,80.39,3767,67.13,1,Elizabeth Richards,davidclark@example.org,18,0,1,1,2026-01-13,SQL Course 28,5,0,57
649,782,18,2026-06-11,21.59,3804,71.35,1,Matthew Marshall,anthonyolson@example.net,28,1,0,4,2024-09-23,Machine Learning Course 18,0,0,25
650,66,23,2025-02-27,65.59,1113,56.48,3,Joel Potter,kwhitney@example.net,25,1,0,4,2026-06-02,SQL Course 23,6,1,47
651,675,5,2025-09-11,23.05,3820,67.52,5,Phyllis French,elizabeth69@example.org,26,0,0,0,2025-01-23,Computer Vision Course 5,6,1,55
652,434,46,2025-12-06,85.8,868,47.52,5,Charles Melton,wendynguyen@example.com,19,0,0,7,2026-01-18,NLP Course 46,3,0,48
653,602,6,2024-11-09,92.87,4114,90.32,1,Craig Miller,laura40@example.org,20,1,1,5,2024-08-30,Python Course 6,2,1,11
654,672,1,2024-10-08,23.89,2619,88.07,2,Tammy Mcgrath,jessica07@example.org,35,0,1,3,2024-09-15,Power BI Course 1,3,1,21
655,430,21,2024-12-20,46.83,3038,90.68,3,Robert White,michael44@example.org,35,0,0,3,2026-03-10,Data Science Course 21,0,0,66
656,983,15,2025-03-23,70.79,3905,89.72,4,Robert Barnes,robertmorgan@example.net,26,1,2,0,2025-03-05,Data Science Course 15,6,1,75
657,603,37,2026-02-23,58.97,677,81.79,4,Tina Ochoa,cshort@example.net,31,1,1,6,2025-09-23,SQL Course 37,0,0,38
658,901,43,2025-05-30,50.71,3148,67.62,1,Michael Gonzalez,landryjohn@example.org,20,1,2,4,2024-10-20,Data Science Course 43,3,2,73
659,800,12,2025-03-21,41.54,423,44.32,1,Steven Johnson,michaelmaddox@example.com,19,1,0,2,2025-02-01,Deep Learning Course 12,5,2,57
660,740,36,2025-06-11,84.08,1296,61.82,4,Timothy Mcgee,bchristensen@example.net,21,0,0,6,2026-04-06,Computer Vision Course 36,2,0,77
661,174,21,2024-12-21,53.59,3621,91.45,2,Laura Wolfe,alejandrowalton@example.com,29,1,1,5,2026-02-01,Data Science Course 21,0,0,66
662,725,37,2026-03-20,24.2,120,64.85,1,Jenny Collins MD,tduke@example.net,18,1,2,1,2024-12-21,SQL Course 37,0,0,38
663,330,5,2026-01-31,21.74,797,93.32,5,Yvonne Martinez,lisa90@example.org,34,1,0,6,2025-08-17,Computer Vision Course 5,6,1,55
664,82,38,2025-09-13,49.51,4132,53.42,2,Kevin Johnston,amandacook@example.net,32,1,0,0,2025-12-04,Computer Vision Course 38,4,0,32
665,268,43,2025-10-06,47.74,3056,86.2,5,Nathan Diaz DDS,lkim@example.org,21,0,2,1,2024-07-26,Data Science Course 43,3,2,73
666,820,38,2024-10-12,36.81,3321,70.83,1,Robert Page,latoyanovak@example.org,26,1,1,3,2024-07-28,Computer Vision Course 38,4,0,32
667,916,7,2026-04-01,40.16,1444,85.65,1,Carlos Hardy,mroy@example.net,28,1,2,6,2025-09-27,Data Science Course 7,6,1,62
668,446,23,2025-05-16,75.92,3055,40.08,2,Crystal Kim,ktaylor@example.org,30,1,0,0,2026-06-20,SQL Course 23,6,1,47
669,470,26,2026-05-15,94.9,3769,69.08,1,Christopher Davis,cheryl15@example.com,28,0,1,2,2026-06-13,Computer Vision Course 26,7,1,22
670,682,10,2026-02-16,42.49,2987,83.2,4,Sharon Gill,joshua92@example.net,33,1,0,4,2025-03-10,Python Course 10,6,2,10
671,126,19,2024-07-27,63.87,3679,70.63,1,Derrick Park,hillbrandy@example.org,20,0,0,6,2026-02-26,Machine Learning Course 19,0,0,37
672,96,15,2025-08-26,59.75,4275,55.65,5,Jennifer Crawford,david27@example.com,18,1,1,7,2025-03-24,Data Science Course 15,6,1,75
673,539,36,2025-01-03,57.55,3378,57.81,4,Jennifer Byrd,kmoody@example.com,34,0,0,3,2026-02-14,Computer Vision Course 36,2,0,77
674,268,29,2025-02-16,63.16,3914,91.17,3,Nathan Diaz DDS,lkim@example.org,21,0,2,1,2024-07-26,Data Science Course 29,2,2,62
675,704,15,2026-01-31,61.96,1408,61.47,4,Tamara Blake,matthewsjoe@example.com,30,0,2,2,2024-09-16,Data Science Course 15,6,1,75
676,838,28,2026-04-25,41.28,4833,51.14,1,Marissa Bird,hammondcolin@example.com,32,1,1,5,2025-03-05,SQL Course 28,5,0,57
677,879,48,2024-12-08,87.41,4324,67.95,5,Madeline Jackson,perezpaul@example.net,21,1,0,2,2025-02-12,Power BI Course 48,7,2,62
678,141,19,2026-02-19,84.95,1329,49.75,1,Janice Shea,harrelljulie@example.net,34,1,1,7,2025-01-20,Machine Learning Course 19,0,0,37
679,102,10,2025-03-27,31.57,4803,40.93,1,Christine Gonzalez,mooremario@example.org,35,1,2,2,2025-10-27,Python Course 10,6,2,10
680,865,15,2024-11-02,27.6,2115,63.45,4,David Hill,wbowman@example.com,19,1,2,4,2025-10-16,Data Science Course 15,6,1,75
681,428,35,2025-06-02,29.16,2645,88.83,3,Cheryl Novak,jenniferward@example.net,24,1,1,5,2025-06-30,NLP Course 35,1,0,70
682,552,4,2024-10-20,24.73,382,68.3,3,Leslie Alvarado,riveramariah@example.net,21,0,0,4,2026-02-16,Power BI Course 4,1,0,23
683,798,15,2025-05-25,41.83,3918,80.53,4,Carlos Nelson,xkelly@example.net,22,1,0,6,2026-01-16,Data Science Course 15,6,1,75
684,689,11,2026-03-19,20.29,1202,67.35,4,Sandra Hoffman,jchen@example.com,18,0,2,1,2025-06-19,SQL Course 11,0,0,15
685,34,9,2025-05-09,70.63,2416,93.9,1,Shawn Tapia,alec76@example.org,31,0,1,1,2024-08-12,SQL Course 9,6,0,47
686,933,40,2025-04-22,80.16,1281,76.17,1,Katie Allen,ortizchristine@example.net,31,1,0,1,2025-04-02,Machine Learning Course 40,2,2,64
687,747,14,2024-11-10,62.27,2805,84.39,3,Patrick Wagner,ifoster@example.com,34,0,2,0,2025-01-29,Python Course 14,1,1,43
688,315,38,2026-05-23,37.8,861,84.61,1,Katie Morse,bryan97@example.org,24,0,0,2,2025-01-01,Computer Vision Course 38,4,0,32
689,740,23,2026-07-01,69.76,3877,61.79,5,Timothy Mcgee,bchristensen@example.net,21,0,0,6,2026-04-06,SQL Course 23,6,1,47
690,663,18,2024-10-01,62.46,2324,61.24,4,Elizabeth Salinas,coreyrose@example.org,20,0,2,1,2025-03-16,Machine Learning Course 18,0,0,25
691,578,36,2026-05-05,61.12,3962,96.42,4,Victoria Williams,kellis@example.com,32,0,2,1,2024-08-15,Computer Vision Course 36,2,0,77
692,705,36,2025-08-24,51.09,2073,54.68,1,Miranda Stephens,aprilhall@example.com,26,1,2,7,2025-03-22,Computer Vision Course 36,2,0,77
693,3,49,2026-01-09,56.1,443,89.82,3,Ashley Osborne DDS,michaelsanchez@example.org,22,1,0,5,2024-10-18,SQL Course 49,4,1,62
694,458,39,2024-12-16,48.58,1552,42.0,4,Jeanette Montes,tiffanymiller@example.com,20,1,0,6,2026-02-18,Power BI Course 39,4,2,33
695,761,14,2024-12-12,30.48,3340,50.91,1,Gina Smith,moodyjessica@example.net,28,1,2,5,2024-11-09,Python Course 14,1,1,43
696,41,42,2024-12-29,74.8,3359,68.36,1,Kelly Harris,amandahall@example.com,29,1,2,3,2025-10-31,NLP Course 42,0,0,75
697,775,10,2026-04-04,56.41,1549,94.45,2,John Wilson,melinda38@example.com,22,1,0,0,2026-06-19,Python Course 10,6,2,10
698,837,49,2025-08-13,76.02,1343,93.33,2,David Peterson,kristin79@example.org,34,0,1,1,2025-07-23,SQL Course 49,4,1,62
699,780,11,2025-10-23,84.99,2645,72.65,3,Tina Padilla,michaelcooper@example.net,29,0,0,0,2025-09-26,SQL Course 11,0,0,15
700,38,16,2025-02-01,75.4,4411,77.14,3,Benjamin Silva,wallaceisaiah@example.net,19,1,0,2,2025-11-26,Deep Learning Course 16,5,0,68
701,484,9,2025-06-18,25.65,1357,46.93,2,Scott Bradley,cpeterson@example.com,25,0,1,6,2025-01-12,SQL Course 9,6,0,47
702,427,34,2025-08-16,95.34,1048,87.67,5,Ashley Gibson,walkerelizabeth@example.org,26,0,2,6,2026-03-22,SQL Course 34,6,2,57
703,528,16,2025-11-27,93.75,3234,99.87,2,Teresa White,sallyharris@example.com,25,0,1,4,2025-01-29,Deep Learning Course 16,5,0,68
704,993,19,2026-04-07,40.27,1458,80.44,5,Robert Norton,hooveralyssa@example.net,27,1,1,4,2026-06-18,Machine Learning Course 19,0,0,37
705,689,23,2025-11-23,66.09,4350,71.32,1,Sandra Hoffman,jchen@example.com,18,0,2,1,2025-06-19,SQL Course 23,6,1,47
706,118,32,2024-11-28,25.25,1947,56.22,3,Alicia Williams,zcunningham@example.com,23,1,2,5,2025-09-20,SQL Course 32,2,1,41
707,902,43,2025-07-22,52.33,3416,97.63,1,Monica Brooks,kleinchristopher@example.net,24,0,1,3,2024-11-16,Data Science Course 43,3,2,73
708,338,40,2026-02-23,64.85,984,48.96,3,Michael Trevino,toni63@example.org,29,0,2,6,2025-07-11,Machine Learning Course 40,2,2,64
709,476,8,2025-04-12,52.35,259,72.64,5,Debra Anderson,wilsonjonathon@example.org,34,0,0,1,2026-03-11,Python Course 8,1,2,38
710,324,24,2025-11-29,62.38,1420,55.44,4,Janice Brown,matthewcooley@example.org,26,1,0,6,2026-07-06,Computer Vision Course 24,5,2,21
711,263,31,2026-07-04,42.55,990,80.61,5,Kathy Mejia,kimlisa@example.com,32,1,1,7,2026-02-01,Computer Vision Course 31,4,0,67
712,630,34,2025-12-31,39.14,3428,66.49,5,Patricia Clark,coopertravis@example.org,31,1,1,6,2024-10-14,SQL Course 34,6,2,57
713,1000,33,2026-01-08,29.24,1970,73.12,4,Amanda Short,zthompson@example.org,24,0,1,4,2025-08-18,Power BI Course 33,7,1,58
714,715,20,2026-06-06,87.85,945,71.1,4,Jessica Walters,james98@example.org,33,1,2,6,2025-05-26,Data Science Course 20,3,1,50
715,837,11,2026-07-05,90.53,806,59.24,4,David Peterson,kristin79@example.org,34,0,1,1,2025-07-23,SQL Course 11,0,0,15
716,2,36,2026-02-19,84.72,2240,65.21,1,Sandra Gonzalez,amandacampos@example.org,32,0,1,7,2024-10-04,Computer Vision Course 36,2,0,77
717,737,39,2026-01-10,49.22,3329,86.89,5,Shaun Gonzalez,thomasdarren@example.org,29,0,0,1,2025-04-10,Power BI Course 39,4,2,33
718,712,38,2026-02-04,66.14,244,53.1,3,Nathan Lara,thomas51@example.net,29,0,1,4,2025-01-21,Computer Vision Course 38,4,0,32
719,646,21,2025-02-13,31.88,2035,60.6,5,Latasha Mcbride,michaelwallace@example.com,32,1,2,3,2025-08-21,Data Science Course 21,0,0,66
720,598,1,2025-09-09,92.57,3060,80.34,3,John Horne,perezkelli@example.net,26,0,2,1,2024-08-25,Power BI Course 1,3,1,21
721,480,45,2026-05-08,23.04,3413,53.11,2,Gregg Jensen,cdaniels@example.org,18,1,2,1,2025-09-16,Power BI Course 45,0,1,69
722,250,20,2025-08-30,40.3,1706,59.09,2,Pamela Booth,andrew47@example.org,33,1,1,5,2024-11-11,Data Science Course 20,3,1,50
723,953,50,2025-08-13,84.08,2525,53.54,4,Joshua Alexander,brianlopez@example.net,22,1,1,1,2025-03-12,Python Course 50,3,1,46
724,942,41,2024-08-05,63.94,4218,88.79,2,Jill Webb,rasmussenmorgan@example.org,21,1,1,3,2025-04-13,Machine Learning Course 41,1,2,72
725,20,40,2024-10-27,35.57,99,83.82,2,Rebecca Rosales,blakecharles@example.net,28,1,0,6,2025-09-30,Machine Learning Course 40,2,2,64
726,765,28,2026-05-31,28.67,4388,72.15,4,Kenneth Campos,theodorewilliams@example.net,27,0,2,6,2024-10-11,SQL Course 28,5,0,57
727,580,38,2024-10-16,83.43,4007,77.33,5,William Wilson,imiller@example.org,31,1,1,6,2025-12-08,Computer Vision Course 38,4,0,32
728,843,33,2026-01-19,51.33,1604,59.42,3,Sherri Norton,jennifermcconnell@example.net,23,0,0,3,2024-08-04,Power BI Course 33,7,1,58
729,733,28,2025-02-12,46.45,1622,62.4,5,David Wise,melissabrown@example.com,34,0,1,0,2024-08-13,SQL Course 28,5,0,57
730,439,1,2024-11-05,83.97,2931,62.86,2,Jeremy Bishop,daniel46@example.net,21,1,1,3,2024-07-28,Power BI Course 1,3,1,21
731,325,13,2025-07-27,69.14,508,78.94,5,Kathryn Johnson,crystal09@example.net,31,1,1,7,2026-03-27,SQL Course 13,7,1,41
732,365,7,2026-01-07,21.04,2767,75.67,3,Curtis Stevenson,diana11@example.net,33,0,0,5,2025-06-07,Data Science Course 7,6,1,62
733,590,12,2025-10-15,53.33,2057,67.44,2,Bryan Cox,castillosandra@example.com,33,0,1,7,2025-12-09,Deep Learning Course 12,5,2,57
734,434,50,2025-02-08,66.34,531,50.64,3,Charles Melton,wendynguyen@example.com,19,0,0,7,2026-01-18,Python Course 50,3,1,46
735,717,7,2026-06-11,29.35,826,95.3,3,Ryan Williams,xmarks@example.com,32,0,2,7,2026-01-28,Data Science Course 7,6,1,62
736,251,14,2026-05-31,83.31,2953,96.31,2,Jesus Manning,uhall@example.org,18,1,2,3,2024-08-21,Python Course 14,1,1,43
737,745,8,2025-06-20,30.52,483,67.27,2,Christopher Collins,kayla05@example.com,22,1,0,1,2025-01-03,Python Course 8,1,2,38
738,698,9,2025-02-28,45.76,272,80.86,5,Robert Young,nicole47@example.com,29,1,2,7,2024-07-27,SQL Course 9,6,0,47
739,26,11,2025-01-18,82.88,3982,87.55,3,Jasmine Perry,david03@example.net,31,1,0,1,2025-06-24,SQL Course 11,0,0,15
740,282,45,2025-04-29,81.95,2714,81.97,3,Christy King,nataliewagner@example.net,24,1,2,5,2025-08-23,Power BI Course 45,0,1,69
741,85,15,2026-03-01,45.13,3493,56.22,1,Marcus Stanley,williamkrueger@example.org,22,0,1,6,2025-06-06,Data Science Course 15,6,1,75
742,590,19,2024-07-19,67.92,75,96.01,3,Bryan Cox,castillosandra@example.com,33,0,1,7,2025-12-09,Machine Learning Course 19,0,0,37
743,304,46,2025-12-30,20.93,750,68.97,5,Deborah Reed,ttorres@example.org,27,1,1,1,2025-05-14,NLP Course 46,3,0,48
744,864,44,2026-06-03,26.75,3496,75.68,5,Stephanie Smith,timothyolson@example.net,19,1,0,0,2026-07-10,Computer Vision Course 44,1,2,29
745,981,18,2024-10-05,88.99,1510,66.72,3,Juan Carey,nknight@example.net,28,1,0,3,2025-07-23,Machine Learning Course 18,0,0,25
746,661,20,2026-04-21,23.19,4911,63.09,3,Nathan Luna,lferguson@example.org,22,0,2,2,2025-12-31,Data Science Course 20,3,1,50
747,695,41,2026-02-21,89.14,3021,97.84,2,Cynthia Moore,valerie24@example.com,21,0,0,2,2026-06-21,Machine Learning Course 41,1,2,72
748,965,9,2025-02-08,26.59,4029,43.8,1,Elizabeth Richards,davidclark@example.org,18,0,1,1,2026-01-13,SQL Course 9,6,0,47
749,817,29,2026-04-22,71.06,4780,41.93,1,Martha Bernard,daniel37@example.net,32,0,0,1,2026-05-15,Data Science Course 29,2,2,62
750,241,4,2025-07-24,78.98,1348,80.77,1,Ashley Wilson,davidlopez@example.com,29,1,1,5,2025-11-15,Power BI Course 4,1,0,23
751,617,37,2024-12-26,53.39,1585,57.23,1,Margaret Howell,margarethorton@example.org,30,0,2,0,2026-06-29,SQL Course 37,0,0,38
752,809,9,2025-08-11,43.6,544,95.12,3,Alison Martinez,bgordon@example.net,26,0,0,2,2026-06-29,SQL Course 9,6,0,47
753,574,17,2025-10-01,28.64,2102,99.68,3,Brenda Mejia,nicholaswilson@example.org,25,1,1,7,2025-09-23,Deep Learning Course 17,1,0,22
754,674,6,2025-11-30,61.42,2265,99.2,4,Luis Lopez,karen57@example.org,23,1,0,0,2025-03-24,Python Course 6,2,1,11
755,741,26,2025-12-30,24.54,3087,65.72,2,Alyssa Thomas,ryan56@example.net,19,1,2,6,2024-09-07,Computer Vision Course 26,7,1,22
756,426,26,2025-11-23,30.91,3012,66.35,2,Sandra Mora,nsanchez@example.net,26,1,2,3,2025-07-23,Computer Vision Course 26,7,1,22
757,423,46,2025-08-12,94.95,4656,44.69,2,Kristen Watson,matthew37@example.com,30,0,1,2,2025-01-22,NLP Course 46,3,0,48
758,377,41,2025-08-17,68.37,1424,51.82,3,Carrie Duncan,jcoffey@example.org,24,0,0,3,2025-02-09,Machine Learning Course 41,1,2,72
759,624,34,2026-01-03,27.86,3615,83.75,5,Deborah Walker,joseph14@example.net,29,1,2,2,2026-06-16,SQL Course 34,6,2,57
760,563,37,2025-05-16,67.74,4353,51.56,3,Philip White,vcortez@example.com,35,1,1,1,2024-10-22,SQL Course 37,0,0,38
761,420,32,2025-04-14,38.9,129,79.35,1,Samantha Cooper,sandraedwards@example.com,21,0,1,2,2026-06-04,SQL Course 32,2,1,41
762,743,10,2025-12-14,30.47,1346,82.79,5,Amanda Rodriguez,cmccullough@example.org,25,0,0,6,2025-12-11,Python Course 10,6,2,10
763,211,50,2025-10-27,55.98,4483,50.64,1,Angela Taylor,lwatson@example.com,32,0,1,7,2026-04-12,Python Course 50,3,1,46
764,891,18,2024-09-10,25.34,2850,93.9,2,Miss Morgan Jones,nancy30@example.net,32,0,1,4,2025-09-05,Machine Learning Course 18,0,0,25
765,215,43,2026-01-08,58.28,3611,87.52,1,Christina Morales,cynthiagonzalez@example.com,26,0,1,0,2025-11-24,Data Science Course 43,3,2,73
766,18,45,2026-06-24,27.02,509,81.67,1,Linda Webster,andrew18@example.net,19,1,2,1,2025-08-16,Power BI Course 45,0,1,69
767,512,34,2025-06-12,82.4,4347,71.29,3,Beth Whitney,paulmcmahon@example.com,30,0,1,0,2024-09-09,SQL Course 34,6,2,57
768,983,44,2025-03-12,69.08,2590,99.69,2,Robert Barnes,robertmorgan@example.net,26,1,2,0,2025-03-05,Computer Vision Course 44,1,2,29
769,957,48,2025-06-21,67.65,67,85.33,3,Megan Cooper,sheila97@example.com,22,1,1,3,2024-12-30,Power BI Course 48,7,2,62
770,967,40,2025-02-14,78.11,3177,73.32,5,James Lambert,yjohnson@example.com,18,1,1,6,2024-11-22,Machine Learning Course 40,2,2,64
771,643,25,2026-04-13,65.72,2564,81.14,1,William Harris,fbrowning@example.org,21,0,2,1,2026-04-18,Data Science Course 25,7,1,51
772,682,22,2026-01-25,65.71,603,84.31,3,Sharon Gill,joshua92@example.net,33,1,0,4,2025-03-10,Computer Vision Course 22,0,2,49
773,989,26,2026-02-12,28.34,1094,61.93,1,Alexandra Lloyd,fritzerica@example.com,29,0,0,6,2025-06-19,Computer Vision Course 26,7,1,22
774,238,19,2024-08-22,62.18,2592,73.51,1,Raymond Johnson,petersonryan@example.net,35,0,1,7,2024-08-01,Machine Learning Course 19,0,0,37
775,780,42,2025-03-09,83.23,3914,61.67,3,Tina Padilla,michaelcooper@example.net,29,0,0,0,2025-09-26,NLP Course 42,0,0,75
776,559,3,2025-04-19,46.01,3196,50.36,2,Teresa Pearson,walterrubio@example.net,29,0,2,5,2025-10-29,Python Course 3,3,2,52
777,800,10,2026-03-17,49.03,2388,52.42,5,Steven Johnson,michaelmaddox@example.com,19,1,0,2,2025-02-01,Python Course 10,6,2,10
778,828,13,2024-07-25,50.74,4741,75.21,4,Melissa Moore,bryanthompson@example.org,29,1,0,5,2025-11-26,SQL Course 13,7,1,41
779,422,1,2026-05-25,28.87,2455,69.99,4,Donald Hancock,benjaminhale@example.net,23,0,2,5,2025-02-18,Power BI Course 1,3,1,21
780,953,8,2025-07-19,60.85,4457,54.61,4,Joshua Alexander,brianlopez@example.net,22,1,1,1,2025-03-12,Python Course 8,1,2,38
781,813,40,2025-02-19,60.66,1512,73.61,1,Tristan Davidson,jacobsbrittany@example.com,24,1,0,1,2025-06-16,Machine Learning Course 40,2,2,64
782,395,32,2026-07-09,46.84,1265,89.51,3,Chelsea Hamilton,perezricky@example.org,25,0,1,1,2025-05-25,SQL Course 32,2,1,41
783,525,43,2025-01-04,64.29,672,84.86,1,Jeff Gilmore,brianbarton@example.com,18,0,0,1,2026-05-22,Data Science Course 43,3,2,73
784,309,2,2024-12-09,84.34,4648,72.78,3,Kimberly Smith,julialevy@example.org,25,0,1,3,2025-06-03,Data Science Course 2,1,0,41
785,44,34,2024-08-09,86.91,546,95.52,5,Jordan Stewart,xgarrett@example.org,35,0,1,7,2026-06-07,SQL Course 34,6,2,57
786,859,30,2025-08-20,36.65,4361,82.3,5,Evan Baker,leechristopher@example.net,20,1,2,5,2024-08-31,Machine Learning Course 30,1,2,60
787,764,6,2024-10-01,24.29,3371,73.86,5,Michael Schroeder,lewisvanessa@example.net,19,0,2,1,2025-01-06,Python Course 6,2,1,11
788,288,38,2024-12-14,25.54,2460,83.9,3,Kathryn Contreras,larry32@example.org,31,1,1,1,2024-12-18,Computer Vision Course 38,4,0,32
789,209,41,2026-05-27,37.54,1970,64.04,5,Brenda Lopez,lindseygonzalez@example.net,32,0,0,2,2025-04-09,Machine Learning Course 41,1,2,72
790,197,9,2026-03-14,99.64,3561,58.04,4,Sherry Maynard,william07@example.com,30,0,1,7,2025-09-15,SQL Course 9,6,0,47
791,518,6,2026-04-29,23.57,4195,42.18,3,Rebecca Grant,schwartzchristopher@example.com,26,1,2,6,2024-08-12,Python Course 6,2,1,11
792,212,3,2025-07-05,96.77,4430,54.78,3,Kimberly Woodard,douglasking@example.com,27,0,1,4,2024-08-20,Python Course 3,3,2,52
793,349,19,2024-10-18,91.21,1982,61.43,1,Mark Elliott,hendersonsean@example.org,27,0,2,5,2025-06-23,Machine Learning Course 19,0,0,37
794,658,42,2024-10-25,55.92,2871,47.67,2,Emily Small,jacqueline94@example.com,22,0,1,3,2025-06-26,NLP Course 42,0,0,75
795,828,22,2024-08-18,80.62,1042,84.56,2,Melissa Moore,bryanthompson@example.org,29,1,0,5,2025-11-26,Computer Vision Course 22,0,2,49
796,807,8,2024-09-13,37.61,2679,43.81,3,Benjamin Nunez,plewis@example.com,27,1,0,0,2026-03-02,Python Course 8,1,2,38
797,630,10,2025-05-05,68.58,4393,72.36,3,Patricia Clark,coopertravis@example.org,31,1,1,6,2024-10-14,Python Course 10,6,2,10
798,84,9,2024-11-26,96.27,1157,51.24,1,Teresa Brown,wilsonjoshua@example.net,28,0,1,5,2025-12-07,SQL Course 9,6,0,47
799,253,22,2024-09-25,32.38,4518,71.38,1,Cynthia Taylor,kayla36@example.net,26,0,0,1,2025-11-11,Computer Vision Course 22,0,2,49
800,961,41,2025-09-26,69.69,4151,50.32,3,Christina Heath,ashleysmith@example.com,32,0,2,0,2025-08-23,Machine Learning Course 41,1,2,72
801,516,26,2024-12-25,39.25,223,87.91,1,Ryan Olson,camposheather@example.com,19,0,0,7,2024-11-28,Computer Vision Course 26,7,1,22
802,953,46,2025-10-11,31.69,1563,56.95,2,Joshua Alexander,brianlopez@example.net,22,1,1,1,2025-03-12,NLP Course 46,3,0,48
803,655,49,2025-11-18,21.12,575,94.22,5,Steven Curtis,williamware@example.net,34,0,1,3,2025-06-16,SQL Course 49,4,1,62
804,544,32,2024-08-09,37.8,3193,94.81,5,Kimberly Kemp,vlopez@example.net,34,0,1,4,2025-10-23,SQL Course 32,2,1,41
805,601,34,2024-10-13,33.18,4621,81.2,1,Kristina Braun,ffox@example.com,22,1,0,2,2025-02-13,SQL Course 34,6,2,57
806,153,34,2025-05-01,71.14,4741,71.82,1,Shannon Wilkerson,thomasstephanie@example.org,33,1,1,0,2024-12-07,SQL Course 34,6,2,57
807,722,4,2024-08-02,50.7,4127,68.85,5,Craig Brooks,voliver@example.net,28,0,1,2,2025-10-19,Power BI Course 4,1,0,23
808,99,8,2025-01-29,90.16,2219,55.01,2,Kimberly Williams,hicksanthony@example.com,20,0,0,3,2025-09-06,Python Course 8,1,2,38
809,635,6,2026-04-15,91.79,506,96.17,5,Ralph Carpenter,tiffany02@example.net,30,0,1,7,2025-10-08,Python Course 6,2,1,11
810,120,26,2025-09-14,51.94,729,97.63,3,Ashley Kelley,michelletaylor@example.org,18,0,2,4,2026-02-20,Computer Vision Course 26,7,1,22
811,129,1,2024-09-12,58.03,4720,79.12,5,Ashley Bond,emilygibson@example.com,18,0,0,1,2026-03-27,Power BI Course 1,3,1,21
812,4,37,2025-01-04,68.36,1480,67.6,4,Donna Bennett DDS,analewis@example.net,20,1,0,7,2025-07-28,SQL Course 37,0,0,38
813,673,35,2026-03-22,51.02,747,93.89,2,Lori Greer,strongmadison@example.org,25,1,0,3,2025-11-24,NLP Course 35,1,0,70
814,921,8,2024-08-11,72.7,3989,86.7,2,Teresa Bryant,josephrussell@example.net,28,1,1,5,2025-04-03,Python Course 8,1,2,38
815,714,29,2025-12-15,79.33,2477,75.29,3,Carl Robertson,johndaniel@example.org,19,1,1,6,2026-04-17,Data Science Course 29,2,2,62
816,771,37,2026-06-08,65.95,852,82.58,4,Patricia Armstrong,rollinsvincent@example.com,30,0,1,5,2025-04-20,SQL Course 37,0,0,38
817,265,9,2026-03-07,43.61,544,70.4,4,Caitlin Kelly,chad72@example.org,18,1,0,4,2025-02-13,SQL Course 9,6,0,47
818,650,28,2025-05-31,85.43,2095,94.53,2,Richard Aguirre,beth49@example.net,32,0,2,5,2026-01-04,SQL Course 28,5,0,57
819,477,20,2025-05-26,22.72,4909,77.87,3,Rachel Solomon,crosbyjermaine@example.com,30,1,0,2,2024-07-22,Data Science Course 20,3,1,50
820,602,18,2025-05-12,21.65,4060,84.29,2,Craig Miller,laura40@example.org,20,1,1,5,2024-08-30,Machine Learning Course 18,0,0,25
821,782,27,2024-11-13,83.29,2583,69.57,5,Matthew Marshall,anthonyolson@example.net,28,1,0,4,2024-09-23,Computer Vision Course 27,5,0,70
822,832,11,2024-11-09,21.85,1013,40.13,3,Ryan Kane,lblankenship@example.com,24,1,1,1,2026-01-31,SQL Course 11,0,0,15
823,536,32,2024-09-15,68.28,4861,84.74,1,Jason Calderon,dawntodd@example.org,19,0,1,1,2024-08-23,SQL Course 32,2,1,41
824,234,2,2026-06-25,54.22,1014,88.59,5,Mackenzie Bush,kenneth17@example.com,26,0,1,6,2024-12-31,Data Science Course 2,1,0,41
825,549,35,2024-10-26,31.06,2483,63.0,5,Paul Smith,erinsalazar@example.com,21,0,1,0,2026-06-20,NLP Course 35,1,0,70
826,970,24,2024-07-17,61.54,312,84.19,2,Douglas Scott,staceyestrada@example.com,23,1,1,3,2025-03-19,Computer Vision Course 24,5,2,21
827,548,17,2026-03-14,98.79,1310,96.07,4,Cheryl Brown,rodriguezeric@example.org,22,0,2,5,2026-03-07,Deep Learning Course 17,1,0,22
828,43,48,2026-03-16,27.41,421,73.77,1,Jennifer Newman,jacobcooper@example.com,23,1,1,3,2025-11-01,Power BI Course 48,7,2,62
829,527,17,2026-02-25,51.24,1297,57.41,3,Sara Maldonado,lindseynichols@example.net,33,0,2,0,2026-06-25,Deep Learning Course 17,1,0,22
830,289,39,2025-09-11,29.69,2062,99.77,3,Anna Holmes,erik98@example.net,28,0,0,1,2026-01-07,Power BI Course 39,4,2,33
831,502,7,2025-06-28,91.44,2132,71.95,3,Tonya Fernandez,olivia65@example.com,21,1,1,1,2025-08-01,Data Science Course 7,6,1,62
832,946,29,2026-07-04,74.76,1801,79.11,2,Zachary Sparks,jonesjohn@example.org,30,0,0,3,2025-06-11,Data Science Course 29,2,2,62
833,223,14,2025-08-27,48.03,904,74.87,4,Margaret Ballard,ferrelldaniel@example.com,34,1,1,7,2024-07-14,Python Course 14,1,1,43
834,63,17,2026-04-12,90.76,612,52.11,3,Kenneth Evans,kathleenbecker@example.com,22,0,2,4,2026-06-04,Deep Learning Course 17,1,0,22
835,715,38,2025-12-09,48.04,1414,73.0,2,Jessica Walters,james98@example.org,33,1,2,6,2025-05-26,Computer Vision Course 38,4,0,32
836,147,46,2025-07-17,82.67,2951,72.82,1,David James,obennett@example.org,21,1,0,0,2024-12-28,NLP Course 46,3,0,48
837,172,1,2025-06-03,95.66,1225,74.52,1,Matthew Hernandez,fsimmons@example.org,22,0,1,5,2025-07-01,Power BI Course 1,3,1,21
838,697,47,2026-01-13,79.54,1583,52.87,3,Mackenzie Ruiz,linpaul@example.net,32,0,1,6,2026-06-09,SQL Course 47,5,2,40
839,562,29,2026-01-01,49.33,2390,96.62,2,Christina Wise,williamsray@example.org,31,0,1,4,2025-10-05,Data Science Course 29,2,2,62
840,445,47,2025-01-03,25.33,1116,76.25,5,Ronald Moody,upeters@example.com,33,0,0,2,2024-08-09,SQL Course 47,5,2,40
841,306,36,2025-12-10,28.19,1370,79.82,1,Timothy Buckley,warewesley@example.org,18,1,1,4,2025-09-07,Computer Vision Course 36,2,0,77
842,103,10,2024-07-30,26.2,1636,51.66,1,Amy Russell,michaelyoung@example.com,35,1,1,6,2024-11-13,Python Course 10,6,2,10
843,225,14,2024-11-06,92.85,4880,51.78,3,Kimberly Krueger,jenniferpeterson@example.com,33,0,2,1,2024-10-08,Python Course 14,1,1,43
844,780,15,2025-09-07,52.26,4654,54.9,2,Tina Padilla,michaelcooper@example.net,29,0,0,0,2025-09-26,Data Science Course 15,6,1,75
845,277,2,2025-10-01,61.27,3089,48.54,2,Cory Roy,deborahwalters@example.net,27,1,2,4,2026-01-08,Data Science Course 2,1,0,41
846,175,5,2025-11-10,68.72,3808,47.73,2,Valerie Romero,xlynch@example.org,33,1,1,5,2026-06-19,Computer Vision Course 5,6,1,55
847,288,15,2025-01-11,59.56,1891,78.77,5,Kathryn Contreras,larry32@example.org,31,1,1,1,2024-12-18,Data Science Course 15,6,1,75
848,793,27,2026-01-27,75.22,1512,90.2,1,Brian Perez,smithjulia@example.net,21,1,1,0,2025-10-22,Computer Vision Course 27,5,0,70
849,607,5,2025-05-05,65.04,147,74.86,1,Daniel Kelley,meagan39@example.net,25,0,2,6,2026-01-23,Computer Vision Course 5,6,1,55
850,8,9,2025-03-06,75.91,2906,57.75,2,Greg Shaw,daniel29@example.org,24,1,2,7,2024-11-21,SQL Course 9,6,0,47
851,912,29,2025-03-09,79.55,4545,90.18,1,Mark Neal,xdavis@example.org,20,0,0,2,2025-04-15,Data Science Course 29,2,2,62
852,507,30,2025-01-20,66.13,698,73.31,1,Chad Stone,jasonroberts@example.com,29,0,2,5,2024-11-23,Machine Learning Course 30,1,2,60
853,61,21,2026-01-18,99.44,1005,72.33,2,Charles Hartman,thomasnina@example.com,18,1,1,1,2026-06-16,Data Science Course 21,0,0,66
854,590,43,2025-08-13,32.56,2756,81.46,2,Bryan Cox,castillosandra@example.com,33,0,1,7,2025-12-09,Data Science Course 43,3,2,73
855,960,22,2025-05-12,56.31,4379,81.74,4,Mr. Michael Smith,amber55@example.org,20,0,2,3,2025-01-19,Computer Vision Course 22,0,2,49
856,949,15,2025-10-21,21.35,970,43.85,4,Jamie Moore,michelle42@example.com,26,1,2,7,2025-08-01,Data Science Course 15,6,1,75
857,971,8,2024-10-14,63.66,4778,99.11,3,Robert Smith,megannorton@example.org,22,0,2,4,2025-07-30,Python Course 8,1,2,38
858,471,18,2024-08-03,20.07,3712,71.76,4,Dominic Lynn,tmartin@example.net,33,1,2,0,2026-04-10,Machine Learning Course 18,0,0,25
859,991,13,2025-10-24,59.78,3043,88.42,5,Mitchell Adams,rware@example.org,30,1,0,0,2024-10-27,SQL Course 13,7,1,41
860,30,46,2026-04-09,24.06,3397,82.47,3,Rebecca Herrera,jacquelinedavis@example.org,31,1,2,5,2025-04-25,NLP Course 46,3,0,48
861,35,39,2026-04-03,27.5,2877,59.25,4,Michael Watson,john15@example.net,30,0,2,6,2025-06-12,Power BI Course 39,4,2,33
862,773,43,2025-07-02,56.13,1856,56.47,4,Gina Burch,michaelwu@example.com,35,0,1,2,2025-10-14,Data Science Course 43,3,2,73
863,340,11,2025-07-16,82.11,2322,49.89,2,Christopher Watts,tyler39@example.net,33,0,0,6,2024-10-25,SQL Course 11,0,0,15
864,612,31,2025-07-05,38.54,4802,77.86,2,Donald Carter,ebrown@example.org,29,1,1,2,2026-01-29,Computer Vision Course 31,4,0,67
865,935,13,2024-08-06,30.86,4437,93.74,2,Tiffany Hunter,conniejimenez@example.com,20,0,1,2,2025-03-28,SQL Course 13,7,1,41
866,504,25,2026-06-17,40.29,4724,65.66,4,Troy Johnson,sydney50@example.com,18,0,2,3,2024-09-03,Data Science Course 25,7,1,51
867,61,13,2025-07-08,60.65,4288,85.23,1,Charles Hartman,thomasnina@example.com,18,1,1,1,2026-06-16,SQL Course 13,7,1,41
868,226,46,2026-01-25,95.26,1305,97.48,4,Susan Schroeder,pwilson@example.net,29,0,0,6,2025-04-25,NLP Course 46,3,0,48
869,984,40,2025-05-23,75.46,4582,48.57,5,Brian Hall,samanthaodom@example.org,27,1,0,5,2024-07-27,Machine Learning Course 40,2,2,64
870,561,2,2025-10-03,41.34,596,80.83,4,Edward Benson,gskinner@example.net,18,1,0,6,2025-03-01,Data Science Course 2,1,0,41
871,427,41,2024-10-31,35.78,1604,64.52,3,Ashley Gibson,walkerelizabeth@example.org,26,0,2,6,2026-03-22,Machine Learning Course 41,1,2,72
872,254,11,2025-05-05,53.05,676,70.35,4,Kyle Hobbs,jesse87@example.com,24,0,0,3,2026-03-15,SQL Course 11,0,0,15
873,767,47,2025-01-08,67.46,3412,91.72,1,Danielle Duncan,ljackson@example.com,28,0,1,2,2024-07-30,SQL Course 47,5,2,40
874,610,12,2025-08-25,66.92,3723,74.71,1,Alexander Johnston,willielewis@example.com,19,1,1,4,2026-01-21,Deep Learning Course 12,5,2,57
875,635,31,2025-08-15,92.39,4623,95.43,2,Ralph Carpenter,tiffany02@example.net,30,0,1,7,2025-10-08,Computer Vision Course 31,4,0,67
876,259,45,2026-01-15,61.32,2818,93.46,4,Monica Andrews,susan00@example.net,29,1,2,5,2025-11-11,Power BI Course 45,0,1,69
877,555,24,2026-03-17,43.68,3135,70.6,2,Joseph Andersen,ppeterson@example.com,20,0,1,1,2024-11-28,Computer Vision Course 24,5,2,21
878,149,26,2025-03-27,73.69,571,97.6,2,Laura Mejia,jack82@example.org,28,0,1,3,2025-10-22,Computer Vision Course 26,7,1,22
879,215,45,2026-01-26,92.04,2346,53.74,1,Christina Morales,cynthiagonzalez@example.com,26,0,1,0,2025-11-24,Power BI Course 45,0,1,69
880,431,21,2024-11-12,64.56,2960,61.87,5,Kelly Galloway,edwardmartin@example.com,25,0,1,2,2025-08-21,Data Science Course 21,0,0,66
881,707,26,2024-12-01,21.35,1333,91.32,2,Kenneth Pitts,susanpage@example.org,29,0,1,4,2024-12-02,Computer Vision Course 26,7,1,22
882,685,31,2025-02-28,76.21,1598,81.85,1,Richard Jones,rberry@example.org,25,1,2,6,2025-10-16,Computer Vision Course 31,4,0,67
883,40,21,2025-02-07,29.08,4017,92.69,5,Thomas Dixon,bkelley@example.net,20,1,0,4,2025-10-06,Data Science Course 21,0,0,66
884,359,14,2025-09-04,90.35,2073,84.0,4,Brett Key,lopezpatrick@example.net,30,1,2,5,2025-08-08,Python Course 14,1,1,43
885,929,30,2025-07-21,63.1,4237,50.34,5,Savannah Cline,jose29@example.com,22,0,0,2,2024-11-09,Machine Learning Course 30,1,2,60
886,655,33,2025-12-22,31.51,3840,65.56,5,Steven Curtis,williamware@example.net,34,0,1,3,2025-06-16,Power BI Course 33,7,1,58
887,227,33,2026-01-12,67.94,1874,50.82,4,Christine Nelson,fjohnson@example.net,24,0,0,4,2025-10-09,Power BI Course 33,7,1,58
888,220,24,2026-06-27,96.58,2605,96.32,2,Robert Hughes,qmcintosh@example.org,22,1,1,3,2026-03-10,Computer Vision Course 24,5,2,21
889,390,8,2026-03-16,64.57,3341,58.0,2,Jim Aguirre,folson@example.net,23,0,0,5,2025-01-14,Python Course 8,1,2,38
890,684,29,2025-02-25,99.06,3957,46.72,2,Kelly Johnson,blairgina@example.net,22,1,0,3,2024-07-30,Data Science Course 29,2,2,62
891,634,47,2026-02-21,50.87,875,55.14,1,Bryce Middleton,smithtom@example.net,20,0,1,2,2025-10-25,SQL Course 47,5,2,40
892,332,18,2025-02-23,86.77,3398,46.54,5,Drew Osborne,martinjulie@example.org,32,1,0,5,2025-10-13,Machine Learning Course 18,0,0,25
893,555,15,2025-06-26,97.07,2846,44.74,4,Joseph Andersen,ppeterson@example.com,20,0,1,1,2024-11-28,Data Science Course 15,6,1,75
894,753,14,2024-09-22,42.69,2464,87.82,3,William Ho,rspencer@example.net,24,1,0,1,2024-12-10,Python Course 14,1,1,43
895,606,3,2024-08-14,99.48,199,41.87,3,Michelle Buckley,zhoward@example.org,34,0,2,3,2024-07-22,Python Course 3,3,2,52
896,731,26,2025-02-16,62.13,2537,88.24,3,Jason Spencer,qthomas@example.org,24,1,2,4,2024-08-14,Computer Vision Course 26,7,1,22
897,279,12,2025-01-20,39.38,4431,82.39,3,Marissa Mann,harrisonkenneth@example.net,34,0,1,3,2025-04-19,Deep Learning Course 12,5,2,57
898,879,17,2025-03-15,34.14,711,56.29,1,Madeline Jackson,perezpaul@example.net,21,1,0,2,2025-02-12,Deep Learning Course 17,1,0,22
899,859,10,2026-02-12,21.5,4204,59.73,2,Evan Baker,leechristopher@example.net,20,1,2,5,2024-08-31,Python Course 10,6,2,10
900,656,18,2024-07-26,48.51,3204,99.32,4,Audrey Riley,justinjacobson@example.com,21,0,2,4,2026-01-11,Machine Learning Course 18,0,0,25
901,347,41,2026-06-04,74.43,4664,62.2,1,Paul Haynes,amanda82@example.com,18,1,2,4,2025-11-16,Machine Learning Course 41,1,2,72
902,84,44,2025-01-09,48.53,3525,73.57,3,Teresa Brown,wilsonjoshua@example.net,28,0,1,5,2025-12-07,Computer Vision Course 44,1,2,29
903,162,40,2024-12-12,54.46,2520,80.28,2,Joseph Adkins PhD,allenallison@example.net,35,1,0,2,2026-07-04,Machine Learning Course 40,2,2,64
904,304,2,2024-12-29,86.6,2057,84.52,1,Deborah Reed,ttorres@example.org,27,1,1,1,2025-05-14,Data Science Course 2,1,0,41
905,263,30,2024-09-04,42.17,2623,78.23,5,Kathy Mejia,kimlisa@example.com,32,1,1,7,2026-02-01,Machine Learning Course 30,1,2,60
906,604,25,2025-06-10,51.47,1478,57.81,3,Brandon Williams,erodgers@example.org,33,0,0,2,2026-06-19,Data Science Course 25,7,1,51
907,10,2,2026-03-21,45.3,1786,79.97,2,Jennifer Mayer,yschaefer@example.org,23,1,1,5,2024-12-02,Data Science Course 2,1,0,41
908,316,17,2025-05-24,49.29,436,60.58,5,Alyssa Thompson,marysuarez@example.net,26,0,1,3,2026-03-02,Deep Learning Course 17,1,0,22
909,463,48,2025-10-06,23.35,156,62.54,1,Lisa Kim,chelseydiaz@example.net,34,1,1,1,2025-06-25,Power BI Course 48,7,2,62
910,959,5,2024-08-11,68.47,1096,82.89,1,Brandon Hansen,nicole94@example.org,32,1,2,0,2025-04-19,Computer Vision Course 5,6,1,55
911,729,23,2025-09-07,47.61,1706,69.86,5,Miss Crystal Lee,johnsonshawn@example.org,33,1,2,1,2026-04-20,SQL Course 23,6,1,47
912,408,2,2024-08-01,97.13,4435,92.8,4,Shannon Stewart,tfranco@example.org,23,0,2,6,2024-12-09,Data Science Course 2,1,0,41
913,665,11,2026-03-08,87.87,3133,82.08,3,William Schroeder,karen58@example.org,25,1,2,7,2026-02-24,SQL Course 11,0,0,15
914,427,32,2025-06-20,38.56,3533,91.12,1,Ashley Gibson,walkerelizabeth@example.org,26,0,2,6,2026-03-22,SQL Course 32,2,1,41
915,432,44,2025-12-31,79.41,4385,89.84,3,Thomas Ward,larrysantiago@example.com,34,1,0,0,2026-02-27,Computer Vision Course 44,1,2,29
916,875,36,2025-11-21,25.74,4741,51.32,1,Cynthia Pena,hodgestimothy@example.org,23,0,1,5,2025-12-20,Computer Vision Course 36,2,0,77
917,259,41,2025-11-07,25.84,406,56.46,4,Monica Andrews,susan00@example.net,29,1,2,5,2025-11-11,Machine Learning Course 41,1,2,72
918,961,36,2026-02-06,80.16,2347,85.84,4,Christina Heath,ashleysmith@example.com,32,0,2,0,2025-08-23,Computer Vision Course 36,2,0,77
919,630,7,2025-01-26,99.38,1756,91.86,1,Patricia Clark,coopertravis@example.org,31,1,1,6,2024-10-14,Data Science Course 7,6,1,62
920,584,44,2025-12-28,65.35,285,77.62,5,Jacob Luna,nixonjared@example.com,32,1,2,0,2025-02-25,Computer Vision Course 44,1,2,29
921,387,17,2025-12-15,74.98,2044,44.11,2,Robert Wright,allisondavis@example.org,27,1,2,2,2026-02-13,Deep Learning Course 17,1,0,22
922,625,9,2025-12-06,22.21,1033,42.76,4,Kelsey Sullivan,kevinnewton@example.net,29,1,0,3,2026-01-19,SQL Course 9,6,0,47
923,735,35,2025-12-31,31.11,1579,96.7,3,Troy Brown,aimee96@example.org,29,1,2,1,2026-02-04,NLP Course 35,1,0,70
924,510,45,2025-12-21,23.57,3119,84.0,2,Bradley Jenkins,lindakelly@example.net,22,0,2,2,2026-02-26,Power BI Course 45,0,1,69
925,575,11,2024-07-21,62.5,3996,52.4,1,Erin May,nortondeanna@example.com,33,1,0,4,2025-01-30,SQL Course 11,0,0,15
926,851,14,2024-10-30,63.24,2972,68.93,4,Brian Fields,jacqueline19@example.org,22,0,1,3,2025-03-31,Python Course 14,1,1,43
927,993,28,2024-08-30,41.84,2002,75.79,1,Robert Norton,hooveralyssa@example.net,27,1,1,4,2026-06-18,SQL Course 28,5,0,57
928,945,9,2025-01-04,65.09,1328,50.67,3,Angela Martin,qhogan@example.com,35,0,1,6,2024-10-29,SQL Course 9,6,0,47
929,489,46,2025-06-07,61.0,2329,43.08,1,Jonathon Cox,jwilson@example.com,25,0,2,7,2024-10-07,NLP Course 46,3,0,48
930,560,22,2026-02-07,25.27,3843,50.1,2,Jennifer Malone,rhonda12@example.com,19,0,1,6,2026-03-06,Computer Vision Course 22,0,2,49
931,122,3,2025-01-08,46.19,1448,90.45,2,Reginald Russell,carcher@example.com,19,0,1,0,2026-01-11,Python Course 3,3,2,52
932,333,27,2026-05-10,26.17,1547,58.36,5,Joshua Houston,ecraig@example.net,18,0,1,6,2024-10-15,Computer Vision Course 27,5,0,70
933,917,45,2025-01-03,85.4,400,49.93,3,Christopher Foster,yford@example.org,23,1,1,7,2025-12-21,Power BI Course 45,0,1,69
934,589,11,2026-04-04,71.79,4862,73.93,2,Makayla Hardin,gatesheather@example.org,21,1,1,1,2026-06-07,SQL Course 11,0,0,15
935,931,23,2026-02-03,40.77,2112,82.88,3,Mary Baker,ltorres@example.org,34,1,1,6,2024-08-29,SQL Course 23,6,1,47
936,129,50,2026-05-19,63.78,3956,62.04,1,Ashley Bond,emilygibson@example.com,18,0,0,1,2026-03-27,Python Course 50,3,1,46
937,179,22,2026-01-28,31.18,1694,63.95,4,Jennifer Roberts,jenniferjones@example.org,31,1,2,0,2025-07-17,Computer Vision Course 22,0,2,49
938,796,4,2025-02-18,83.82,774,56.57,5,Bethany Hernandez,scottgreen@example.org,34,0,2,5,2025-01-28,Power BI Course 4,1,0,23
939,925,3,2026-04-06,56.29,2477,59.11,5,Ronald Campbell,rebeccahampton@example.org,22,0,0,1,2024-08-08,Python Course 3,3,2,52
940,738,39,2025-03-25,44.55,4032,73.38,1,Robert Bowers,johnjones@example.com,24,1,0,3,2026-01-15,Power BI Course 39,4,2,33
941,314,46,2024-08-11,29.72,4987,91.06,5,Stephanie Davenport,jjohnson@example.net,18,0,1,1,2025-02-27,NLP Course 46,3,0,48
942,886,4,2026-02-03,60.5,2782,77.36,3,Tina Turner,kenneth57@example.net,26,0,1,2,2025-02-08,Power BI Course 4,1,0,23
943,342,49,2024-09-20,27.32,4945,92.83,2,Brian Erickson,michellebennett@example.net,25,0,0,6,2025-03-30,SQL Course 49,4,1,62
944,816,45,2026-06-29,63.51,1772,93.02,3,Jeffrey Gibson,kimberly69@example.net,26,1,1,2,2024-08-23,Power BI Course 45,0,1,69
945,140,30,2025-11-20,53.0,2597,56.58,2,Cheyenne Jones,xgarcia@example.org,23,0,2,0,2026-02-02,Machine Learning Course 30,1,2,60
946,47,10,2025-06-10,95.6,1203,84.04,3,Shannon Martinez,karensampson@example.net,28,1,0,2,2026-04-13,Python Course 10,6,2,10
947,97,5,2026-05-07,83.45,2757,67.38,4,Colton Swanson,michaelhale@example.com,21,0,1,2,2024-07-16,Computer Vision Course 5,6,1,55
948,306,16,2024-12-01,44.75,2939,80.26,4,Timothy Buckley,warewesley@example.org,18,1,1,4,2025-09-07,Deep Learning Course 16,5,0,68
949,169,3,2026-01-29,49.11,4569,56.87,3,Brandon Shepherd,hughesjames@example.org,30,1,2,7,2025-12-24,Python Course 3,3,2,52
950,428,4,2025-12-04,88.26,1639,78.87,5,Cheryl Novak,jenniferward@example.net,24,1,1,5,2025-06-30,Power BI Course 4,1,0,23
951,557,19,2024-10-14,84.53,667,75.62,4,Kellie Yates,qbrennan@example.com,32,1,2,1,2024-11-09,Machine Learning Course 19,0,0,37
952,430,45,2026-01-23,99.68,2697,89.99,4,Robert White,michael44@example.org,35,0,0,3,2026-03-10,Power BI Course 45,0,1,69
953,372,11,2026-04-12,77.94,2467,66.55,2,Haley Thompson,yrogers@example.net,35,0,1,2,2025-05-24,SQL Course 11,0,0,15
954,18,11,2024-10-26,73.35,571,81.14,3,Linda Webster,andrew18@example.net,19,1,2,1,2025-08-16,SQL Course 11,0,0,15
955,283,27,2026-02-07,21.98,3877,68.64,5,Jesus Rocha,newmanjoanna@example.net,31,0,0,1,2026-01-30,Computer Vision Course 27,5,0,70
956,616,35,2026-01-11,50.64,1139,80.07,4,Carla Johnson MD,juarezwhitney@example.net,27,0,1,3,2025-05-22,NLP Course 35,1,0,70
957,687,30,2024-09-07,71.4,1590,60.89,4,Denise Young,brian67@example.com,33,1,2,2,2025-09-14,Machine Learning Course 30,1,2,60
958,914,13,2025-10-13,59.43,4727,66.9,4,Emily Benson,knoxrebecca@example.org,20,0,0,0,2025-03-05,SQL Course 13,7,1,41
959,33,33,2024-12-18,49.98,3371,89.85,5,Curtis Jones,boydbrian@example.net,35,0,1,2,2025-01-12,Power BI Course 33,7,1,58
960,482,4,2025-03-26,93.85,3928,94.54,4,Reginald Bautista,fmalone@example.org,27,1,1,5,2025-10-11,Power BI Course 4,1,0,23
961,891,2,2025-10-08,75.57,1989,74.52,4,Miss Morgan Jones,nancy30@example.net,32,0,1,4,2025-09-05,Data Science Course 2,1,0,41
962,175,24,2025-11-25,75.52,2469,55.72,1,Valerie Romero,xlynch@example.org,33,1,1,5,2026-06-19,Computer Vision Course 24,5,2,21
963,877,17,2025-03-06,98.65,3498,99.89,2,Jacqueline Middleton,smithchristine@example.net,24,0,2,7,2024-12-21,Deep Learning Course 17,1,0,22
964,137,41,2025-01-25,95.37,1090,58.25,4,Alison Taylor,gamblejasmine@example.org,26,0,1,3,2026-06-16,Machine Learning Course 41,1,2,72
965,613,8,2026-01-05,94.4,2122,58.68,5,Regina Holt,karenbartlett@example.com,23,0,0,2,2024-10-03,Python Course 8,1,2,38
966,478,19,2025-12-08,60.76,2766,40.23,3,Sean Garcia,barbara91@example.org,27,1,0,4,2024-10-05,Machine Learning Course 19,0,0,37
967,249,46,2025-11-26,78.04,394,73.97,2,Jessica Carrillo,collinsjoshua@example.net,29,1,0,4,2025-04-10,NLP Course 46,3,0,48
968,738,10,2026-02-07,45.7,4422,51.08,5,Robert Bowers,johnjones@example.com,24,1,0,3,2026-01-15,Python Course 10,6,2,10
969,342,30,2025-12-05,83.62,2510,45.63,2,Brian Erickson,michellebennett@example.net,25,0,0,6,2025-03-30,Machine Learning Course 30,1,2,60
970,337,28,2026-04-14,29.85,3794,91.82,1,Andrea Davidson,cherylsherman@example.net,33,0,1,6,2025-07-17,SQL Course 28,5,0,57
971,455,21,2024-09-13,23.77,2135,82.58,1,Rebecca Bell,rileymichael@example.org,31,0,1,7,2025-12-02,Data Science Course 21,0,0,66
972,76,7,2025-05-30,82.64,2820,48.95,1,Glenn Davis,lisacollier@example.net,34,1,1,0,2025-10-20,Data Science Course 7,6,1,62
973,989,12,2025-04-03,98.03,4427,45.88,5,Alexandra Lloyd,fritzerica@example.com,29,0,0,6,2025-06-19,Deep Learning Course 12,5,2,57
974,298,28,2025-04-25,70.58,1902,73.23,5,Heather Silva,brittany91@example.com,19,1,2,7,2026-06-13,SQL Course 28,5,0,57
975,35,15,2025-11-25,31.04,3542,60.66,4,Michael Watson,john15@example.net,30,0,2,6,2025-06-12,Data Science Course 15,6,1,75
976,977,41,2025-04-29,88.34,2493,60.35,1,Brian Sheppard,williamharris@example.com,20,1,1,1,2025-01-20,Machine Learning Course 41,1,2,72
977,899,18,2024-09-24,54.29,2990,44.01,1,Jeremiah Williamson,jason93@example.org,25,0,0,5,2025-02-22,Machine Learning Course 18,0,0,25
978,317,22,2026-07-10,74.83,2620,91.24,4,Theresa Nixon,thompsonbrett@example.com,35,1,2,0,2026-07-05,Computer Vision Course 22,0,2,49
979,786,39,2025-08-24,47.9,149,99.4,4,Sharon Harvey,hmason@example.com,35,0,0,6,2026-01-18,Power BI Course 39,4,2,33
980,752,29,2025-12-03,84.07,2757,68.76,4,Jordan Wiggins,williamsoncassandra@example.net,34,0,2,6,2025-03-17,Data Science Course 29,2,2,62
981,851,19,2025-01-25,98.15,3537,42.12,4,Brian Fields,jacqueline19@example.org,22,0,1,3,2025-03-31,Machine Learning Course 19,0,0,37
982,116,1,2025-10-08,39.89,1885,42.26,5,Christopher Williams,ellisricardo@example.com,27,0,1,3,2026-01-11,Power BI Course 1,3,1,21
983,629,41,2024-08-05,98.06,3083,65.35,5,George Butler,leahparker@example.org,29,1,1,4,2026-04-18,Machine Learning Course 41,1,2,72
984,477,15,2025-02-09,59.2,2355,58.99,3,Rachel Solomon,crosbyjermaine@example.com,30,1,0,2,2024-07-22,Data Science Course 15,6,1,75
985,872,22,2025-05-24,35.86,3885,80.69,3,Michelle Garcia,gouldjessica@example.net,18,0,2,5,2024-07-28,Computer Vision Course 22,0,2,49
986,811,33,2025-03-08,63.29,1262,55.77,4,Bryan Silva,nfigueroa@example.net,21,1,2,6,2025-09-21,Power BI Course 33,7,1,58
987,72,30,2024-09-21,73.14,2601,94.39,1,Jon Williams,martinlisa@example.org,18,0,2,7,2026-04-04,Machine Learning Course 30,1,2,60
988,165,16,2026-05-06,95.33,3624,45.57,4,Michael Cruz,gonzalezlindsay@example.com,29,0,1,3,2024-12-31,Deep Learning Course 16,5,0,68
989,841,44,2024-11-04,57.44,659,65.24,2,John Webster,michelle12@example.net,33,1,1,4,2024-09-03,Computer Vision Course 44,1,2,29
990,65,4,2024-12-25,49.33,4740,78.69,1,David Wilson,davisjacob@example.com,19,0,1,1,2024-08-05,Power BI Course 4,1,0,23
991,607,22,2026-05-10,95.17,1648,51.67,5,Daniel Kelley,meagan39@example.net,25,0,2,6,2026-01-23,Computer Vision Course 22,0,2,49
992,542,38,2026-06-25,50.79,2850,49.13,2,Lisa Gonzalez,randyalvarado@example.org,19,1,1,2,2025-06-04,Computer Vision Course 38,4,0,32
993,210,49,2025-02-01,38.34,1078,96.47,2,Nicholas Moore,galexander@example.net,31,1,1,4,2025-12-30,SQL Course 49,4,1,62
994,81,21,2025-02-24,45.99,2286,78.34,2,Christina Larson,sprince@example.org,27,0,2,6,2024-10-23,Data Science Course 21,0,0,66
995,352,19,2025-10-11,23.98,2868,56.37,2,Kevin Chandler,kimberlyjohnson@example.net,25,0,1,3,2025-06-26,Machine Learning Course 19,0,0,37
996,552,19,2025-07-05,65.61,4695,92.55,1,Leslie Alvarado,riveramariah@example.net,21,0,0,4,2026-02-16,Machine Learning Course 19,0,0,37
997,61,30,2026-03-27,71.74,1329,83.72,4,Charles Hartman,thomasnina@example.com,18,1,1,1,2026-06-16,Machine Learning Course 30,1,2,60
998,140,40,2026-06-23,49.38,3205,70.94,4,Cheyenne Jones,xgarcia@example.org,23,0,2,0,2026-02-02,Machine Learning Course 40,2,2,64
999,659,4,2026-03-28,85.53,836,96.6,2,Sarah Malone,joel77@example.net,31,0,1,0,2025-05-02,Power BI Course 4,1,0,23
1000,243,1,2025-02-24,24.06,2507,41.57,4,Lisa Watkins,angela01@example.org,20,1,2,1,2025-08-04,Power BI Course 1,3,1,21
1001,422,47,2024-07-29,71.74,1099,94.05,2,Donald Hancock,benjaminhale@example.net,23,0,2,5,2025-02-18,SQL Course 47,5,2,40
1002,865,4,2026-02-16,89.08,2394,56.48,1,David Hill,wbowman@example.com,19,1,2,4,2025-10-16,Power BI Course 4,1,0,23
1003,452,18,2025-04-19,59.45,500,44.81,1,Adam White,calvin30@example.net,31,1,0,7,2025-07-02,Machine Learning Course 18,0,0,25
1004,520,9,2025-07-05,59.44,4992,91.18,4,Kyle Proctor,catherine45@example.net,35,0,1,1,2026-07-09,SQL Course 9,6,0,47
1005,137,31,2025-11-13,23.89,1074,74.03,4,Alison Taylor,gamblejasmine@example.org,26,0,1,3,2026-06-16,Computer Vision Course 31,4,0,67
1006,138,43,2025-09-02,24.28,1068,43.37,1,Jesse Thompson,sheena62@example.net,21,0,0,7,2024-11-13,Data Science Course 43,3,2,73
1007,555,12,2024-11-01,42.77,808,40.24,3,Joseph Andersen,ppeterson@example.com,20,0,1,1,2024-11-28,Deep Learning Course 12,5,2,57
1008,898,18,2025-04-10,99.15,570,90.32,5,Allison Burton,mollyatkinson@example.org,34,0,2,1,2024-11-09,Machine Learning Course 18,0,0,25
1009,693,21,2025-01-18,50.36,3535,47.43,1,Gary Walsh,kevinmoore@example.net,35,1,0,2,2026-03-09,Data Science Course 21,0,0,66
1010,966,10,2024-10-20,35.85,188,41.83,2,James Sanchez,pthomas@example.org,18,1,2,1,2025-04-12,Python Course 10,6,2,10
1011,750,34,2024-10-20,93.53,1215,45.22,5,Jill Frye,richard44@example.net,21,0,0,6,2026-05-12,SQL Course 34,6,2,57
1012,754,21,2025-09-12,53.21,2978,78.43,1,Margaret Allison,nicolaswright@example.net,24,1,1,1,2026-04-10,Data Science Course 21,0,0,66
1013,791,48,2024-12-17,49.4,1718,48.63,2,Dylan Martin,michellestewart@example.net,24,1,2,0,2025-01-02,Power BI Course 48,7,2,62
1014,609,24,2025-09-05,42.22,1393,55.97,2,Tina Moore,hollanddebra@example.com,25,1,0,7,2025-02-02,Computer Vision Course 24,5,2,21
1015,764,48,2025-07-16,44.9,3690,98.28,5,Michael Schroeder,lewisvanessa@example.net,19,0,2,1,2025-01-06,Power BI Course 48,7,2,62
1016,766,34,2025-12-30,33.38,1851,60.28,5,Shane Jenkins,ehartman@example.org,28,0,1,3,2026-02-25,SQL Course 34,6,2,57
1017,492,1,2024-07-20,45.77,1174,80.62,4,Mario Lopez,clementssean@example.com,21,0,1,4,2025-12-23,Power BI Course 1,3,1,21
1018,412,35,2026-06-08,93.19,2550,64.21,4,Zachary Torres,michaelclark@example.com,23,1,2,0,2025-02-03,NLP Course 35,1,0,70
1019,514,35,2025-03-24,55.43,3110,89.13,5,Samantha Gomez,racheljackson@example.com,19,0,2,0,2025-03-16,NLP Course 35,1,0,70
1020,598,34,2026-06-05,98.22,1632,46.36,4,John Horne,perezkelli@example.net,26,0,2,1,2024-08-25,SQL Course 34,6,2,57
1021,712,36,2026-05-07,33.3,547,94.84,4,Nathan Lara,thomas51@example.net,29,0,1,4,2025-01-21,Computer Vision Course 36,2,0,77
1022,651,39,2024-12-28,34.12,1600,50.23,2,Charles Moore,susan61@example.net,30,0,0,7,2025-06-29,Power BI Course 39,4,2,33
1023,233,10,2026-01-01,59.04,4348,50.13,2,Patricia Daniel,ayoung@example.com,29,0,2,5,2024-08-05,Python Course 10,6,2,10
1024,833,42,2025-12-22,86.93,371,86.19,2,Thomas Kelly,tiffanyjohnson@example.com,20,1,0,4,2025-11-17,NLP Course 42,0,0,75
1025,196,24,2025-04-04,54.38,114,65.36,2,Andre Nguyen,pjackson@example.org,20,0,0,0,2025-01-09,Computer Vision Course 24,5,2,21
1026,785,48,2024-08-11,76.76,320,88.33,2,John Anthony,lozanojessica@example.org,25,1,2,5,2026-06-10,Power BI Course 48,7,2,62
1027,333,5,2026-01-09,71.28,2328,78.2,2,Joshua Houston,ecraig@example.net,18,0,1,6,2024-10-15,Computer Vision Course 5,6,1,55
1028,828,7,2026-01-28,48.58,3603,68.61,3,Melissa Moore,bryanthompson@example.org,29,1,0,5,2025-11-26,Data Science Course 7,6,1,62
1029,501,33,2026-01-31,61.26,3964,83.45,4,Barbara Simmons,charlene23@example.com,19,0,2,3,2024-10-02,Power BI Course 33,7,1,58
1030,426,20,2025-04-11,52.66,4979,95.84,3,Sandra Mora,nsanchez@example.net,26,1,2,3,2025-07-23,Data Science Course 20,3,1,50
1031,685,8,2025-10-19,96.5,1011,90.26,4,Richard Jones,rberry@example.org,25,1,2,6,2025-10-16,Python Course 8,1,2,38
1032,492,39,2025-02-14,39.16,1117,77.87,3,Mario Lopez,clementssean@example.com,21,0,1,4,2025-12-23,Power BI Course 39,4,2,33
1033,477,29,2024-12-06,80.9,2349,41.16,5,Rachel Solomon,crosbyjermaine@example.com,30,1,0,2,2024-07-22,Data Science Course 29,2,2,62
1034,773,15,2024-10-15,68.89,94,49.29,1,Gina Burch,michaelwu@example.com,35,0,1,2,2025-10-14,Data Science Course 15,6,1,75
1035,735,25,2025-04-01,27.89,991,44.75,3,Troy Brown,aimee96@example.org,29,1,2,1,2026-02-04,Data Science Course 25,7,1,51
1036,534,3,2025-07-14,79.84,3621,53.27,5,Patricia Lopez,shannonmckinney@example.net,18,0,0,4,2024-08-22,Python Course 3,3,2,52
1037,161,21,2026-06-06,71.71,2147,83.12,2,Keith Bryant,jacobsonkeith@example.net,20,1,2,6,2024-10-27,Data Science Course 21,0,0,66
1038,343,20,2025-03-04,47.16,4290,50.63,5,Grant Jones,susan33@example.com,19,1,0,6,2025-12-19,Data Science Course 20,3,1,50
1039,1,6,2024-09-28,41.26,4182,46.35,2,Clifford Dickerson,johnsonrita@example.com,32,0,1,1,2025-07-23,Python Course 6,2,1,11
1040,539,2,2024-12-28,90.61,1405,80.28,5,Jennifer Byrd,kmoody@example.com,34,0,0,3,2026-02-14,Data Science Course 2,1,0,41
1041,975,16,2024-08-29,35.14,241,59.66,4,Dean Bailey,salazarrichard@example.com,30,0,0,4,2025-07-04,Deep Learning Course 16,5,0,68
1042,631,9,2026-03-20,30.35,372,86.98,2,James Gould,hectormcgrath@example.org,20,0,0,0,2025-02-07,SQL Course 9,6,0,47
1043,852,42,2024-09-15,84.56,475,84.03,5,Denise Stephens,ogonzalez@example.com,24,0,0,5,2025-05-26,NLP Course 42,0,0,75
1044,941,45,2025-04-11,96.66,1512,41.84,1,Christian Thompson,cooleymichael@example.net,20,1,0,6,2026-04-02,Power BI Course 45,0,1,69
1045,844,35,2024-08-08,55.93,4428,64.81,2,Amy Lynch,jennifer16@example.net,23,1,0,6,2025-09-11,NLP Course 35,1,0,70
1046,989,34,2025-04-03,69.8,4437,41.28,5,Alexandra Lloyd,fritzerica@example.com,29,0,0,6,2025-06-19,SQL Course 34,6,2,57
1047,801,21,2025-04-05,67.0,4567,62.27,1,Sabrina Zavala,charles03@example.net,29,1,0,7,2025-04-07,Data Science Course 21,0,0,66
1048,250,29,2025-10-22,61.35,523,55.63,5,Pamela Booth,andrew47@example.org,33,1,1,5,2024-11-11,Data Science Course 29,2,2,62
1049,308,47,2025-01-28,31.5,3791,84.65,2,Stephen Simmons,pjohnson@example.com,27,0,1,0,2026-02-09,SQL Course 47,5,2,40
1050,667,42,2025-04-28,96.69,2586,74.74,1,James Thompson,melissa31@example.net,20,1,1,1,2025-04-30,NLP Course 42,0,0,75
1051,261,20,2025-06-03,93.57,1715,58.3,2,Cheryl Cameron,wblanchard@example.net,32,0,0,4,2025-06-29,Data Science Course 20,3,1,50
1052,152,33,2025-07-04,26.03,3682,72.63,1,Ronald Brown,kyle32@example.org,22,0,2,6,2026-04-03,Power BI Course 33,7,1,58
1053,581,1,2024-11-14,83.33,2255,40.99,4,Joshua Bradford,bblair@example.com,27,1,0,1,2025-05-28,Power BI Course 1,3,1,21
1054,885,39,2024-12-14,49.13,3215,70.67,1,Laura Miller,briansuarez@example.com,35,0,2,3,2025-11-29,Power BI Course 39,4,2,33
1055,593,41,2025-02-05,65.18,1868,68.09,2,Amanda Smith,xavierparsons@example.com,26,1,1,5,2025-02-19,Machine Learning Course 41,1,2,72
1056,879,15,2025-05-01,66.74,4453,66.29,1,Madeline Jackson,perezpaul@example.net,21,1,0,2,2025-02-12,Data Science Course 15,6,1,75
1057,964,44,2025-12-04,54.32,1728,73.15,2,Matthew Townsend MD,blackjames@example.com,34,1,2,7,2025-02-09,Computer Vision Course 44,1,2,29
1058,852,30,2025-05-18,41.41,478,66.0,3,Denise Stephens,ogonzalez@example.com,24,0,0,5,2025-05-26,Machine Learning Course 30,1,2,60
1059,284,10,2025-05-25,89.4,2105,89.87,5,Kathleen Horn,daniel52@example.com,18,1,0,6,2026-06-10,Python Course 10,6,2,10
1060,375,27,2026-02-16,34.17,4302,67.3,3,Jose George,hernandezrichard@example.com,25,1,0,5,2025-06-11,Computer Vision Course 27,5,0,70
1061,97,33,2025-10-10,28.25,467,97.08,5,Colton Swanson,michaelhale@example.com,21,0,1,2,2024-07-16,Power BI Course 33,7,1,58
1062,266,26,2025-03-17,67.7,2911,61.11,4,James Bonilla,jeffery90@example.org,18,0,0,3,2025-03-19,Computer Vision Course 26,7,1,22
1063,821,20,2024-07-25,32.62,3546,95.28,4,Christopher Miller,medwards@example.com,20,1,0,5,2025-01-06,Data Science Course 20,3,1,50
1064,57,22,2025-05-08,51.78,2511,69.45,1,Ronald Ortiz,amanda87@example.org,31,1,0,1,2026-01-21,Computer Vision Course 22,0,2,49
1065,318,45,2024-12-28,87.62,4192,51.81,2,David Wilson,anthony58@example.com,29,1,2,7,2025-06-28,Power BI Course 45,0,1,69
1066,948,22,2026-06-05,45.78,4293,48.88,5,David Cruz,tonyasanders@example.org,25,0,0,3,2025-02-03,Computer Vision Course 22,0,2,49
1067,875,33,2026-06-04,27.28,1384,85.03,2,Cynthia Pena,hodgestimothy@example.org,23,0,1,5,2025-12-20,Power BI Course 33,7,1,58
1068,316,46,2024-08-28,57.28,1321,93.31,2,Alyssa Thompson,marysuarez@example.net,26,0,1,3,2026-03-02,NLP Course 46,3,0,48
1069,575,16,2026-07-09,96.49,762,55.52,1,Erin May,nortondeanna@example.com,33,1,0,4,2025-01-30,Deep Learning Course 16,5,0,68
1070,839,21,2025-12-08,35.24,1851,86.34,1,Annette Miller,randyoneal@example.net,35,0,1,6,2025-08-11,Data Science Course 21,0,0,66
1071,963,34,2025-02-01,48.55,1190,68.78,4,Gina Collins,bakertheresa@example.org,26,1,1,1,2024-09-07,SQL Course 34,6,2,57
1072,374,9,2025-09-05,26.38,4796,43.06,2,Kellie Williams,teresasanchez@example.org,25,1,2,5,2025-11-12,SQL Course 9,6,0,47
1073,662,31,2025-07-29,50.41,376,95.27,5,Christy Bennett,herrerachristopher@example.com,20,1,2,6,2025-10-29,Computer Vision Course 31,4,0,67
1074,671,40,2025-12-11,89.69,3369,76.13,2,Sharon Hernandez,peter40@example.net,25,0,2,6,2026-01-07,Machine Learning Course 40,2,2,64
1075,194,46,2024-09-02,29.43,732,44.7,2,Gregory Downs,whitneycarter@example.com,21,0,0,2,2025-05-19,NLP Course 46,3,0,48
1076,292,5,2026-02-14,57.14,1364,53.51,5,Emily Navarro,reyesamber@example.net,26,0,1,5,2024-11-07,Computer Vision Course 5,6,1,55
1077,999,26,2024-12-31,42.45,3571,90.41,1,Brittany Hall,washingtoncynthia@example.net,28,0,0,4,2026-03-20,Computer Vision Course 26,7,1,22
1078,362,27,2025-06-26,60.94,697,54.22,1,Michael Carter,jamesrobinson@example.com,33,0,1,1,2025-07-14,Computer Vision Course 27,5,0,70
1079,158,25,2025-03-15,28.19,562,44.58,5,Andrew Arnold,steven55@example.org,30,0,2,3,2025-05-08,Data Science Course 25,7,1,51
1080,582,36,2024-10-22,80.8,3047,60.9,4,Jodi Calderon,jenna50@example.org,23,0,1,0,2024-09-11,Computer Vision Course 36,2,0,77
1081,32,25,2026-04-02,33.08,2188,93.44,2,Renee Burns,pattersonantonio@example.com,33,1,2,7,2024-11-15,Data Science Course 25,7,1,51
1082,310,27,2024-12-16,96.72,547,49.07,5,Meghan Lopez,patrickchoi@example.net,32,0,2,0,2025-12-07,Computer Vision Course 27,5,0,70
1083,461,1,2025-12-01,72.84,4251,84.32,4,Teresa Anthony,danielthornton@example.com,34,1,0,7,2025-12-10,Power BI Course 1,3,1,21
1084,257,27,2026-02-02,58.56,1180,64.48,5,Jay Burch,kathleen93@example.com,33,0,2,6,2025-10-26,Computer Vision Course 27,5,0,70
1085,698,41,2025-08-21,85.24,680,42.71,2,Robert Young,nicole47@example.com,29,1,2,7,2024-07-27,Machine Learning Course 41,1,2,72
1086,203,29,2025-10-07,48.44,2125,79.86,2,Mr. Sergio Trevino,creed@example.net,33,0,0,7,2025-10-30,Data Science Course 29,2,2,62
1087,994,41,2024-11-23,87.73,1780,70.82,2,Peter Maxwell,evansmaria@example.net,29,1,2,0,2025-11-15,Machine Learning Course 41,1,2,72
1088,176,13,2024-07-16,56.84,1199,59.17,2,Caitlin Hodges,daryljohnson@example.org,22,1,2,2,2025-11-22,SQL Course 13,7,1,41
1089,22,3,2026-06-07,98.53,2360,63.97,2,William Juarez,qgomez@example.com,24,0,0,0,2024-08-06,Python Course 3,3,2,52
1090,271,42,2024-09-02,92.31,3933,95.9,5,Sean Anderson,mjones@example.com,28,0,1,3,2024-08-09,NLP Course 42,0,0,75
1091,167,31,2025-09-20,67.07,2647,55.05,3,Marie Price,stephaniepark@example.net,35,0,2,7,2025-05-22,Computer Vision Course 31,4,0,67
1092,34,40,2025-02-09,77.04,685,58.98,3,Shawn Tapia,alec76@example.org,31,0,1,1,2024-08-12,Machine Learning Course 40,2,2,64
1093,312,20,2026-01-17,27.3,3190,48.61,3,Aaron Nguyen,melanie98@example.org,28,0,1,5,2025-09-23,Data Science Course 20,3,1,50
1094,412,49,2026-01-15,89.48,2162,96.3,2,Zachary Torres,michaelclark@example.com,23,1,2,0,2025-02-03,SQL Course 49,4,1,62
1095,420,31,2024-09-13,49.51,149,42.51,2,Samantha Cooper,sandraedwards@example.com,21,0,1,2,2026-06-04,Computer Vision Course 31,4,0,67
1096,653,34,2026-02-15,70.92,3917,48.18,4,Jason Kennedy,eduardo15@example.org,28,0,2,5,2024-11-25,SQL Course 34,6,2,57
1097,649,50,2024-11-05,68.07,1936,43.95,4,Patrick Johnson,solomonjennifer@example.net,33,0,1,0,2026-04-15,Python Course 50,3,1,46
1098,71,44,2024-07-21,88.11,4747,47.68,5,Sharon Weber,oschultz@example.net,35,1,0,1,2024-09-21,Computer Vision Course 44,1,2,29
1099,421,25,2025-07-24,33.96,3350,77.99,2,Laura Mcbride,kristastout@example.net,27,1,0,6,2024-08-21,Data Science Course 25,7,1,51
1100,44,40,2024-12-13,30.28,2876,64.51,1,Jordan Stewart,xgarrett@example.org,35,0,1,7,2026-06-07,Machine Learning Course 40,2,2,64
1101,121,16,2025-12-12,85.68,1565,80.94,1,Jennifer Cowan,butlerjames@example.org,24,1,2,4,2024-11-15,Deep Learning Course 16,5,0,68
1102,727,23,2024-08-22,40.01,4822,52.74,5,Sandy Hicks,gregoryholland@example.com,26,1,2,7,2026-03-14,SQL Course 23,6,1,47
1103,66,38,2025-01-16,87.55,4035,86.39,5,Joel Potter,kwhitney@example.net,25,1,0,4,2026-06-02,Computer Vision Course 38,4,0,32
1104,796,2,2025-03-17,85.39,4602,90.22,5,Bethany Hernandez,scottgreen@example.org,34,0,2,5,2025-01-28,Data Science Course 2,1,0,41
1105,822,13,2025-10-27,89.16,3761,96.44,4,Isaiah Meyer,colonmelissa@example.com,32,0,2,4,2025-12-12,SQL Course 13,7,1,41
1106,223,42,2024-12-16,58.82,4389,64.41,1,Margaret Ballard,ferrelldaniel@example.com,34,1,1,7,2024-07-14,NLP Course 42,0,0,75
1107,984,35,2024-11-15,85.91,1452,40.44,5,Brian Hall,samanthaodom@example.org,27,1,0,5,2024-07-27,NLP Course 35,1,0,70
1108,522,41,2025-07-31,64.92,3972,78.82,1,Michael Carpenter,aandersen@example.org,20,0,2,1,2025-08-08,Machine Learning Course 41,1,2,72
1109,479,31,2026-06-10,25.93,2613,99.84,2,Jillian Reeves,robertdavis@example.org,22,0,0,3,2025-09-15,Computer Vision Course 31,4,0,67
1110,589,26,2026-03-21,47.53,2475,63.74,2,Makayla Hardin,gatesheather@example.org,21,1,1,1,2026-06-07,Computer Vision Course 26,7,1,22
1111,148,9,2025-01-06,84.78,3354,96.47,4,Rodney Young,avilarichard@example.net,28,1,1,5,2025-04-03,SQL Course 9,6,0,47
1112,316,30,2024-11-19,48.09,80,72.11,2,Alyssa Thompson,marysuarez@example.net,26,0,1,3,2026-03-02,Machine Learning Course 30,1,2,60
1113,293,23,2024-09-01,67.95,2810,43.18,1,Tammy Leblanc,johngrant@example.org,21,1,0,6,2026-06-27,SQL Course 23,6,1,47
1114,904,2,2026-01-21,36.09,1009,45.7,1,Gregory Dixon,goodwinterry@example.com,21,1,1,4,2025-03-24,Data Science Course 2,1,0,41
1115,563,47,2025-02-25,37.46,3296,46.61,4,Philip White,vcortez@example.com,35,1,1,1,2024-10-22,SQL Course 47,5,2,40
1116,649,31,2025-09-01,22.86,2131,85.38,5,Patrick Johnson,solomonjennifer@example.net,33,0,1,0,2026-04-15,Computer Vision Course 31,4,0,67
1117,591,3,2025-03-31,38.88,3558,51.9,3,Stephanie Paul,johnmalone@example.com,26,1,2,7,2026-06-21,Python Course 3,3,2,52
1118,927,13,2025-07-11,51.0,2568,88.28,2,Kevin Brown,qjohnson@example.net,23,0,0,7,2026-06-05,SQL Course 13,7,1,41
1119,27,49,2024-10-05,45.58,1191,47.45,5,Ashley Lawrence,claytonwilliam@example.com,28,0,0,1,2025-03-13,SQL Course 49,4,1,62
1120,87,22,2026-01-29,29.93,1674,45.42,2,Paul Burgess,pcooper@example.org,27,1,2,1,2026-01-09,Computer Vision Course 22,0,2,49
1121,217,32,2025-12-22,65.9,2921,80.06,2,Mary Carey,jenniferprice@example.org,31,1,2,5,2026-01-02,SQL Course 32,2,1,41
1122,225,19,2024-11-04,95.25,4225,50.96,3,Kimberly Krueger,jenniferpeterson@example.com,33,0,2,1,2024-10-08,Machine Learning Course 19,0,0,37
1123,519,2,2026-01-21,85.55,3442,54.36,4,Kathryn Woods,kenneth54@example.net,20,0,2,0,2025-06-17,Data Science Course 2,1,0,41
1124,317,23,2026-06-21,95.45,152,48.88,5,Theresa Nixon,thompsonbrett@example.com,35,1,2,0,2026-07-05,SQL Course 23,6,1,47
1125,666,48,2024-08-12,67.1,3378,68.61,3,Dawn Griffith,peterhernandez@example.com,31,1,1,6,2025-07-18,Power BI Course 48,7,2,62
1126,900,42,2026-03-18,86.38,3465,54.42,3,Ashley Young,zachary88@example.com,21,0,2,3,2026-02-24,NLP Course 42,0,0,75
1127,541,27,2026-05-20,92.49,1128,77.0,2,William Jimenez,andrew32@example.com,29,0,1,5,2026-01-18,Computer Vision Course 27,5,0,70
1128,764,7,2025-09-06,51.04,1050,84.61,4,Michael Schroeder,lewisvanessa@example.net,19,0,2,1,2025-01-06,Data Science Course 7,6,1,62
1129,357,44,2024-11-23,70.52,2580,77.31,2,James Dunn,darren83@example.net,33,0,1,6,2024-08-08,Computer Vision Course 44,1,2,29
1130,425,5,2025-07-09,79.61,4723,57.54,3,Daniel Cherry,herbert42@example.org,20,0,2,5,2025-12-12,Computer Vision Course 5,6,1,55
1131,724,39,2025-01-27,33.83,2789,97.2,2,Vanessa Zamora,davidthornton@example.org,18,1,2,4,2025-03-20,Power BI Course 39,4,2,33
1132,53,30,2025-04-06,42.36,1317,42.92,5,Robin Hughes,grimestyler@example.org,34,1,1,4,2025-07-12,Machine Learning Course 30,1,2,60
1133,817,2,2025-07-15,95.05,3593,68.02,4,Martha Bernard,daniel37@example.net,32,0,0,1,2026-05-15,Data Science Course 2,1,0,41
1134,309,4,2025-09-06,75.09,1150,62.19,3,Kimberly Smith,julialevy@example.org,25,0,1,3,2025-06-03,Power BI Course 4,1,0,23
1135,155,41,2024-10-24,30.88,4807,66.97,2,Charles Davis,weberjeffery@example.org,31,1,0,7,2025-02-10,Machine Learning Course 41,1,2,72
1136,63,20,2026-03-08,95.09,490,42.15,1,Kenneth Evans,kathleenbecker@example.com,22,0,2,4,2026-06-04,Data Science Course 20,3,1,50
1137,747,26,2025-07-08,51.05,3209,45.46,3,Patrick Wagner,ifoster@example.com,34,0,2,0,2025-01-29,Computer Vision Course 26,7,1,22
1138,714,12,2024-10-03,23.63,1030,50.44,5,Carl Robertson,johndaniel@example.org,19,1,1,6,2026-04-17,Deep Learning Course 12,5,2,57
1139,229,31,2025-04-11,85.56,2284,98.58,2,Rodney Johnson,nicholasphillips@example.net,34,1,0,2,2025-08-14,Computer Vision Course 31,4,0,67
1140,994,30,2026-03-12,88.67,650,46.44,2,Peter Maxwell,evansmaria@example.net,29,1,2,0,2025-11-15,Machine Learning Course 30,1,2,60
1141,159,49,2025-01-23,78.42,2762,49.42,4,Michael Clark,michaelford@example.net,21,0,0,0,2024-12-04,SQL Course 49,4,1,62
1142,233,17,2025-11-10,52.11,1911,93.51,2,Patricia Daniel,ayoung@example.com,29,0,2,5,2024-08-05,Deep Learning Course 17,1,0,22
1143,856,23,2024-07-24,37.96,3748,89.66,1,Mark Baker,michelejohnson@example.net,18,1,2,6,2025-04-10,SQL Course 23,6,1,47
1144,472,42,2026-05-08,51.77,2708,91.46,2,David Keller,caitlin90@example.com,28,1,2,1,2025-02-22,NLP Course 42,0,0,75
1145,199,36,2025-07-27,61.85,3336,58.88,4,Lisa Sullivan,omitchell@example.org,27,1,2,5,2025-10-17,Computer Vision Course 36,2,0,77
1146,638,38,2025-09-02,47.25,2735,82.97,2,Austin Flores,ryan04@example.com,18,1,2,1,2025-08-01,Computer Vision Course 38,4,0,32
1147,885,33,2025-03-07,43.19,4976,42.2,3,Laura Miller,briansuarez@example.com,35,0,2,3,2025-11-29,Power BI Course 33,7,1,58
1148,368,37,2024-08-12,58.65,2025,78.73,2,Tammy Ibarra,cynthiamorris@example.net,20,1,0,3,2025-09-18,SQL Course 37,0,0,38
1149,554,20,2024-11-12,45.78,1308,90.57,2,Morgan Clark,johnjones@example.org,21,1,0,6,2025-03-30,Data Science Course 20,3,1,50
1150,278,2,2026-06-17,46.88,2384,48.84,5,Susan Lopez,ocole@example.net,26,0,2,2,2026-03-29,Data Science Course 2,1,0,41
1151,707,22,2024-09-10,50.54,4081,58.54,2,Kenneth Pitts,susanpage@example.org,29,0,1,4,2024-12-02,Computer Vision Course 22,0,2,49
1152,772,6,2025-06-11,32.58,245,51.69,2,Pamela Pineda,ksullivan@example.net,18,0,1,7,2025-09-26,Python Course 6,2,1,11
1153,630,42,2026-02-21,38.98,2565,50.99,2,Patricia Clark,coopertravis@example.org,31,1,1,6,2024-10-14,NLP Course 42,0,0,75
1154,343,37,2025-11-29,35.54,4505,86.85,2,Grant Jones,susan33@example.com,19,1,0,6,2025-12-19,SQL Course 37,0,0,38
1155,188,42,2024-12-17,56.13,873,59.35,5,Phillip Nunez,jesse93@example.com,31,0,1,2,2025-05-16,NLP Course 42,0,0,75
1156,304,29,2025-11-25,73.07,1115,85.95,2,Deborah Reed,ttorres@example.org,27,1,1,1,2025-05-14,Data Science Course 29,2,2,62
1157,547,28,2024-12-18,27.35,1760,54.37,3,Derek Daniels,owaters@example.com,18,1,1,4,2025-03-16,SQL Course 28,5,0,57
1158,208,22,2026-06-17,49.04,2197,40.94,3,Michael Hughes,williamcohen@example.com,32,1,0,7,2025-03-09,Computer Vision Course 22,0,2,49
1159,47,4,2024-11-30,47.38,3014,74.0,1,Shannon Martinez,karensampson@example.net,28,1,0,2,2026-04-13,Power BI Course 4,1,0,23
1160,961,38,2024-11-03,24.29,4870,45.54,3,Christina Heath,ashleysmith@example.com,32,0,2,0,2025-08-23,Computer Vision Course 38,4,0,32
1161,317,37,2025-10-25,62.59,643,44.09,2,Theresa Nixon,thompsonbrett@example.com,35,1,2,0,2026-07-05,SQL Course 37,0,0,38
1162,806,42,2025-06-05,37.1,4440,98.49,4,Timothy Alexander,rwebster@example.com,32,0,2,5,2025-06-24,NLP Course 42,0,0,75
1163,415,31,2025-01-11,32.27,1734,88.11,5,Arthur Goodwin,courtney80@example.com,26,0,1,4,2025-10-28,Computer Vision Course 31,4,0,67
1164,645,26,2025-03-13,50.89,3237,78.55,3,Jennifer May,carolmartin@example.com,35,1,2,2,2025-12-18,Computer Vision Course 26,7,1,22
1165,968,40,2025-12-14,58.18,2896,46.68,3,Laura Reynolds,robertsnicole@example.com,32,0,2,0,2024-09-29,Machine Learning Course 40,2,2,64
1166,983,11,2024-10-06,91.61,2371,87.59,4,Robert Barnes,robertmorgan@example.net,26,1,2,0,2025-03-05,SQL Course 11,0,0,15
1167,970,8,2026-04-26,40.7,814,42.6,2,Douglas Scott,staceyestrada@example.com,23,1,1,3,2025-03-19,Python Course 8,1,2,38
1168,590,28,2026-06-02,71.67,3692,85.95,2,Bryan Cox,castillosandra@example.com,33,0,1,7,2025-12-09,SQL Course 28,5,0,57
1169,282,34,2025-01-17,28.27,1145,56.0,3,Christy King,nataliewagner@example.net,24,1,2,5,2025-08-23,SQL Course 34,6,2,57
1170,267,12,2024-09-20,95.48,2156,52.12,1,Stephen Hogan,aliciakhan@example.org,20,0,2,2,2025-04-06,Deep Learning Course 12,5,2,57
1171,925,12,2025-10-18,42.74,1031,62.64,2,Ronald Campbell,rebeccahampton@example.org,22,0,0,1,2024-08-08,Deep Learning Course 12,5,2,57
1172,538,15,2026-02-05,46.38,447,68.01,1,Brian Allen,qjones@example.org,24,1,2,3,2025-02-17,Data Science Course 15,6,1,75
1173,341,10,2025-08-30,87.41,2201,47.89,3,Margaret Daniel,kimberly13@example.org,24,0,0,3,2024-08-22,Python Course 10,6,2,10
1174,704,41,2025-02-02,80.53,3252,40.59,4,Tamara Blake,matthewsjoe@example.com,30,0,2,2,2024-09-16,Machine Learning Course 41,1,2,72
1175,387,7,2024-10-29,77.64,3546,79.61,5,Robert Wright,allisondavis@example.org,27,1,2,2,2026-02-13,Data Science Course 7,6,1,62
1176,469,31,2025-07-05,34.06,976,58.36,1,Cory Mcdowell,michael02@example.com,22,0,0,5,2025-08-05,Computer Vision Course 31,4,0,67
1177,232,46,2026-06-22,20.24,3084,68.51,2,Brianna Thomas,megan65@example.org,33,0,1,5,2026-02-19,NLP Course 46,3,0,48
1178,810,20,2026-06-04,23.03,603,54.57,5,Sara Wright,gwolfe@example.com,26,0,1,1,2024-12-02,Data Science Course 20,3,1,50
1179,794,25,2025-09-10,73.91,2776,86.94,2,Hannah Ellis,alan70@example.org,20,1,2,6,2026-03-29,Data Science Course 25,7,1,51
1180,791,43,2026-06-04,58.97,1486,64.42,5,Dylan Martin,michellestewart@example.net,24,1,2,0,2025-01-02,Data Science Course 43,3,2,73
1181,168,2,2025-11-22,44.58,1013,95.81,3,Sharon Massey,kurt90@example.org,32,1,2,0,2025-06-10,Data Science Course 2,1,0,41
1182,664,26,2025-04-27,93.26,3583,53.77,3,Ashley Ward,huberchristina@example.com,23,0,0,1,2024-09-02,Computer Vision Course 26,7,1,22
1183,350,13,2024-09-17,59.91,2348,58.95,2,Hunter Wallace,greenbryan@example.com,20,1,2,5,2025-03-09,SQL Course 13,7,1,41
1184,416,28,2024-11-16,64.44,276,66.56,5,Ashley Brown,jesse37@example.org,18,0,1,6,2026-01-17,SQL Course 28,5,0,57
1185,930,4,2025-06-22,48.96,4031,69.31,4,Justin Hudson,douglas95@example.com,24,1,2,2,2026-05-04,Power BI Course 4,1,0,23
1186,196,24,2025-07-03,66.12,3034,81.71,3,Andre Nguyen,pjackson@example.org,20,0,0,0,2025-01-09,Computer Vision Course 24,5,2,21
1187,431,25,2025-08-22,81.03,4777,47.88,2,Kelly Galloway,edwardmartin@example.com,25,0,1,2,2025-08-21,Data Science Course 25,7,1,51
1188,718,42,2025-02-23,35.68,1145,87.06,5,Allen Turner,ronaldterrell@example.org,27,0,1,7,2025-01-30,NLP Course 42,0,0,75
1189,195,47,2025-07-15,69.55,2811,74.77,1,James Johnston,foxkendra@example.org,33,0,2,2,2025-12-04,SQL Course 47,5,2,40
1190,815,50,2025-02-04,20.97,1495,64.87,2,Kara Hayes,william88@example.com,31,1,0,0,2025-08-01,Python Course 50,3,1,46
1191,565,40,2025-12-01,94.7,4996,75.32,1,David Marshall,jameswilliams@example.org,27,1,1,5,2024-10-19,Machine Learning Course 40,2,2,64
1192,630,47,2026-05-10,64.76,2522,72.06,5,Patricia Clark,coopertravis@example.org,31,1,1,6,2024-10-14,SQL Course 47,5,2,40
1193,600,2,2026-02-07,58.61,1928,63.05,3,Jennifer Burke,christinebrown@example.com,21,0,0,4,2025-04-16,Data Science Course 2,1,0,41
1194,578,20,2026-02-22,29.89,4168,45.55,4,Victoria Williams,kellis@example.com,32,0,2,1,2024-08-15,Data Science Course 20,3,1,50
1195,870,38,2025-08-07,28.56,1357,67.33,3,Rebecca Briggs,brianburnett@example.org,32,1,0,4,2024-11-13,Computer Vision Course 38,4,0,32
1196,746,3,2026-05-28,75.31,4482,53.8,4,Justin Jefferson,catherinewolfe@example.net,26,0,1,4,2026-03-30,Python Course 3,3,2,52
1197,613,47,2025-07-07,97.86,2544,45.87,4,Regina Holt,karenbartlett@example.com,23,0,0,2,2024-10-03,SQL Course 47,5,2,40
1198,586,22,2024-11-19,63.81,779,62.62,2,Derek Ellis,cgarcia@example.com,19,0,2,2,2025-10-05,Computer Vision Course 22,0,2,49
1199,147,49,2025-09-04,61.0,4578,85.9,2,David James,obennett@example.org,21,1,0,0,2024-12-28,SQL Course 49,4,1,62
1200,234,5,2025-08-10,32.41,2793,57.09,3,Mackenzie Bush,kenneth17@example.com,26,0,1,6,2024-12-31,Computer Vision Course 5,6,1,55
1201,614,17,2026-01-21,73.25,723,68.73,3,Jessica Martinez,ymeyers@example.org,35,1,2,7,2025-05-16,Deep Learning Course 17,1,0,22
1202,191,43,2024-08-27,27.37,2734,78.03,2,Dawn Davis,amyfox@example.net,28,0,0,3,2025-04-16,Data Science Course 43,3,2,73
1203,940,19,2026-06-03,61.32,3124,56.3,3,Hailey Wheeler,garzajennifer@example.com,30,0,2,6,2026-03-23,Machine Learning Course 19,0,0,37
1204,695,2,2024-07-14,47.19,456,96.14,3,Cynthia Moore,valerie24@example.com,21,0,0,2,2026-06-21,Data Science Course 2,1,0,41
1205,743,2,2025-01-03,65.99,4620,58.38,4,Amanda Rodriguez,cmccullough@example.org,25,0,0,6,2025-12-11,Data Science Course 2,1,0,41
1206,465,11,2025-09-13,93.29,752,83.28,1,Daniel Lang,ibarker@example.net,35,0,2,7,2024-07-19,SQL Course 11,0,0,15
1207,274,45,2024-07-24,37.54,2104,46.58,2,Mr. Matthew Bruce,evanaguilar@example.com,18,1,2,6,2026-03-07,Power BI Course 45,0,1,69
1208,517,32,2025-08-05,82.34,154,69.48,1,Elizabeth Harding,wrichardson@example.com,33,0,0,7,2025-04-14,SQL Course 32,2,1,41
1209,151,12,2025-02-04,45.31,4672,74.79,4,James Nelson,williamskaren@example.com,29,1,1,0,2025-08-10,Deep Learning Course 12,5,2,57
1210,451,23,2025-03-30,61.66,3088,86.96,1,Jonathan Evans,rhonda70@example.net,31,0,0,6,2026-01-24,SQL Course 23,6,1,47
1211,132,15,2026-03-17,39.04,2616,53.36,2,Andrew Campos,christopherharrington@example.org,35,0,1,2,2024-12-30,Data Science Course 15,6,1,75
1212,641,12,2025-01-31,74.12,4782,75.66,5,Jeremy Sims,basslori@example.com,30,1,0,7,2025-10-26,Deep Learning Course 12,5,2,57
1213,851,26,2025-09-25,84.35,509,99.34,4,Brian Fields,jacqueline19@example.org,22,0,1,3,2025-03-31,Computer Vision Course 26,7,1,22
1214,953,40,2026-04-01,90.49,490,87.94,4,Joshua Alexander,brianlopez@example.net,22,1,1,1,2025-03-12,Machine Learning Course 40,2,2,64
1215,619,15,2026-04-10,79.19,1523,99.61,2,Cynthia Elliott,wcook@example.com,31,1,0,7,2025-05-05,Data Science Course 15,6,1,75
1216,393,8,2026-03-27,62.73,3519,47.23,2,Tiffany Welch,haroldpowell@example.org,31,0,0,1,2024-09-02,Python Course 8,1,2,38
1217,329,11,2026-04-02,71.72,1775,62.85,2,James Stevenson,cathy21@example.com,29,0,2,1,2025-05-07,SQL Course 11,0,0,15
1218,895,32,2026-06-27,82.05,1335,98.66,1,Lisa Chaney,imcdonald@example.org,30,1,2,3,2024-10-06,SQL Course 32,2,1,41
1219,327,33,2024-10-14,48.5,3479,43.74,5,Denise Mclaughlin,derek59@example.org,18,0,0,7,2025-12-25,Power BI Course 33,7,1,58
1220,264,6,2024-10-01,84.86,2963,82.24,2,Rebecca Whitehead,jonesjacqueline@example.net,34,0,0,1,2026-07-03,Python Course 6,2,1,11
1221,972,9,2025-02-08,71.1,4426,95.13,4,Kelly Webb,jenniferboone@example.com,28,0,1,1,2025-11-22,SQL Course 9,6,0,47
1222,638,47,2025-09-02,83.96,4771,44.19,5,Austin Flores,ryan04@example.com,18,1,2,1,2025-08-01,SQL Course 47,5,2,40
1223,163,28,2025-11-20,34.26,2252,75.22,5,Joshua Perez,stephaniegeorge@example.org,32,1,2,6,2024-10-21,SQL Course 28,5,0,57
1224,937,36,2025-04-01,92.03,2725,93.17,5,Kimberly James,dylan79@example.org,21,0,2,1,2025-07-19,Computer Vision Course 36,2,0,77
1225,741,36,2025-05-28,34.79,3036,60.18,4,Alyssa Thomas,ryan56@example.net,19,1,2,6,2024-09-07,Computer Vision Course 36,2,0,77
1226,545,6,2024-12-02,24.87,1476,44.68,1,Lynn Christensen,paulsharp@example.net,33,0,1,7,2025-11-17,Python Course 6,2,1,11
1227,205,7,2024-12-28,74.82,4295,88.77,5,Stephanie Bailey,mooremelanie@example.net,22,0,2,0,2024-09-01,Data Science Course 7,6,1,62
1228,285,4,2026-01-06,96.16,798,66.72,1,Angela Chambers,gelliott@example.net,25,0,1,4,2025-03-29,Power BI Course 4,1,0,23
1229,419,38,2025-06-20,56.43,3644,40.24,4,Robert Davidson,briannaphillips@example.com,24,0,0,1,2025-02-17,Computer Vision Course 38,4,0,32
1230,788,40,2026-04-28,64.59,1468,46.73,4,Allison Martinez,autumnlittle@example.org,32,1,1,2,2026-02-12,Machine Learning Course 40,2,2,64
1231,153,30,2025-05-13,78.04,4118,80.8,1,Shannon Wilkerson,thomasstephanie@example.org,33,1,1,0,2024-12-07,Machine Learning Course 30,1,2,60
1232,707,37,2025-02-08,34.66,141,62.83,4,Kenneth Pitts,susanpage@example.org,29,0,1,4,2024-12-02,SQL Course 37,0,0,38
1233,201,10,2026-01-19,33.53,3881,94.47,4,Andrew Delacruz,flynnmarcus@example.com,20,0,2,3,2025-07-30,Python Course 10,6,2,10
1234,821,1,2025-04-22,55.06,2136,80.42,2,Christopher Miller,medwards@example.com,20,1,0,5,2025-01-06,Power BI Course 1,3,1,21
1235,889,30,2025-09-02,53.87,711,89.84,1,Matthew Young,warrenwilliam@example.net,30,0,2,7,2026-05-07,Machine Learning Course 30,1,2,60
1236,957,25,2024-09-19,20.81,3047,54.22,5,Megan Cooper,sheila97@example.com,22,1,1,3,2024-12-30,Data Science Course 25,7,1,51
1237,367,20,2024-09-19,88.99,3834,76.1,1,Jason Ball,oharrell@example.com,30,0,1,1,2025-10-28,Data Science Course 20,3,1,50
1238,801,39,2025-08-12,62.58,168,77.22,2,Sabrina Zavala,charles03@example.net,29,1,0,7,2025-04-07,Power BI Course 39,4,2,33
1239,69,2,2024-11-19,85.92,1804,66.77,3,James Davis,lesliemann@example.org,35,1,1,6,2026-02-11,Data Science Course 2,1,0,41
1240,925,7,2024-09-23,58.72,2624,94.89,3,Ronald Campbell,rebeccahampton@example.org,22,0,0,1,2024-08-08,Data Science Course 7,6,1,62
1241,828,21,2026-07-02,32.32,4758,72.66,3,Melissa Moore,bryanthompson@example.org,29,1,0,5,2025-11-26,Data Science Course 21,0,0,66
1242,66,8,2026-04-01,42.85,4939,43.12,2,Joel Potter,kwhitney@example.net,25,1,0,4,2026-06-02,Python Course 8,1,2,38
1243,85,18,2026-05-12,87.66,147,98.47,3,Marcus Stanley,williamkrueger@example.org,22,0,1,6,2025-06-06,Machine Learning Course 18,0,0,25
1244,897,39,2025-12-18,79.33,4026,49.53,2,Jacob Leonard,austinbaxter@example.com,34,0,0,1,2026-05-02,Power BI Course 39,4,2,33
1245,773,43,2025-08-12,82.74,1680,64.15,3,Gina Burch,michaelwu@example.com,35,0,1,2,2025-10-14,Data Science Course 43,3,2,73
1246,206,19,2025-01-05,37.92,4255,46.02,5,Joann Thompson,michael30@example.net,25,0,2,0,2024-10-25,Machine Learning Course 19,0,0,37
1247,91,16,2025-08-27,63.4,216,41.88,2,Lynn White,wnichols@example.com,24,1,2,3,2024-09-10,Deep Learning Course 16,5,0,68
1248,447,14,2024-08-04,41.14,1027,65.43,2,Mallory Coleman,gregorysmith@example.com,34,0,2,0,2025-07-18,Python Course 14,1,1,43
1249,387,25,2026-01-23,87.4,3897,90.42,1,Robert Wright,allisondavis@example.org,27,1,2,2,2026-02-13,Data Science Course 25,7,1,51
1250,655,8,2025-06-23,30.92,1771,80.86,2,Steven Curtis,williamware@example.net,34,0,1,3,2025-06-16,Python Course 8,1,2,38
1251,202,30,2024-08-07,21.08,1132,85.7,4,Kim Sullivan,thompsoneduardo@example.org,21,1,0,1,2025-01-23,Machine Learning Course 30,1,2,60
1252,888,17,2025-12-18,51.46,4211,84.39,2,Terry Bell,kwilliams@example.org,23,0,0,6,2024-09-15,Deep Learning Course 17,1,0,22
1253,208,42,2025-09-21,47.25,1299,78.27,3,Michael Hughes,williamcohen@example.com,32,1,0,7,2025-03-09,NLP Course 42,0,0,75
1254,835,19,2025-08-18,61.53,308,92.9,5,Mr. Thomas Huang MD,rpatterson@example.org,31,0,0,4,2025-02-21,Machine Learning Course 19,0,0,37
1255,552,35,2024-08-08,22.47,3392,88.52,4,Leslie Alvarado,riveramariah@example.net,21,0,0,4,2026-02-16,NLP Course 35,1,0,70
1256,972,31,2025-09-12,46.5,2253,48.88,2,Kelly Webb,jenniferboone@example.com,28,0,1,1,2025-11-22,Computer Vision Course 31,4,0,67
1257,384,16,2025-11-24,32.7,1545,56.82,4,Dawn Moran,ivega@example.com,20,0,1,3,2025-11-26,Deep Learning Course 16,5,0,68
1258,401,21,2026-05-26,74.72,3516,90.38,3,Amanda Andrade,johnglover@example.org,26,1,1,7,2025-06-01,Data Science Course 21,0,0,66
1259,726,30,2026-06-18,92.84,1160,71.16,1,Beth Acosta,erinavery@example.org,22,1,0,2,2024-12-14,Machine Learning Course 30,1,2,60
1260,99,20,2026-04-27,30.5,4466,50.14,3,Kimberly Williams,hicksanthony@example.com,20,0,0,3,2025-09-06,Data Science Course 20,3,1,50
1261,84,45,2024-09-19,29.0,4353,81.99,1,Teresa Brown,wilsonjoshua@example.net,28,0,1,5,2025-12-07,Power BI Course 45,0,1,69
1262,552,39,2026-02-24,60.86,1540,53.55,4,Leslie Alvarado,riveramariah@example.net,21,0,0,4,2026-02-16,Power BI Course 39,4,2,33
1263,556,10,2024-08-24,51.31,1701,41.21,5,Molly Stewart,jennifer85@example.org,18,0,1,5,2026-03-13,Python Course 10,6,2,10
1264,803,6,2026-03-03,38.68,1330,70.94,3,Casey Martinez,zhogan@example.net,24,1,2,5,2025-01-20,Python Course 6,2,1,11
1265,208,20,2024-10-07,23.24,764,43.47,1,Michael Hughes,williamcohen@example.com,32,1,0,7,2025-03-09,Data Science Course 20,3,1,50
1266,229,45,2024-11-11,37.93,1927,74.65,4,Rodney Johnson,nicholasphillips@example.net,34,1,0,2,2025-08-14,Power BI Course 45,0,1,69
1267,568,15,2024-07-30,96.48,3788,85.31,1,Carolyn Watson,davidtyler@example.com,20,0,1,2,2024-08-03,Data Science Course 15,6,1,75
1268,668,14,2024-10-09,85.15,3554,47.43,3,Brad Willis,carly95@example.org,19,0,0,7,2025-05-22,Python Course 14,1,1,43
1269,644,2,2025-04-05,86.66,2305,61.6,2,Christopher Mayo,brian68@example.org,23,1,0,4,2025-12-05,Data Science Course 2,1,0,41
1270,165,14,2025-11-01,28.77,4519,75.36,5,Michael Cruz,gonzalezlindsay@example.com,29,0,1,3,2024-12-31,Python Course 14,1,1,43
1271,588,15,2025-04-04,45.97,544,68.43,2,Dustin Knight,smithlinda@example.org,22,1,2,1,2024-11-09,Data Science Course 15,6,1,75
1272,755,16,2024-09-16,27.96,2762,85.18,2,Brianna Moreno DVM,lovepamela@example.com,27,1,0,4,2024-07-17,Deep Learning Course 16,5,0,68
1273,750,17,2024-11-06,48.82,908,72.35,1,Jill Frye,richard44@example.net,21,0,0,6,2026-05-12,Deep Learning Course 17,1,0,22
1274,769,38,2024-07-16,50.77,4594,40.62,4,Joseph Donovan,dakota55@example.org,27,0,1,7,2024-11-17,Computer Vision Course 38,4,0,32
1275,614,48,2026-06-09,36.91,3466,43.37,3,Jessica Martinez,ymeyers@example.org,35,1,2,7,2025-05-16,Power BI Course 48,7,2,62
1276,234,10,2025-02-09,29.83,2748,76.42,1,Mackenzie Bush,kenneth17@example.com,26,0,1,6,2024-12-31,Python Course 10,6,2,10
1277,753,21,2025-05-02,76.51,1001,62.35,1,William Ho,rspencer@example.net,24,1,0,1,2024-12-10,Data Science Course 21,0,0,66
1278,963,49,2026-03-25,78.84,540,70.78,2,Gina Collins,bakertheresa@example.org,26,1,1,1,2024-09-07,SQL Course 49,4,1,62
1279,79,29,2025-04-04,43.35,663,89.11,1,Amanda Alvarez,irichardson@example.net,25,0,0,7,2024-09-26,Data Science Course 29,2,2,62
1280,551,47,2024-12-11,35.37,893,45.05,5,Christopher Barnes,kristina69@example.com,33,1,1,0,2025-11-13,SQL Course 47,5,2,40
1281,67,47,2026-05-05,30.49,3457,61.15,4,Calvin Ryan,plopez@example.org,20,0,0,3,2024-09-29,SQL Course 47,5,2,40
1282,501,5,2026-01-11,95.59,2062,89.74,1,Barbara Simmons,charlene23@example.com,19,0,2,3,2024-10-02,Computer Vision Course 5,6,1,55
1283,775,35,2024-12-13,30.14,4941,84.43,4,John Wilson,melinda38@example.com,22,1,0,0,2026-06-19,NLP Course 35,1,0,70
1284,518,48,2026-01-01,51.81,4662,75.18,5,Rebecca Grant,schwartzchristopher@example.com,26,1,2,6,2024-08-12,Power BI Course 48,7,2,62
1285,823,40,2025-03-28,91.24,3784,70.65,3,David Torres,fburnett@example.com,31,0,1,0,2025-03-09,Machine Learning Course 40,2,2,64
1286,558,14,2025-08-13,89.57,3737,69.19,1,Stephen Vaughan,oturner@example.com,22,1,0,6,2025-10-20,Python Course 14,1,1,43
1287,760,17,2024-11-22,60.14,1173,93.49,2,Michelle Hanna,fuenteskyle@example.net,33,0,2,4,2024-10-01,Deep Learning Course 17,1,0,22
1288,576,42,2025-10-09,74.87,2688,57.96,2,Mary Landry,vanessa37@example.org,33,0,0,4,2025-09-06,NLP Course 42,0,0,75
1289,693,34,2025-05-21,25.15,1499,86.69,3,Gary Walsh,kevinmoore@example.net,35,1,0,2,2026-03-09,SQL Course 34,6,2,57
1290,681,29,2024-08-07,59.69,1600,92.99,1,Mrs. Betty Kim,lawrencesimpson@example.com,34,1,1,1,2024-08-31,Data Science Course 29,2,2,62
1291,272,12,2024-11-23,25.75,1834,65.33,3,Jeffrey Hahn,beverly65@example.org,34,0,0,3,2025-01-15,Deep Learning Course 12,5,2,57
1292,461,6,2024-11-12,31.02,2806,57.3,5,Teresa Anthony,danielthornton@example.com,34,1,0,7,2025-12-10,Python Course 6,2,1,11
1293,439,41,2026-04-24,92.45,2094,43.01,4,Jeremy Bishop,daniel46@example.net,21,1,1,3,2024-07-28,Machine Learning Course 41,1,2,72
1294,809,7,2024-12-04,95.08,3015,58.13,1,Alison Martinez,bgordon@example.net,26,0,0,2,2026-06-29,Data Science Course 7,6,1,62
1295,267,1,2024-09-10,49.69,3445,66.13,5,Stephen Hogan,aliciakhan@example.org,20,0,2,2,2025-04-06,Power BI Course 1,3,1,21
1296,79,44,2025-03-14,82.57,4047,53.46,1,Amanda Alvarez,irichardson@example.net,25,0,0,7,2024-09-26,Computer Vision Course 44,1,2,29
1297,198,18,2024-07-27,69.46,273,48.71,5,Dr. Christopher Powell,rebeccaclark@example.org,32,1,0,2,2025-08-21,Machine Learning Course 18,0,0,25
1298,919,14,2024-09-25,31.19,2883,86.42,2,Tara Young,guerreronathan@example.net,21,0,0,0,2024-10-08,Python Course 14,1,1,43
1299,950,28,2025-05-13,91.76,223,91.02,2,Jennifer Martinez,jonestodd@example.org,23,1,2,4,2026-07-06,SQL Course 28,5,0,57
1300,421,5,2025-10-02,75.4,270,71.2,2,Laura Mcbride,kristastout@example.net,27,1,0,6,2024-08-21,Computer Vision Course 5,6,1,55
1301,975,16,2025-05-20,47.25,4401,54.34,2,Dean Bailey,salazarrichard@example.com,30,0,0,4,2025-07-04,Deep Learning Course 16,5,0,68
1302,59,27,2025-11-22,94.39,4801,52.96,4,Katelyn Gentry,zpeterson@example.com,19,0,0,3,2024-12-31,Computer Vision Course 27,5,0,70
1303,172,11,2025-02-14,63.83,4134,49.39,5,Matthew Hernandez,fsimmons@example.org,22,0,1,5,2025-07-01,SQL Course 11,0,0,15
1304,780,17,2025-12-28,89.95,1592,66.36,1,Tina Padilla,michaelcooper@example.net,29,0,0,0,2025-09-26,Deep Learning Course 17,1,0,22
1305,426,23,2026-04-02,71.74,4800,52.22,3,Sandra Mora,nsanchez@example.net,26,1,2,3,2025-07-23,SQL Course 23,6,1,47
1306,124,34,2025-04-19,91.57,4767,95.76,4,Cheryl Wolfe,lori58@example.org,24,1,2,4,2024-11-16,SQL Course 34,6,2,57
1307,570,29,2025-12-07,50.72,2443,46.21,2,Matthew Brown,williamrodriguez@example.net,25,0,0,3,2024-08-20,Data Science Course 29,2,2,62
1308,775,30,2025-04-22,56.94,1002,50.23,1,John Wilson,melinda38@example.com,22,1,0,0,2026-06-19,Machine Learning Course 30,1,2,60
1309,196,3,2025-08-02,35.58,2591,49.68,5,Andre Nguyen,pjackson@example.org,20,0,0,0,2025-01-09,Python Course 3,3,2,52
1310,917,34,2024-12-16,43.24,676,88.0,2,Christopher Foster,yford@example.org,23,1,1,7,2025-12-21,SQL Course 34,6,2,57
1311,120,40,2024-11-04,81.8,3948,75.06,1,Ashley Kelley,michelletaylor@example.org,18,0,2,4,2026-02-20,Machine Learning Course 40,2,2,64
1312,124,23,2025-08-14,90.75,4902,57.52,1,Cheryl Wolfe,lori58@example.org,24,1,2,4,2024-11-16,SQL Course 23,6,1,47
1313,879,7,2025-04-23,37.12,663,70.25,3,Madeline Jackson,perezpaul@example.net,21,1,0,2,2025-02-12,Data Science Course 7,6,1,62
1314,576,45,2025-09-30,83.27,2927,60.87,2,Mary Landry,vanessa37@example.org,33,0,0,4,2025-09-06,Power BI Course 45,0,1,69
1315,397,14,2026-01-31,27.8,3273,53.83,1,Anna Stewart,maria39@example.org,31,0,1,7,2026-04-09,Python Course 14,1,1,43
1316,833,37,2026-05-07,73.62,1663,83.91,5,Thomas Kelly,tiffanyjohnson@example.com,20,1,0,4,2025-11-17,SQL Course 37,0,0,38
1317,529,26,2025-04-06,36.2,2924,88.3,5,Paul Brock,gortiz@example.org,23,0,1,4,2024-07-23,Computer Vision Course 26,7,1,22
1318,235,3,2025-12-08,77.24,3645,97.81,3,Carrie Wilcox,mackdavid@example.org,19,0,1,5,2024-10-19,Python Course 3,3,2,52
1319,613,20,2025-08-27,63.3,4516,88.87,1,Regina Holt,karenbartlett@example.com,23,0,0,2,2024-10-03,Data Science Course 20,3,1,50
1320,58,32,2025-06-19,29.38,1047,87.76,1,Lindsay Kim,carolgarcia@example.net,31,1,1,2,2025-10-18,SQL Course 32,2,1,41
1321,266,30,2025-01-20,94.99,3485,86.94,5,James Bonilla,jeffery90@example.org,18,0,0,3,2025-03-19,Machine Learning Course 30,1,2,60
1322,814,12,2024-09-12,24.6,3191,41.62,4,Lauren Jackson,savannahhoover@example.com,20,0,1,6,2025-10-29,Deep Learning Course 12,5,2,57
1323,936,2,2025-06-26,83.43,4931,70.65,5,Michelle Rich MD,sydney86@example.org,34,0,2,4,2026-03-20,Data Science Course 2,1,0,41
1324,348,50,2025-08-24,74.71,2208,66.11,4,Michael Johnson,waustin@example.org,24,1,1,5,2024-09-18,Python Course 50,3,1,46
1325,643,40,2026-05-06,37.86,421,45.96,5,William Harris,fbrowning@example.org,21,0,2,1,2026-04-18,Machine Learning Course 40,2,2,64
1326,498,33,2025-06-21,69.09,4755,86.06,2,Isabella Alvarez,erin84@example.net,27,1,2,0,2025-07-25,Power BI Course 33,7,1,58
1327,546,42,2025-12-03,84.78,2577,91.5,2,Desiree Boyd,carolynwhite@example.com,31,1,2,0,2026-02-14,NLP Course 42,0,0,75
1328,201,45,2025-07-15,76.56,4628,70.83,3,Andrew Delacruz,flynnmarcus@example.com,20,0,2,3,2025-07-30,Power BI Course 45,0,1,69
1329,654,19,2025-01-04,25.88,3906,54.66,5,Lisa Parker,william38@example.net,35,1,1,0,2026-07-08,Machine Learning Course 19,0,0,37
1330,704,2,2026-07-01,66.84,3808,52.4,1,Tamara Blake,matthewsjoe@example.com,30,0,2,2,2024-09-16,Data Science Course 2,1,0,41
1331,833,25,2026-03-18,80.72,4853,54.86,3,Thomas Kelly,tiffanyjohnson@example.com,20,1,0,4,2025-11-17,Data Science Course 25,7,1,51
1332,339,36,2025-02-06,94.46,3270,62.64,1,Jason Hansen,smithjoshua@example.com,31,1,1,4,2025-08-07,Computer Vision Course 36,2,0,77
1333,843,16,2025-04-19,57.46,4221,54.3,3,Sherri Norton,jennifermcconnell@example.net,23,0,0,3,2024-08-04,Deep Learning Course 16,5,0,68
1334,366,37,2025-02-09,99.83,2002,84.65,5,Tracey Clark,harrisstephen@example.org,25,1,1,2,2026-05-07,SQL Course 37,0,0,38
1335,675,44,2025-03-08,43.25,1735,50.18,5,Phyllis French,elizabeth69@example.org,26,0,0,0,2025-01-23,Computer Vision Course 44,1,2,29
1336,602,40,2024-12-18,98.18,4830,86.83,1,Craig Miller,laura40@example.org,20,1,1,5,2024-08-30,Machine Learning Course 40,2,2,64
1337,680,11,2025-02-23,48.81,4607,71.04,2,Jackie Frank,elizabethnguyen@example.org,21,1,1,2,2024-12-11,SQL Course 11,0,0,15
1338,25,20,2025-03-19,65.42,1357,83.57,1,Yolanda Sosa,christopherdaniels@example.com,25,0,2,5,2025-03-21,Data Science Course 20,3,1,50
1339,731,34,2026-05-13,52.69,3757,64.58,4,Jason Spencer,qthomas@example.org,24,1,2,4,2024-08-14,SQL Course 34,6,2,57
1340,587,20,2024-11-17,74.9,3404,99.36,3,Sarah Bender,wspencer@example.net,33,1,1,0,2026-05-17,Data Science Course 20,3,1,50
1341,277,27,2025-09-24,86.53,3372,88.6,2,Cory Roy,deborahwalters@example.net,27,1,2,4,2026-01-08,Computer Vision Course 27,5,0,70
1342,848,38,2025-03-10,72.74,3572,77.88,2,Mark Miller,miguel07@example.net,21,0,0,1,2024-10-16,Computer Vision Course 38,4,0,32
1343,971,28,2024-12-23,87.98,2679,51.2,5,Robert Smith,megannorton@example.org,22,0,2,4,2025-07-30,SQL Course 28,5,0,57
1344,196,25,2025-05-10,84.04,1292,52.54,5,Andre Nguyen,pjackson@example.org,20,0,0,0,2025-01-09,Data Science Course 25,7,1,51
1345,372,42,2024-11-17,75.35,277,73.92,1,Haley Thompson,yrogers@example.net,35,0,1,2,2025-05-24,NLP Course 42,0,0,75
1346,720,8,2024-11-12,84.02,1326,69.6,5,Kristine Torres,coxcory@example.com,21,0,2,2,2025-06-06,Python Course 8,1,2,38
1347,495,5,2025-02-11,86.84,3158,74.07,3,Nicolas Hernandez,cindy80@example.net,30,0,0,0,2025-12-28,Computer Vision Course 5,6,1,55
1348,744,15,2026-06-06,78.49,3385,49.21,2,Brenda Rose,blankenshipmatthew@example.net,20,0,2,0,2026-06-24,Data Science Course 15,6,1,75
1349,679,39,2024-12-26,23.28,2453,78.84,5,John Williams,nrogers@example.com,22,1,1,2,2024-11-15,Power BI Course 39,4,2,33
1350,695,32,2025-05-21,27.95,3384,59.76,5,Cynthia Moore,valerie24@example.com,21,0,0,2,2026-06-21,SQL Course 32,2,1,41
1351,51,33,2025-03-20,66.52,4838,52.76,3,Shannon Sullivan,iturner@example.org,26,0,2,6,2025-07-25,Power BI Course 33,7,1,58
1352,208,5,2024-11-28,59.38,140,48.62,1,Michael Hughes,williamcohen@example.com,32,1,0,7,2025-03-09,Computer Vision Course 5,6,1,55
1353,53,27,2025-10-06,39.64,4086,52.19,3,Robin Hughes,grimestyler@example.org,34,1,1,4,2025-07-12,Computer Vision Course 27,5,0,70
1354,844,43,2026-02-04,36.77,1084,68.14,4,Amy Lynch,jennifer16@example.net,23,1,0,6,2025-09-11,Data Science Course 43,3,2,73
1355,796,4,2025-05-31,96.15,3535,44.81,4,Bethany Hernandez,scottgreen@example.org,34,0,2,5,2025-01-28,Power BI Course 4,1,0,23
1356,856,44,2025-10-26,36.06,4066,47.85,4,Mark Baker,michelejohnson@example.net,18,1,2,6,2025-04-10,Computer Vision Course 44,1,2,29
1357,225,4,2026-05-06,82.03,3378,42.8,5,Kimberly Krueger,jenniferpeterson@example.com,33,0,2,1,2024-10-08,Power BI Course 4,1,0,23
1358,812,21,2026-06-02,46.69,93,73.16,3,Patricia Bennett,smiller@example.net,30,1,2,6,2024-07-25,Data Science Course 21,0,0,66
1359,182,18,2026-02-04,82.3,3447,84.78,5,Susan Nguyen,mcgeetracy@example.com,18,1,1,1,2025-08-18,Machine Learning Course 18,0,0,25
1360,415,2,2024-11-02,42.27,1010,96.43,5,Arthur Goodwin,courtney80@example.com,26,0,1,4,2025-10-28,Data Science Course 2,1,0,41
1361,3,22,2025-05-01,89.09,3616,45.38,4,Ashley Osborne DDS,michaelsanchez@example.org,22,1,0,5,2024-10-18,Computer Vision Course 22,0,2,49
1362,171,38,2026-05-30,50.72,2738,50.98,4,Adrian Bradshaw,pwilliams@example.com,27,1,0,6,2025-08-24,Computer Vision Course 38,4,0,32
1363,973,29,2025-01-06,73.74,376,53.19,2,Jaime Taylor,jennifer23@example.net,27,1,2,3,2025-12-05,Data Science Course 29,2,2,62
1364,881,13,2026-07-12,76.93,475,56.03,5,Emily Koch,hcochran@example.net,30,1,1,6,2024-11-08,SQL Course 13,7,1,41
1365,870,23,2026-07-05,76.07,3121,90.67,4,Rebecca Briggs,brianburnett@example.org,32,1,0,4,2024-11-13,SQL Course 23,6,1,47
1366,887,11,2025-10-30,24.3,3501,45.48,5,Jeremiah Perez,nashevan@example.org,33,0,1,6,2025-01-24,SQL Course 11,0,0,15
1367,768,2,2025-04-14,28.77,4916,43.95,1,Dr. Cynthia Huerta MD,jeremycole@example.org,20,1,1,1,2025-12-23,Data Science Course 2,1,0,41
1368,884,23,2026-01-07,56.76,4107,97.49,1,Misty Smith,michaellee@example.com,31,1,2,6,2025-11-26,SQL Course 23,6,1,47
1369,711,41,2025-02-23,38.94,3468,72.06,2,Andrea Mccoy,bradley99@example.org,22,0,1,7,2024-07-13,Machine Learning Course 41,1,2,72
1370,54,18,2024-07-29,67.25,2219,92.49,3,Alyssa Klein,wattscrystal@example.com,21,0,2,1,2024-07-30,Machine Learning Course 18,0,0,25
1371,884,14,2025-11-28,49.89,3732,56.62,1,Misty Smith,michaellee@example.com,31,1,2,6,2025-11-26,Python Course 14,1,1,43
1372,368,37,2025-01-01,91.7,1339,47.75,2,Tammy Ibarra,cynthiamorris@example.net,20,1,0,3,2025-09-18,SQL Course 37,0,0,38
1373,715,43,2024-07-27,91.98,2379,59.67,3,Jessica Walters,james98@example.org,33,1,2,6,2025-05-26,Data Science Course 43,3,2,73
1374,77,17,2026-01-08,20.01,909,72.58,5,Clifford Robbins,gloria07@example.com,20,0,0,7,2025-12-06,Deep Learning Course 17,1,0,22
1375,870,43,2025-07-19,24.52,3137,87.13,3,Rebecca Briggs,brianburnett@example.org,32,1,0,4,2024-11-13,Data Science Course 43,3,2,73
1376,826,2,2026-03-07,94.46,2237,93.12,1,Diana Meyer,natashagarcia@example.org,23,0,2,0,2026-02-08,Data Science Course 2,1,0,41
1377,619,15,2025-05-22,22.77,1119,57.4,2,Cynthia Elliott,wcook@example.com,31,1,0,7,2025-05-05,Data Science Course 15,6,1,75
1378,50,36,2024-12-22,56.56,4363,78.13,1,Christopher Gomez,dcantrell@example.net,29,1,2,6,2024-08-13,Computer Vision Course 36,2,0,77
1379,839,9,2025-06-15,58.62,4231,68.84,4,Annette Miller,randyoneal@example.net,35,0,1,6,2025-08-11,SQL Course 9,6,0,47
1380,216,11,2025-02-07,25.08,4674,87.38,2,Adam Walker,njackson@example.org,18,1,0,1,2026-06-17,SQL Course 11,0,0,15
1381,269,14,2025-07-14,31.69,2035,54.62,3,Chad Krause,yallen@example.com,24,0,0,3,2025-06-19,Python Course 14,1,1,43
1382,758,6,2026-04-18,69.76,3356,45.29,4,Katie Morgan,richjoshua@example.net,29,0,1,6,2024-08-01,Python Course 6,2,1,11
1383,901,49,2025-05-08,92.96,2103,79.41,5,Michael Gonzalez,landryjohn@example.org,20,1,2,4,2024-10-20,SQL Course 49,4,1,62
1384,593,38,2026-03-26,46.92,4304,45.72,2,Amanda Smith,xavierparsons@example.com,26,1,1,5,2025-02-19,Computer Vision Course 38,4,0,32
1385,623,50,2025-10-12,89.05,3693,78.75,3,Jeffrey Mitchell,mrose@example.net,20,1,0,4,2024-10-08,Python Course 50,3,1,46
1386,191,37,2025-03-06,80.58,3545,69.25,2,Dawn Davis,amyfox@example.net,28,0,0,3,2025-04-16,SQL Course 37,0,0,38
1387,846,39,2025-06-20,28.53,2485,84.89,3,Kevin Ruiz,pmartin@example.net,21,1,1,7,2024-11-16,Power BI Course 39,4,2,33
1388,209,19,2026-06-21,37.21,3520,60.12,2,Brenda Lopez,lindseygonzalez@example.net,32,0,0,2,2025-04-09,Machine Learning Course 19,0,0,37
1389,11,23,2025-05-22,79.06,446,55.53,1,George Durham,hansenanna@example.net,26,0,2,4,2025-10-05,SQL Course 23,6,1,47
1390,203,22,2025-10-11,28.11,2289,71.02,3,Mr. Sergio Trevino,creed@example.net,33,0,0,7,2025-10-30,Computer Vision Course 22,0,2,49
1391,34,29,2025-03-13,34.19,3957,55.71,1,Shawn Tapia,alec76@example.org,31,0,1,1,2024-08-12,Data Science Course 29,2,2,62
1392,883,6,2025-06-30,32.59,3730,48.11,4,Samantha Glass,trevor64@example.org,27,1,1,2,2025-08-23,Python Course 6,2,1,11
1393,617,26,2026-05-25,88.5,4801,82.98,4,Margaret Howell,margarethorton@example.org,30,0,2,0,2026-06-29,Computer Vision Course 26,7,1,22
1394,389,15,2024-12-25,67.14,786,96.98,3,Stacey Scott,jackruiz@example.com,29,1,1,1,2026-05-04,Data Science Course 15,6,1,75
1395,143,27,2026-02-08,96.73,1941,67.7,3,Cassidy Summers,richardsonchad@example.org,24,1,1,4,2024-09-22,Computer Vision Course 27,5,0,70
1396,363,47,2024-09-18,95.42,4338,63.92,3,Victor House,hlewis@example.net,18,0,2,7,2026-01-01,SQL Course 47,5,2,40
1397,67,26,2026-03-20,74.06,1665,68.99,2,Calvin Ryan,plopez@example.org,20,0,0,3,2024-09-29,Computer Vision Course 26,7,1,22
1398,749,47,2026-07-07,74.18,738,91.11,3,Lindsay Clark,cameron53@example.com,34,1,0,0,2025-06-14,SQL Course 47,5,2,40
1399,314,21,2025-01-01,92.27,3353,72.99,3,Stephanie Davenport,jjohnson@example.net,18,0,1,1,2025-02-27,Data Science Course 21,0,0,66
1400,646,47,2026-04-21,58.65,308,58.19,3,Latasha Mcbride,michaelwallace@example.com,32,1,2,3,2025-08-21,SQL Course 47,5,2,40
1401,840,10,2025-08-30,85.93,946,83.64,3,Andrew Olson,smithwilliam@example.com,20,0,0,4,2025-04-11,Python Course 10,6,2,10
1402,744,33,2025-04-07,84.97,481,94.73,2,Brenda Rose,blankenshipmatthew@example.net,20,0,2,0,2026-06-24,Power BI Course 33,7,1,58
1403,796,24,2025-11-22,68.15,4863,99.87,2,Bethany Hernandez,scottgreen@example.org,34,0,2,5,2025-01-28,Computer Vision Course 24,5,2,21
1404,275,38,2025-02-10,64.86,825,71.02,5,Gabriella Wilson,iortiz@example.org,19,0,2,4,2026-04-12,Computer Vision Course 38,4,0,32
1405,35,45,2025-03-08,58.43,3224,56.21,1,Michael Watson,john15@example.net,30,0,2,6,2025-06-12,Power BI Course 45,0,1,69
1406,850,44,2025-11-29,86.98,4633,59.32,4,Kelli Hawkins,valerie86@example.com,30,1,2,1,2025-11-30,Computer Vision Course 44,1,2,29
1407,734,20,2026-02-01,24.71,4960,51.51,5,Robert Richmond,williamsrichard@example.net,20,0,0,3,2024-08-01,Data Science Course 20,3,1,50
1408,146,11,2024-08-26,37.52,1134,51.7,1,Pamela Miller,jmacdonald@example.net,25,0,1,1,2025-07-03,SQL Course 11,0,0,15
1409,707,20,2024-09-22,55.72,873,51.42,4,Kenneth Pitts,susanpage@example.org,29,0,1,4,2024-12-02,Data Science Course 20,3,1,50
1410,847,2,2025-10-04,86.35,1559,81.44,5,Sarah Young,jwilliams@example.net,19,1,0,5,2026-05-12,Data Science Course 2,1,0,41
1411,302,13,2025-06-27,65.86,2193,65.62,4,Cynthia Buchanan,kyle68@example.org,24,0,2,2,2025-05-11,SQL Course 13,7,1,41
1412,14,45,2025-01-19,59.57,2358,86.01,3,Janice Hamilton,wmorton@example.net,31,1,0,3,2024-12-07,Power BI Course 45,0,1,69
1413,967,20,2024-11-22,39.26,819,82.93,1,James Lambert,yjohnson@example.com,18,1,1,6,2024-11-22,Data Science Course 20,3,1,50
1414,60,25,2025-04-13,86.1,1892,65.65,5,Kenneth Rice,zfaulkner@example.net,26,0,0,4,2025-05-14,Data Science Course 25,7,1,51
1415,539,28,2024-11-07,27.35,500,67.74,4,Jennifer Byrd,kmoody@example.com,34,0,0,3,2026-02-14,SQL Course 28,5,0,57
1416,258,34,2026-02-27,52.93,1902,49.71,1,Robert Hall,vgallagher@example.org,22,0,1,6,2025-01-09,SQL Course 34,6,2,57
1417,902,15,2024-10-03,69.74,1511,99.2,2,Monica Brooks,kleinchristopher@example.net,24,0,1,3,2024-11-16,Data Science Course 15,6,1,75
1418,142,49,2025-11-14,68.16,1681,48.61,2,Kathy Mckenzie,james27@example.org,33,0,2,7,2025-10-17,SQL Course 49,4,1,62
1419,433,10,2025-11-06,72.69,3072,56.62,5,Jose Rocha,james79@example.org,19,1,1,4,2026-01-18,Python Course 10,6,2,10
1420,29,14,2025-12-15,36.72,3581,71.5,5,Joshua Wilson,campbellmelissa@example.com,18,1,0,1,2025-09-16,Python Course 14,1,1,43
1421,216,15,2025-01-19,80.31,2718,71.51,2,Adam Walker,njackson@example.org,18,1,0,1,2026-06-17,Data Science Course 15,6,1,75
1422,228,43,2025-10-17,47.61,1315,92.43,4,Renee Thompson,thompsonlauren@example.org,22,0,1,6,2025-09-07,Data Science Course 43,3,2,73
1423,363,21,2025-11-18,40.7,2400,40.98,1,Victor House,hlewis@example.net,18,0,2,7,2026-01-01,Data Science Course 21,0,0,66
1424,108,31,2024-12-03,41.49,4714,53.24,2,Christopher Grimes,teresacohen@example.com,22,0,0,1,2024-09-18,Computer Vision Course 31,4,0,67
1425,962,46,2024-08-18,55.05,2284,74.36,4,Joseph Richardson,ronald83@example.org,22,1,0,6,2024-09-08,NLP Course 46,3,0,48
1426,876,20,2024-12-19,55.47,2256,61.08,5,Brittany Lester,johnsonrobert@example.com,27,0,1,7,2026-05-09,Data Science Course 20,3,1,50
1427,419,24,2025-04-07,45.44,3784,83.16,3,Robert Davidson,briannaphillips@example.com,24,0,0,1,2025-02-17,Computer Vision Course 24,5,2,21
1428,451,17,2024-08-01,39.0,235,44.62,5,Jonathan Evans,rhonda70@example.net,31,0,0,6,2026-01-24,Deep Learning Course 17,1,0,22
1429,121,49,2025-07-02,54.1,1669,74.56,3,Jennifer Cowan,butlerjames@example.org,24,1,2,4,2024-11-15,SQL Course 49,4,1,62
1430,132,15,2026-06-25,88.12,3786,41.95,1,Andrew Campos,christopherharrington@example.org,35,0,1,2,2024-12-30,Data Science Course 15,6,1,75
1431,209,15,2026-04-08,99.73,4953,61.31,5,Brenda Lopez,lindseygonzalez@example.net,32,0,0,2,2025-04-09,Data Science Course 15,6,1,75
1432,100,27,2024-09-05,73.19,3876,89.84,2,Phillip Robinson,smercado@example.com,33,1,1,0,2025-01-07,Computer Vision Course 27,5,0,70
1433,859,44,2025-03-25,88.91,2763,42.45,2,Evan Baker,leechristopher@example.net,20,1,2,5,2024-08-31,Computer Vision Course 44,1,2,29
1434,843,44,2024-10-06,73.78,1616,97.39,5,Sherri Norton,jennifermcconnell@example.net,23,0,0,3,2024-08-04,Computer Vision Course 44,1,2,29
1435,619,35,2025-02-21,57.97,4825,63.86,1,Cynthia Elliott,wcook@example.com,31,1,0,7,2025-05-05,NLP Course 35,1,0,70
1436,623,44,2024-10-21,91.46,3043,99.16,1,Jeffrey Mitchell,mrose@example.net,20,1,0,4,2024-10-08,Computer Vision Course 44,1,2,29
1437,495,40,2025-08-16,54.46,3676,63.87,2,Nicolas Hernandez,cindy80@example.net,30,0,0,0,2025-12-28,Machine Learning Course 40,2,2,64
1438,815,18,2026-05-07,25.58,688,96.48,4,Kara Hayes,william88@example.com,31,1,0,0,2025-08-01,Machine Learning Course 18,0,0,25
1439,568,9,2026-05-30,53.07,4876,84.85,1,Carolyn Watson,davidtyler@example.com,20,0,1,2,2024-08-03,SQL Course 9,6,0,47
1440,796,2,2024-12-28,98.15,792,48.09,5,Bethany Hernandez,scottgreen@example.org,34,0,2,5,2025-01-28,Data Science Course 2,1,0,41
1441,490,38,2024-08-17,44.66,2450,46.3,2,Devin Clark,dustinlindsey@example.net,34,1,0,5,2025-07-12,Computer Vision Course 38,4,0,32
1442,541,14,2026-05-03,57.57,714,56.43,1,William Jimenez,andrew32@example.com,29,0,1,5,2026-01-18,Python Course 14,1,1,43
1443,491,8,2025-05-13,60.05,841,85.54,2,John Gonzalez,moralestheresa@example.org,25,1,1,6,2026-05-08,Python Course 8,1,2,38
1444,55,43,2025-12-11,84.49,1627,43.98,3,Mr. Paul Lucero,millerchristine@example.org,26,0,1,4,2025-09-21,Data Science Course 43,3,2,73
1445,466,21,2025-12-25,44.6,1577,59.05,2,Mrs. Anna Ruiz MD,jhoover@example.com,21,1,1,3,2024-12-03,Data Science Course 21,0,0,66
1446,87,49,2026-06-15,75.51,2202,48.59,2,Paul Burgess,pcooper@example.org,27,1,2,1,2026-01-09,SQL Course 49,4,1,62
1447,152,48,2024-12-21,87.27,848,48.56,5,Ronald Brown,kyle32@example.org,22,0,2,6,2026-04-03,Power BI Course 48,7,2,62
1448,78,28,2025-07-14,69.69,369,94.03,3,Nicole Moore,lewisashley@example.org,32,0,1,6,2026-01-04,SQL Course 28,5,0,57
1449,297,21,2025-11-27,30.77,667,46.67,4,Heather Brady,jmartin@example.org,27,0,2,1,2025-02-28,Data Science Course 21,0,0,66
1450,661,30,2025-04-14,75.13,1704,42.96,4,Nathan Luna,lferguson@example.org,22,0,2,2,2025-12-31,Machine Learning Course 30,1,2,60
1451,69,23,2024-10-15,66.52,4098,83.37,2,James Davis,lesliemann@example.org,35,1,1,6,2026-02-11,SQL Course 23,6,1,47
1452,629,25,2026-03-14,42.05,4602,95.22,4,George Butler,leahparker@example.org,29,1,1,4,2026-04-18,Data Science Course 25,7,1,51
1453,65,4,2026-01-31,39.79,479,98.42,3,David Wilson,davisjacob@example.com,19,0,1,1,2024-08-05,Power BI Course 4,1,0,23
1454,429,1,2025-07-31,48.98,1782,99.55,2,Jonathan King,jesus69@example.org,32,1,0,7,2026-04-11,Power BI Course 1,3,1,21
1455,903,26,2025-04-06,37.45,2652,57.07,5,Lee Ramirez,jenkinscaitlin@example.com,34,0,2,1,2024-10-28,Computer Vision Course 26,7,1,22
1456,235,14,2024-11-11,91.34,1070,83.36,5,Carrie Wilcox,mackdavid@example.org,19,0,1,5,2024-10-19,Python Course 14,1,1,43
1457,400,33,2025-02-08,89.82,4928,66.93,3,Joseph Garza,cesarnunez@example.com,29,0,0,1,2024-08-15,Power BI Course 33,7,1,58
1458,519,14,2025-10-23,91.14,2185,69.82,2,Kathryn Woods,kenneth54@example.net,20,0,2,0,2025-06-17,Python Course 14,1,1,43
1459,90,14,2026-05-10,80.53,4439,65.75,5,Marissa Young,waterscassie@example.com,28,1,0,6,2024-07-18,Python Course 14,1,1,43
1460,535,1,2026-02-18,25.6,2382,85.0,2,John Smith,melissa10@example.org,21,1,0,7,2026-04-11,Power BI Course 1,3,1,21
1461,378,31,2026-01-28,66.43,1405,57.91,4,Julie Thornton,sgriffin@example.com,29,0,0,0,2025-10-07,Computer Vision Course 31,4,0,67
1462,318,42,2025-05-06,78.72,1501,80.79,1,David Wilson,anthony58@example.com,29,1,2,7,2025-06-28,NLP Course 42,0,0,75
1463,992,24,2026-02-12,97.12,238,92.08,3,Jamie Thompson,kevinskinner@example.org,28,1,0,1,2024-10-07,Computer Vision Course 24,5,2,21
1464,787,37,2026-06-07,75.88,626,68.96,5,Amy Rose,robertsonanna@example.net,27,1,0,6,2025-02-13,SQL Course 37,0,0,38
1465,978,48,2025-10-19,71.52,4206,62.33,4,Shawna Scott MD,jennifersanchez@example.net,24,1,0,5,2024-11-29,Power BI Course 48,7,2,62
1466,307,8,2025-01-20,97.87,911,90.38,3,Phillip Cervantes,teresalane@example.com,22,0,1,3,2025-11-14,Python Course 8,1,2,38
1467,366,41,2026-02-20,75.94,3072,87.73,5,Tracey Clark,harrisstephen@example.org,25,1,1,2,2026-05-07,Machine Learning Course 41,1,2,72
1468,929,25,2026-06-28,48.98,405,61.02,3,Savannah Cline,jose29@example.com,22,0,0,2,2024-11-09,Data Science Course 25,7,1,51
1469,593,33,2025-03-09,83.05,1725,55.61,5,Amanda Smith,xavierparsons@example.com,26,1,1,5,2025-02-19,Power BI Course 33,7,1,58
1470,699,44,2026-03-31,70.55,3089,59.31,1,Tiffany Esparza,millersally@example.net,19,0,2,3,2025-06-15,Computer Vision Course 44,1,2,29
1471,593,10,2026-04-12,78.26,2799,70.32,3,Amanda Smith,xavierparsons@example.com,26,1,1,5,2025-02-19,Python Course 10,6,2,10
1472,513,20,2024-10-23,77.44,4303,53.69,2,Sarah Donovan,catherinewhite@example.com,30,1,0,0,2025-06-21,Data Science Course 20,3,1,50
1473,973,40,2025-01-03,27.83,1160,84.14,4,Jaime Taylor,jennifer23@example.net,27,1,2,3,2025-12-05,Machine Learning Course 40,2,2,64
1474,18,2,2025-09-23,47.62,2449,89.61,5,Linda Webster,andrew18@example.net,19,1,2,1,2025-08-16,Data Science Course 2,1,0,41
1475,449,2,2026-01-31,28.62,2538,65.39,4,Christian Burke,ubailey@example.net,35,1,2,3,2026-05-13,Data Science Course 2,1,0,41
1476,587,29,2025-07-10,21.94,4497,77.98,3,Sarah Bender,wspencer@example.net,33,1,1,0,2026-05-17,Data Science Course 29,2,2,62
1477,473,13,2026-05-03,84.62,4650,56.82,1,Stephen Bailey,kenneth56@example.net,31,0,2,1,2026-03-08,SQL Course 13,7,1,41
1478,846,5,2026-06-15,81.25,2926,44.25,4,Kevin Ruiz,pmartin@example.net,21,1,1,7,2024-11-16,Computer Vision Course 5,6,1,55
1479,683,21,2026-01-15,89.17,1389,71.19,5,Andres Thomas,ohernandez@example.org,26,1,2,1,2025-04-12,Data Science Course 21,0,0,66
1480,274,31,2024-11-08,30.72,2709,92.21,2,Mr. Matthew Bruce,evanaguilar@example.com,18,1,2,6,2026-03-07,Computer Vision Course 31,4,0,67
1481,951,47,2026-05-19,63.55,1691,94.08,2,Jennifer Flores,mpayne@example.org,35,0,0,6,2025-04-22,SQL Course 47,5,2,40
1482,578,43,2025-11-21,42.05,1124,58.66,1,Victoria Williams,kellis@example.com,32,0,2,1,2024-08-15,Data Science Course 43,3,2,73
1483,877,29,2026-07-10,78.86,4057,49.23,1,Jacqueline Middleton,smithchristine@example.net,24,0,2,7,2024-12-21,Data Science Course 29,2,2,62
1484,160,41,2024-09-09,23.86,2944,55.89,4,William Martinez,kwheeler@example.org,35,0,1,6,2026-03-04,Machine Learning Course 41,1,2,72
1485,783,33,2026-06-29,93.46,195,92.17,3,Shane Bentley,lindsaypruitt@example.org,27,0,2,7,2025-03-09,Power BI Course 33,7,1,58
1486,376,17,2025-01-07,85.12,1577,88.68,1,Daniel Cunningham,orichardson@example.com,27,1,0,7,2025-04-12,Deep Learning Course 17,1,0,22
1487,825,9,2025-10-20,72.43,538,83.65,3,Michael Elliott,bryantsamantha@example.net,32,1,1,3,2026-07-12,SQL Course 9,6,0,47
1488,543,36,2026-01-31,81.77,4836,64.93,1,Michael Howe,kjordan@example.com,24,1,1,1,2025-12-18,Computer Vision Course 36,2,0,77
1489,966,25,2025-05-03,98.63,3865,83.09,1,James Sanchez,pthomas@example.org,18,1,2,1,2025-04-12,Data Science Course 25,7,1,51
1490,668,49,2024-09-10,53.57,1626,76.67,1,Brad Willis,carly95@example.org,19,0,0,7,2025-05-22,SQL Course 49,4,1,62
1491,171,28,2025-02-20,76.07,3636,67.28,5,Adrian Bradshaw,pwilliams@example.com,27,1,0,6,2025-08-24,SQL Course 28,5,0,57
1492,701,8,2025-02-12,20.98,435,92.9,5,Bradley Pittman,littlejoseph@example.com,26,0,1,5,2025-10-04,Python Course 8,1,2,38
1493,431,24,2025-09-06,83.42,802,62.11,2,Kelly Galloway,edwardmartin@example.com,25,0,1,2,2025-08-21,Computer Vision Course 24,5,2,21
1494,85,6,2024-10-09,92.15,522,76.69,3,Marcus Stanley,williamkrueger@example.org,22,0,1,6,2025-06-06,Python Course 6,2,1,11
1495,566,29,2025-03-18,75.12,1258,62.19,1,Kelly Martin,debbie91@example.org,22,0,2,2,2025-12-24,Data Science Course 29,2,2,62
1496,803,24,2026-05-06,71.09,318,74.65,4,Casey Martinez,zhogan@example.net,24,1,2,5,2025-01-20,Computer Vision Course 24,5,2,21
1497,580,4,2026-06-07,58.51,4429,91.5,5,William Wilson,imiller@example.org,31,1,1,6,2025-12-08,Power BI Course 4,1,0,23
1498,785,34,2025-11-30,38.56,4885,79.3,2,John Anthony,lozanojessica@example.org,25,1,2,5,2026-06-10,SQL Course 34,6,2,57
1499,46,49,2024-09-16,93.26,714,69.61,4,Cassandra Sherman,barberdonna@example.net,31,1,1,2,2025-05-07,SQL Course 49,4,1,62
1500,755,12,2024-09-06,30.93,4814,47.66,4,Brianna Moreno DVM,lovepamela@example.com,27,1,0,4,2024-07-17,Deep Learning Course 12,5,2,57
1501,349,10,2024-10-24,71.69,4892,99.46,2,Mark Elliott,hendersonsean@example.org,27,0,2,5,2025-06-23,Python Course 10,6,2,10
1502,375,24,2025-11-13,70.1,2331,81.67,4,Jose George,hernandezrichard@example.com,25,1,0,5,2025-06-11,Computer Vision Course 24,5,2,21
1503,154,47,2025-09-14,50.5,1021,79.17,3,Hunter Terry,anthonyguerrero@example.net,18,0,0,7,2025-05-30,SQL Course 47,5,2,40
1504,122,33,2024-08-29,31.55,4229,42.71,5,Reginald Russell,carcher@example.com,19,0,1,0,2026-01-11,Power BI Course 33,7,1,58
1505,370,15,2026-03-16,59.31,1663,97.96,2,Maria Webster,tdennis@example.org,23,1,0,1,2025-07-26,Data Science Course 15,6,1,75
1506,158,9,2026-04-08,37.22,606,80.76,5,Andrew Arnold,steven55@example.org,30,0,2,3,2025-05-08,SQL Course 9,6,0,47
1507,259,30,2024-10-17,84.01,4703,67.57,1,Monica Andrews,susan00@example.net,29,1,2,5,2025-11-11,Machine Learning Course 30,1,2,60
1508,690,35,2026-01-07,41.55,495,95.29,2,Mrs. Elizabeth Thomas MD,vvelazquez@example.net,27,0,2,0,2025-03-04,NLP Course 35,1,0,70
1509,667,20,2024-09-10,72.06,4746,85.05,5,James Thompson,melissa31@example.net,20,1,1,1,2025-04-30,Data Science Course 20,3,1,50
1510,321,6,2025-08-10,73.22,331,51.39,3,Joshua Solomon,ebonythompson@example.com,21,1,0,7,2024-12-14,Python Course 6,2,1,11
1511,502,38,2025-03-30,37.05,3823,82.08,2,Tonya Fernandez,olivia65@example.com,21,1,1,1,2025-08-01,Computer Vision Course 38,4,0,32
1512,998,36,2026-04-21,41.85,2180,43.05,5,Robert Hughes,bethking@example.net,27,0,2,3,2024-09-24,Computer Vision Course 36,2,0,77
1513,129,17,2026-01-08,95.07,4203,52.1,2,Ashley Bond,emilygibson@example.com,18,0,0,1,2026-03-27,Deep Learning Course 17,1,0,22
1514,496,24,2026-01-12,79.64,1845,65.36,2,Brandon Mitchell,leroygordon@example.org,33,1,2,4,2025-12-12,Computer Vision Course 24,5,2,21
1515,407,9,2025-01-21,50.45,3071,88.55,1,Claire Shaw,dlynn@example.net,33,1,1,5,2025-05-20,SQL Course 9,6,0,47
1516,822,28,2025-12-03,23.12,2872,63.21,2,Isaiah Meyer,colonmelissa@example.com,32,0,2,4,2025-12-12,SQL Course 28,5,0,57
1517,307,6,2025-06-14,33.93,587,94.56,3,Phillip Cervantes,teresalane@example.com,22,0,1,3,2025-11-14,Python Course 6,2,1,11
1518,97,20,2024-12-25,20.36,390,61.11,2,Colton Swanson,michaelhale@example.com,21,0,1,2,2024-07-16,Data Science Course 20,3,1,50
1519,868,22,2025-08-26,28.66,4643,91.34,5,Vanessa Ross,qhudson@example.org,28,1,0,7,2025-01-23,Computer Vision Course 22,0,2,49
1520,80,41,2026-04-15,49.39,552,71.61,1,Kathy Snyder,mccoyjeremiah@example.net,25,0,2,4,2026-01-29,Machine Learning Course 41,1,2,72
1521,651,15,2025-08-11,51.09,3548,82.33,2,Charles Moore,susan61@example.net,30,0,0,7,2025-06-29,Data Science Course 15,6,1,75
1522,211,1,2025-08-26,76.62,4583,97.82,2,Angela Taylor,lwatson@example.com,32,0,1,7,2026-04-12,Power BI Course 1,3,1,21
1523,780,46,2024-11-23,87.89,1884,72.58,5,Tina Padilla,michaelcooper@example.net,29,0,0,0,2025-09-26,NLP Course 46,3,0,48
1524,795,44,2024-10-25,91.41,1975,48.93,1,Ashley Price,gonzalezmike@example.org,31,0,1,6,2025-04-01,Computer Vision Course 44,1,2,29
1525,958,8,2025-02-11,83.53,396,70.18,5,Ronald Chen,natalie64@example.com,29,1,2,7,2026-07-09,Python Course 8,1,2,38
1526,686,35,2025-06-19,62.35,4646,84.64,2,Stacey Deleon,wgarcia@example.com,25,0,1,7,2026-04-04,NLP Course 35,1,0,70
1527,436,45,2025-03-10,26.09,2247,77.77,4,William Moore,holmesedward@example.com,19,0,0,4,2026-01-11,Power BI Course 45,0,1,69
1528,247,26,2025-09-30,96.9,4037,53.8,3,Justin Banks,tamara08@example.com,34,0,2,2,2026-04-28,Computer Vision Course 26,7,1,22
1529,27,46,2024-12-19,59.72,4075,73.47,2,Ashley Lawrence,claytonwilliam@example.com,28,0,0,1,2025-03-13,NLP Course 46,3,0,48
1530,425,44,2026-05-08,20.14,4799,51.93,4,Daniel Cherry,herbert42@example.org,20,0,2,5,2025-12-12,Computer Vision Course 44,1,2,29
1531,57,22,2026-04-17,92.71,4559,65.6,3,Ronald Ortiz,amanda87@example.org,31,1,0,1,2026-01-21,Computer Vision Course 22,0,2,49
1532,717,21,2025-12-12,47.76,4163,98.01,5,Ryan Williams,xmarks@example.com,32,0,2,7,2026-01-28,Data Science Course 21,0,0,66
1533,963,20,2025-01-13,21.04,3266,89.19,4,Gina Collins,bakertheresa@example.org,26,1,1,1,2024-09-07,Data Science Course 20,3,1,50
1534,313,6,2025-05-01,51.28,4193,63.98,2,Karen Murphy,matthew07@example.org,24,0,1,1,2024-10-30,Python Course 6,2,1,11
1535,787,45,2025-03-18,95.01,3308,77.51,4,Amy Rose,robertsonanna@example.net,27,1,0,6,2025-02-13,Power BI Course 45,0,1,69
1536,996,1,2026-05-14,60.19,4195,96.56,1,Lauren Miller,stacie65@example.com,33,1,2,6,2025-07-10,Power BI Course 1,3,1,21
1537,296,44,2026-02-10,43.99,2034,88.13,2,Devin Dyer,kristen16@example.com,26,0,0,5,2026-06-17,Computer Vision Course 44,1,2,29
1538,522,14,2025-01-18,23.64,4861,89.98,3,Michael Carpenter,aandersen@example.org,20,0,2,1,2025-08-08,Python Course 14,1,1,43
1539,957,28,2026-07-12,46.43,4592,93.93,5,Megan Cooper,sheila97@example.com,22,1,1,3,2024-12-30,SQL Course 28,5,0,57
1540,826,46,2026-05-01,33.57,2226,88.76,2,Diana Meyer,natashagarcia@example.org,23,0,2,0,2026-02-08,NLP Course 46,3,0,48
1541,50,41,2025-10-18,96.86,4181,96.27,1,Christopher Gomez,dcantrell@example.net,29,1,2,6,2024-08-13,Machine Learning Course 41,1,2,72
1542,536,27,2025-06-27,43.21,1594,44.1,3,Jason Calderon,dawntodd@example.org,19,0,1,1,2024-08-23,Computer Vision Course 27,5,0,70
1543,628,33,2025-01-09,34.49,4014,72.81,3,Veronica Rose,davishenry@example.com,26,0,2,4,2025-07-12,Power BI Course 33,7,1,58
1544,377,9,2024-08-15,97.83,1968,75.31,2,Carrie Duncan,jcoffey@example.org,24,0,0,3,2025-02-09,SQL Course 9,6,0,47
1545,398,46,2025-11-06,52.58,3553,87.19,4,Ricardo Garcia,tmorris@example.net,31,0,0,5,2025-10-18,NLP Course 46,3,0,48
1546,357,50,2026-07-04,47.03,1966,91.26,5,James Dunn,darren83@example.net,33,0,1,6,2024-08-08,Python Course 50,3,1,46
1547,685,27,2026-01-03,64.98,2186,46.14,3,Richard Jones,rberry@example.org,25,1,2,6,2025-10-16,Computer Vision Course 27,5,0,70
1548,383,30,2026-04-06,23.11,2774,70.88,1,Jessica Delacruz,jenniferphillips@example.net,22,0,1,0,2025-11-24,Machine Learning Course 30,1,2,60
1549,762,6,2026-01-24,75.43,2246,47.78,2,Jose Walker,darrell29@example.com,22,0,2,2,2024-11-03,Python Course 6,2,1,11
1550,611,18,2025-09-06,33.95,976,87.08,1,Meghan Henry,jeffshaw@example.com,20,0,2,5,2025-08-11,Machine Learning Course 18,0,0,25
1551,828,5,2026-01-24,57.15,610,83.58,2,Melissa Moore,bryanthompson@example.org,29,1,0,5,2025-11-26,Computer Vision Course 5,6,1,55
1552,682,6,2026-04-02,51.41,4996,93.62,4,Sharon Gill,joshua92@example.net,33,1,0,4,2025-03-10,Python Course 6,2,1,11
1553,878,34,2025-07-11,53.63,490,95.78,1,Amy Lee,nsullivan@example.org,22,1,1,7,2026-02-26,SQL Course 34,6,2,57
1554,774,44,2026-04-18,77.77,3879,96.95,4,Mr. Willie Baker DVM,monica58@example.com,20,1,1,6,2025-04-15,Computer Vision Course 44,1,2,29
1555,37,28,2025-04-13,24.24,1973,90.87,1,Cameron Wood Jr.,ashleyvaldez@example.org,29,1,2,3,2024-09-06,SQL Course 28,5,0,57
1556,667,23,2024-11-22,29.75,3509,88.7,5,James Thompson,melissa31@example.net,20,1,1,1,2025-04-30,SQL Course 23,6,1,47
1557,610,18,2026-02-15,50.01,2869,89.63,2,Alexander Johnston,willielewis@example.com,19,1,1,4,2026-01-21,Machine Learning Course 18,0,0,25
1558,920,38,2026-05-15,35.3,3934,60.83,1,James Black,riggsrobert@example.com,28,0,1,5,2025-04-02,Computer Vision Course 38,4,0,32
1559,449,3,2025-05-17,30.33,1465,84.23,5,Christian Burke,ubailey@example.net,35,1,2,3,2026-05-13,Python Course 3,3,2,52
1560,772,10,2024-10-11,57.2,1631,67.71,4,Pamela Pineda,ksullivan@example.net,18,0,1,7,2025-09-26,Python Course 10,6,2,10
1561,202,37,2025-01-05,79.07,1796,79.23,3,Kim Sullivan,thompsoneduardo@example.org,21,1,0,1,2025-01-23,SQL Course 37,0,0,38
1562,673,16,2026-07-05,77.78,3954,86.13,1,Lori Greer,strongmadison@example.org,25,1,0,3,2025-11-24,Deep Learning Course 16,5,0,68
1563,945,2,2025-09-04,49.84,2445,60.96,2,Angela Martin,qhogan@example.com,35,0,1,6,2024-10-29,Data Science Course 2,1,0,41
1564,878,22,2024-12-29,64.08,691,81.68,2,Amy Lee,nsullivan@example.org,22,1,1,7,2026-02-26,Computer Vision Course 22,0,2,49
1565,462,36,2025-05-19,80.03,4576,82.55,3,Cynthia Walker,danny78@example.org,26,1,1,4,2025-05-21,Computer Vision Course 36,2,0,77
1566,991,41,2024-07-14,33.89,3599,78.72,4,Mitchell Adams,rware@example.org,30,1,0,0,2024-10-27,Machine Learning Course 41,1,2,72
1567,668,38,2025-10-15,88.31,4900,67.37,1,Brad Willis,carly95@example.org,19,0,0,7,2025-05-22,Computer Vision Course 38,4,0,32
1568,888,33,2026-06-25,91.74,1176,67.83,2,Terry Bell,kwilliams@example.org,23,0,0,6,2024-09-15,Power BI Course 33,7,1,58
1569,63,49,2026-06-22,24.29,2344,99.82,5,Kenneth Evans,kathleenbecker@example.com,22,0,2,4,2026-06-04,SQL Course 49,4,1,62
1570,623,20,2025-03-26,67.48,1949,41.1,5,Jeffrey Mitchell,mrose@example.net,20,1,0,4,2024-10-08,Data Science Course 20,3,1,50
1571,39,23,2025-05-17,34.43,512,54.97,1,Kevin Peters,nmontgomery@example.net,27,0,1,0,2025-08-26,SQL Course 23,6,1,47
1572,136,30,2025-09-09,63.1,3258,65.25,5,Dawn Hoover,troy35@example.com,24,0,2,3,2025-08-23,Machine Learning Course 30,1,2,60
1573,912,50,2025-08-25,76.13,4171,56.94,5,Mark Neal,xdavis@example.org,20,0,0,2,2025-04-15,Python Course 50,3,1,46
1574,721,24,2025-08-26,24.87,691,53.49,3,Victoria Herrera,taylorallison@example.net,32,0,0,2,2024-12-25,Computer Vision Course 24,5,2,21
1575,371,7,2026-06-05,99.54,3914,62.28,3,Heather Kelley,angiewagner@example.com,35,1,2,7,2025-08-12,Data Science Course 7,6,1,62
1576,821,36,2025-01-21,31.01,4537,73.96,1,Christopher Miller,medwards@example.com,20,1,0,5,2025-01-06,Computer Vision Course 36,2,0,77
1577,779,33,2026-01-07,79.76,1750,79.73,2,Jennifer Stevenson,jennifer01@example.org,29,1,0,0,2025-11-13,Power BI Course 33,7,1,58
1578,141,27,2024-07-20,32.85,1659,65.49,2,Janice Shea,harrelljulie@example.net,34,1,1,7,2025-01-20,Computer Vision Course 27,5,0,70
1579,338,19,2025-02-01,29.61,1177,62.78,2,Michael Trevino,toni63@example.org,29,0,2,6,2025-07-11,Machine Learning Course 19,0,0,37
1580,357,16,2025-07-17,75.19,1926,62.32,5,James Dunn,darren83@example.net,33,0,1,6,2024-08-08,Deep Learning Course 16,5,0,68
1581,769,47,2025-02-19,82.86,1425,68.46,1,Joseph Donovan,dakota55@example.org,27,0,1,7,2024-11-17,SQL Course 47,5,2,40
1582,373,44,2025-02-15,78.92,1557,42.6,5,Susan Huff,margaretsmith@example.net,22,0,0,2,2026-03-02,Computer Vision Course 44,1,2,29
1583,69,44,2025-04-28,90.37,1589,48.82,2,James Davis,lesliemann@example.org,35,1,1,6,2026-02-11,Computer Vision Course 44,1,2,29
1584,406,3,2025-06-25,60.81,1166,45.38,1,Michael White,joshua19@example.com,30,0,1,5,2025-07-04,Python Course 3,3,2,52
1585,524,45,2024-08-18,80.22,1008,80.95,3,Lauren Howard,walter27@example.org,19,1,0,1,2024-09-10,Power BI Course 45,0,1,69
1586,512,1,2025-11-27,71.62,2010,59.75,3,Beth Whitney,paulmcmahon@example.com,30,0,1,0,2024-09-09,Power BI Course 1,3,1,21
1587,157,6,2024-11-01,24.57,4307,98.27,3,Taylor Davis,churchbrian@example.org,31,1,1,3,2026-05-18,Python Course 6,2,1,11
1588,677,42,2025-08-11,81.91,2073,54.39,2,James Vasquez,thompsoneddie@example.org,31,0,1,3,2024-08-26,NLP Course 42,0,0,75
1589,263,27,2025-06-29,97.02,3830,74.16,4,Kathy Mejia,kimlisa@example.com,32,1,1,7,2026-02-01,Computer Vision Course 27,5,0,70
1590,282,36,2025-01-28,81.65,4299,67.81,4,Christy King,nataliewagner@example.net,24,1,2,5,2025-08-23,Computer Vision Course 36,2,0,77
1591,428,48,2026-01-04,84.76,3250,93.44,2,Cheryl Novak,jenniferward@example.net,24,1,1,5,2025-06-30,Power BI Course 48,7,2,62
1592,709,31,2024-10-04,49.53,3744,83.06,4,Lisa Cole,andreamoss@example.net,22,1,0,7,2025-10-22,Computer Vision Course 31,4,0,67
1593,206,29,2024-10-05,65.75,4885,80.13,5,Joann Thompson,michael30@example.net,25,0,2,0,2024-10-25,Data Science Course 29,2,2,62
1594,92,7,2026-06-30,39.23,3376,56.71,2,Madison Calderon,perezsamantha@example.net,24,0,0,3,2024-10-06,Data Science Course 7,6,1,62
1595,215,40,2025-12-03,38.49,244,45.16,4,Christina Morales,cynthiagonzalez@example.com,26,0,1,0,2025-11-24,Machine Learning Course 40,2,2,64
1596,894,23,2026-02-21,25.14,1267,86.72,2,Adam Little,lhurley@example.net,27,0,0,2,2025-10-04,SQL Course 23,6,1,47
1597,186,15,2025-11-02,78.87,424,43.96,3,Jennifer Parks,williamsjason@example.net,27,1,2,6,2025-08-16,Data Science Course 15,6,1,75
1598,725,50,2024-11-13,33.31,201,88.92,5,Jenny Collins MD,tduke@example.net,18,1,2,1,2024-12-21,Python Course 50,3,1,46
1599,408,16,2025-06-22,39.78,3113,78.45,4,Shannon Stewart,tfranco@example.org,23,0,2,6,2024-12-09,Deep Learning Course 16,5,0,68
1600,7,48,2025-10-30,58.85,1750,72.2,2,Anna Wilson,rsanchez@example.org,26,0,0,7,2025-01-24,Power BI Course 48,7,2,62
1601,915,4,2025-05-02,64.08,2975,87.93,1,Erik Booth,psmith@example.net,34,1,2,4,2024-12-04,Power BI Course 4,1,0,23
1602,189,11,2025-01-29,59.19,251,75.51,4,Patricia Ramirez,destiny22@example.org,23,1,0,4,2025-08-25,SQL Course 11,0,0,15
1603,832,19,2025-11-10,89.62,1394,65.08,5,Ryan Kane,lblankenship@example.com,24,1,1,1,2026-01-31,Machine Learning Course 19,0,0,37
1604,469,31,2025-03-17,91.34,1320,54.8,1,Cory Mcdowell,michael02@example.com,22,0,0,5,2025-08-05,Computer Vision Course 31,4,0,67
1605,716,46,2026-01-05,30.88,4780,65.03,1,Ashley Melton,andersonelizabeth@example.com,27,0,2,2,2026-05-21,NLP Course 46,3,0,48
1606,314,23,2026-05-11,24.62,3574,72.4,4,Stephanie Davenport,jjohnson@example.net,18,0,1,1,2025-02-27,SQL Course 23,6,1,47
1607,208,1,2025-12-18,47.88,2030,91.48,4,Michael Hughes,williamcohen@example.com,32,1,0,7,2025-03-09,Power BI Course 1,3,1,21
1608,200,44,2025-10-03,63.86,4272,47.83,1,Kelli Hodges,shelly57@example.net,26,0,1,0,2025-10-25,Computer Vision Course 44,1,2,29
1609,958,47,2025-07-22,34.42,3973,64.09,1,Ronald Chen,natalie64@example.com,29,1,2,7,2026-07-09,SQL Course 47,5,2,40
1610,750,9,2026-03-22,81.89,3354,85.2,2,Jill Frye,richard44@example.net,21,0,0,6,2026-05-12,SQL Course 9,6,0,47
1611,392,32,2026-02-19,60.13,3058,78.86,3,Albert Brown,davenporthunter@example.org,28,0,1,2,2024-10-29,SQL Course 32,2,1,41
1612,909,1,2026-05-07,35.2,3446,70.89,5,Marvin Zamora,george64@example.net,33,1,1,4,2025-10-14,Power BI Course 1,3,1,21
1613,890,7,2024-12-28,88.05,3635,94.63,3,Joseph Garcia,thompsoncatherine@example.net,30,0,2,2,2026-03-21,Data Science Course 7,6,1,62
1614,322,39,2024-12-01,41.17,4098,61.34,3,Benjamin Vaughn,martinmelinda@example.net,33,0,0,2,2024-07-18,Power BI Course 39,4,2,33
1615,548,8,2024-09-28,70.08,510,50.63,4,Cheryl Brown,rodriguezeric@example.org,22,0,2,5,2026-03-07,Python Course 8,1,2,38
1616,224,29,2024-08-28,50.88,4149,77.32,2,Luis Montes,christopher01@example.org,21,0,0,2,2026-05-20,Data Science Course 29,2,2,62
1617,872,36,2025-09-05,87.2,3623,97.78,3,Michelle Garcia,gouldjessica@example.net,18,0,2,5,2024-07-28,Computer Vision Course 36,2,0,77
1618,557,45,2026-05-02,49.12,4913,95.65,2,Kellie Yates,qbrennan@example.com,32,1,2,1,2024-11-09,Power BI Course 45,0,1,69
1619,861,50,2024-12-27,92.7,2221,90.5,2,William Brown,mmorales@example.org,30,1,2,5,2025-03-12,Python Course 50,3,1,46
1620,634,4,2025-03-18,36.89,2909,64.25,5,Bryce Middleton,smithtom@example.net,20,0,1,2,2025-10-25,Power BI Course 4,1,0,23
1621,912,42,2026-04-29,57.72,4007,77.35,3,Mark Neal,xdavis@example.org,20,0,0,2,2025-04-15,NLP Course 42,0,0,75
1622,791,6,2024-08-29,36.71,2678,50.69,1,Dylan Martin,michellestewart@example.net,24,1,2,0,2025-01-02,Python Course 6,2,1,11
1623,219,4,2024-09-25,23.12,2610,66.39,1,Robert Barrett,emmasmith@example.com,32,1,1,5,2026-03-06,Power BI Course 4,1,0,23
1624,515,37,2026-01-28,36.23,2542,45.43,3,Timothy Lewis,iramirez@example.org,32,1,0,6,2025-11-14,SQL Course 37,0,0,38
1625,592,50,2024-09-06,48.0,2951,40.47,5,Megan Horn,saraberry@example.com,29,1,1,7,2025-08-13,Python Course 50,3,1,46
1626,657,19,2025-03-20,80.23,1405,95.26,3,Anthony Le,anthonyhunter@example.net,25,1,0,4,2026-04-17,Machine Learning Course 19,0,0,37
1627,309,38,2025-10-04,22.45,1410,46.55,5,Kimberly Smith,julialevy@example.org,25,0,1,3,2025-06-03,Computer Vision Course 38,4,0,32
1628,984,18,2025-04-13,72.95,1308,83.81,5,Brian Hall,samanthaodom@example.org,27,1,0,5,2024-07-27,Machine Learning Course 18,0,0,25
1629,191,16,2025-01-27,59.07,3494,54.52,3,Dawn Davis,amyfox@example.net,28,0,0,3,2025-04-16,Deep Learning Course 16,5,0,68
1630,167,13,2025-04-18,50.53,4958,67.74,5,Marie Price,stephaniepark@example.net,35,0,2,7,2025-05-22,SQL Course 13,7,1,41
1631,958,41,2025-08-20,99.95,1205,82.32,1,Ronald Chen,natalie64@example.com,29,1,2,7,2026-07-09,Machine Learning Course 41,1,2,72
1632,418,46,2025-07-20,91.74,563,58.71,2,Kimberly Scott,jenna55@example.net,23,1,1,0,2025-09-08,NLP Course 46,3,0,48
1633,89,30,2025-02-21,89.38,1051,61.05,2,Andrew Cannon,maryhaynes@example.com,26,1,0,3,2024-12-08,Machine Learning Course 30,1,2,60
1634,166,37,2025-07-23,88.38,2712,79.0,2,Matthew Gibson,obarnes@example.com,33,1,1,3,2026-04-23,SQL Course 37,0,0,38
1635,772,32,2026-03-06,62.45,1203,57.37,5,Pamela Pineda,ksullivan@example.net,18,0,1,7,2025-09-26,SQL Course 32,2,1,41
1636,155,39,2024-07-30,65.07,3093,55.94,3,Charles Davis,weberjeffery@example.org,31,1,0,7,2025-02-10,Power BI Course 39,4,2,33
1637,698,30,2024-08-17,92.43,3013,72.11,3,Robert Young,nicole47@example.com,29,1,2,7,2024-07-27,Machine Learning Course 30,1,2,60
1638,994,11,2026-05-24,87.05,1546,89.22,3,Peter Maxwell,evansmaria@example.net,29,1,2,0,2025-11-15,SQL Course 11,0,0,15
1639,483,18,2025-04-17,80.64,2590,87.41,2,Phillip Davis,stephaniebrown@example.net,25,1,0,1,2025-04-25,Machine Learning Course 18,0,0,25
1640,511,41,2024-11-13,63.62,1789,72.26,5,Mary Costa DDS,robert58@example.net,23,1,1,0,2026-03-09,Machine Learning Course 41,1,2,72
1641,1,45,2024-11-15,82.23,2096,90.2,3,Clifford Dickerson,johnsonrita@example.com,32,0,1,1,2025-07-23,Power BI Course 45,0,1,69
1642,699,40,2024-07-20,79.23,489,53.23,2,Tiffany Esparza,millersally@example.net,19,0,2,3,2025-06-15,Machine Learning Course 40,2,2,64
1643,224,33,2025-04-29,64.11,1728,76.58,4,Luis Montes,christopher01@example.org,21,0,0,2,2026-05-20,Power BI Course 33,7,1,58
1644,430,2,2025-08-12,99.66,3822,51.95,5,Robert White,michael44@example.org,35,0,0,3,2026-03-10,Data Science Course 2,1,0,41
1645,600,41,2026-01-10,30.09,1558,71.09,4,Jennifer Burke,christinebrown@example.com,21,0,0,4,2025-04-16,Machine Learning Course 41,1,2,72
1646,914,20,2025-05-07,34.32,3642,79.38,1,Emily Benson,knoxrebecca@example.org,20,0,0,0,2025-03-05,Data Science Course 20,3,1,50
1647,17,32,2024-08-08,29.38,3964,52.47,4,Laura French,daviscarmen@example.org,34,0,2,6,2024-11-26,SQL Course 32,2,1,41
1648,244,27,2024-12-06,75.11,3639,41.95,2,Todd Myers,don31@example.org,19,0,2,3,2026-01-24,Computer Vision Course 27,5,0,70
1649,813,47,2026-05-22,85.02,1959,45.58,2,Tristan Davidson,jacobsbrittany@example.com,24,1,0,1,2025-06-16,SQL Course 47,5,2,40
1650,117,50,2025-08-22,98.98,3418,51.35,4,Benjamin Suarez III,wesleyguerrero@example.net,22,0,2,4,2025-12-16,Python Course 50,3,1,46
1651,902,7,2025-09-28,31.32,1637,81.78,1,Monica Brooks,kleinchristopher@example.net,24,0,1,3,2024-11-16,Data Science Course 7,6,1,62
1652,160,40,2026-05-02,84.87,4131,72.0,3,William Martinez,kwheeler@example.org,35,0,1,6,2026-03-04,Machine Learning Course 40,2,2,64
1653,855,15,2026-07-07,82.76,1291,97.99,5,James Soto,tracymarquez@example.org,19,1,0,5,2024-12-03,Data Science Course 15,6,1,75
1654,497,31,2026-01-08,88.15,3010,50.88,4,Michael Cain,kevinbrooks@example.org,18,1,2,6,2025-02-04,Computer Vision Course 31,4,0,67
1655,166,25,2025-09-11,41.37,493,93.63,2,Matthew Gibson,obarnes@example.com,33,1,1,3,2026-04-23,Data Science Course 25,7,1,51
1656,795,24,2026-01-17,21.43,697,59.89,1,Ashley Price,gonzalezmike@example.org,31,0,1,6,2025-04-01,Computer Vision Course 24,5,2,21
1657,571,32,2026-05-20,60.45,1045,53.03,2,Tyler Hudson,ymorgan@example.net,22,0,2,2,2026-02-09,SQL Course 32,2,1,41
1658,607,32,2024-07-30,43.22,3981,58.36,4,Daniel Kelley,meagan39@example.net,25,0,2,6,2026-01-23,SQL Course 32,2,1,41
1659,839,40,2025-08-30,54.14,4010,59.86,3,Annette Miller,randyoneal@example.net,35,0,1,6,2025-08-11,Machine Learning Course 40,2,2,64
1660,973,17,2025-07-30,27.59,171,66.64,1,Jaime Taylor,jennifer23@example.net,27,1,2,3,2025-12-05,Deep Learning Course 17,1,0,22
1661,100,45,2024-08-31,24.98,1357,69.61,3,Phillip Robinson,smercado@example.com,33,1,1,0,2025-01-07,Power BI Course 45,0,1,69
1662,398,22,2025-12-15,55.28,1963,46.29,5,Ricardo Garcia,tmorris@example.net,31,0,0,5,2025-10-18,Computer Vision Course 22,0,2,49
1663,580,41,2025-10-09,43.11,1016,82.9,1,William Wilson,imiller@example.org,31,1,1,6,2025-12-08,Machine Learning Course 41,1,2,72
1664,548,31,2024-12-11,61.11,4502,76.65,5,Cheryl Brown,rodriguezeric@example.org,22,0,2,5,2026-03-07,Computer Vision Course 31,4,0,67
1665,834,20,2025-01-20,53.77,2443,59.22,3,Robert Mendoza,iward@example.com,18,0,1,7,2025-02-27,Data Science Course 20,3,1,50
1666,355,17,2026-03-20,60.68,1028,68.77,4,Kaitlyn Serrano,ctaylor@example.org,32,0,1,4,2024-12-21,Deep Learning Course 17,1,0,22
1667,834,9,2025-12-08,76.44,2412,71.23,3,Robert Mendoza,iward@example.com,18,0,1,7,2025-02-27,SQL Course 9,6,0,47
1668,558,8,2024-10-08,84.06,1735,52.01,3,Stephen Vaughan,oturner@example.com,22,1,0,6,2025-10-20,Python Course 8,1,2,38
1669,184,26,2026-02-25,88.22,2326,62.56,4,Francisco Mcclain,rowebethany@example.org,22,0,0,3,2024-09-10,Computer Vision Course 26,7,1,22
1670,220,38,2025-12-22,62.19,4691,55.95,4,Robert Hughes,qmcintosh@example.org,22,1,1,3,2026-03-10,Computer Vision Course 38,4,0,32
1671,543,46,2024-11-11,47.79,1309,43.57,2,Michael Howe,kjordan@example.com,24,1,1,1,2025-12-18,NLP Course 46,3,0,48
1672,139,46,2025-10-14,38.12,3577,99.25,5,Benjamin Romero,mcrawford@example.com,33,1,2,5,2024-12-11,NLP Course 46,3,0,48
1673,744,11,2024-11-22,21.67,2705,91.04,5,Brenda Rose,blankenshipmatthew@example.net,20,0,2,0,2026-06-24,SQL Course 11,0,0,15
1674,301,28,2026-02-21,80.85,3598,58.08,4,Carol Miller,hwatson@example.com,35,1,0,6,2025-09-14,SQL Course 28,5,0,57
1675,794,30,2025-07-22,80.87,1538,79.91,2,Hannah Ellis,alan70@example.org,20,1,2,6,2026-03-29,Machine Learning Course 30,1,2,60
1676,174,47,2025-12-20,95.95,3029,42.89,4,Laura Wolfe,alejandrowalton@example.com,29,1,1,5,2026-02-01,SQL Course 47,5,2,40
1677,144,12,2025-03-26,58.57,854,70.75,2,Taylor Cooley,lramirez@example.net,33,1,0,2,2024-08-06,Deep Learning Course 12,5,2,57
1678,50,39,2025-06-11,46.01,205,94.2,5,Christopher Gomez,dcantrell@example.net,29,1,2,6,2024-08-13,Power BI Course 39,4,2,33
1679,360,10,2024-09-10,49.67,2912,55.45,5,Abigail White,megansmith@example.com,35,1,1,2,2025-07-21,Python Course 10,6,2,10
1680,693,31,2025-08-26,89.4,2845,94.0,1,Gary Walsh,kevinmoore@example.net,35,1,0,2,2026-03-09,Computer Vision Course 31,4,0,67
1681,540,39,2025-10-04,78.71,4638,95.24,3,Marvin Snyder,harrellamber@example.com,21,0,1,5,2025-06-18,Power BI Course 39,4,2,33
1682,742,24,2024-12-14,76.55,3652,80.32,4,Megan Mckee,dixoncarolyn@example.org,25,0,0,4,2026-06-17,Computer Vision Course 24,5,2,21
1683,956,47,2025-04-01,68.73,2527,50.96,1,Michaela Day,rsmith@example.org,23,1,1,3,2025-09-04,SQL Course 47,5,2,40
1684,85,48,2026-06-20,82.24,1288,43.79,4,Marcus Stanley,williamkrueger@example.org,22,0,1,6,2025-06-06,Power BI Course 48,7,2,62
1685,811,25,2026-03-15,65.25,1702,95.14,1,Bryan Silva,nfigueroa@example.net,21,1,2,6,2025-09-21,Data Science Course 25,7,1,51
1686,324,7,2026-05-24,71.84,2845,45.86,3,Janice Brown,matthewcooley@example.org,26,1,0,6,2026-07-06,Data Science Course 7,6,1,62
1687,897,50,2024-07-21,31.17,2342,75.34,5,Jacob Leonard,austinbaxter@example.com,34,0,0,1,2026-05-02,Python Course 50,3,1,46
1688,446,28,2025-11-22,96.89,1787,75.52,2,Crystal Kim,ktaylor@example.org,30,1,0,0,2026-06-20,SQL Course 28,5,0,57
1689,721,36,2024-12-16,97.34,1203,61.22,3,Victoria Herrera,taylorallison@example.net,32,0,0,2,2024-12-25,Computer Vision Course 36,2,0,77
1690,589,47,2026-04-25,86.84,1208,47.84,4,Makayla Hardin,gatesheather@example.org,21,1,1,1,2026-06-07,SQL Course 47,5,2,40
1691,536,30,2024-12-12,56.85,2124,87.34,2,Jason Calderon,dawntodd@example.org,19,0,1,1,2024-08-23,Machine Learning Course 30,1,2,60
1692,108,32,2026-06-30,72.24,3250,77.95,5,Christopher Grimes,teresacohen@example.com,22,0,0,1,2024-09-18,SQL Course 32,2,1,41
1693,904,14,2026-01-21,30.02,642,86.96,4,Gregory Dixon,goodwinterry@example.com,21,1,1,4,2025-03-24,Python Course 14,1,1,43
1694,498,6,2026-03-05,76.91,1365,40.42,4,Isabella Alvarez,erin84@example.net,27,1,2,0,2025-07-25,Python Course 6,2,1,11
1695,822,46,2026-06-04,31.85,3842,65.57,3,Isaiah Meyer,colonmelissa@example.com,32,0,2,4,2025-12-12,NLP Course 46,3,0,48
1696,534,28,2025-10-04,46.62,3973,74.5,4,Patricia Lopez,shannonmckinney@example.net,18,0,0,4,2024-08-22,SQL Course 28,5,0,57
1697,105,20,2025-01-14,62.29,2305,89.97,5,Katherine Gonzalez,laurensullivan@example.com,32,0,1,1,2025-03-28,Data Science Course 20,3,1,50
1698,612,4,2025-07-27,33.55,4349,83.72,2,Donald Carter,ebrown@example.org,29,1,1,2,2026-01-29,Power BI Course 4,1,0,23
1699,527,20,2026-03-17,36.52,3052,82.59,3,Sara Maldonado,lindseynichols@example.net,33,0,2,0,2026-06-25,Data Science Course 20,3,1,50
1700,230,28,2026-03-27,33.75,411,96.13,4,Maurice Garcia,colemanjennifer@example.com,19,0,1,0,2025-07-01,SQL Course 28,5,0,57
1701,918,46,2026-06-06,65.97,4246,91.57,2,Janet Spencer,courtneywall@example.com,24,1,2,1,2025-12-29,NLP Course 46,3,0,48
1702,237,7,2025-10-22,74.34,4184,56.25,3,Robert Nelson,teresaallen@example.com,22,0,2,1,2024-09-18,Data Science Course 7,6,1,62
1703,779,22,2025-12-01,33.4,1082,47.15,5,Jennifer Stevenson,jennifer01@example.org,29,1,0,0,2025-11-13,Computer Vision Course 22,0,2,49
1704,430,6,2026-04-20,35.6,691,90.19,5,Robert White,michael44@example.org,35,0,0,3,2026-03-10,Python Course 6,2,1,11
1705,281,2,2026-05-10,99.38,1050,59.92,1,Jennifer Dunlap,michellenorris@example.net,19,0,2,2,2024-10-27,Data Science Course 2,1,0,41
1706,968,1,2026-04-15,91.86,1020,59.0,3,Laura Reynolds,robertsnicole@example.com,32,0,2,0,2024-09-29,Power BI Course 1,3,1,21
1707,666,32,2025-03-14,67.62,2691,84.92,3,Dawn Griffith,peterhernandez@example.com,31,1,1,6,2025-07-18,SQL Course 32,2,1,41
1708,919,15,2025-10-21,96.64,1285,68.69,1,Tara Young,guerreronathan@example.net,21,0,0,0,2024-10-08,Data Science Course 15,6,1,75
1709,107,20,2026-06-20,67.69,4559,62.27,2,Robert Moon,webbchristopher@example.org,24,0,2,5,2025-05-17,Data Science Course 20,3,1,50
1710,255,43,2024-12-26,30.52,1084,60.77,3,Emily Carpenter,davistyler@example.org,34,1,0,5,2026-03-03,Data Science Course 43,3,2,73
1711,369,21,2024-12-29,73.19,2387,77.27,1,Mary Avila,hpatton@example.org,29,0,0,5,2025-12-12,Data Science Course 21,0,0,66
1712,478,20,2025-07-14,21.9,1607,50.77,5,Sean Garcia,barbara91@example.org,27,1,0,4,2024-10-05,Data Science Course 20,3,1,50
1713,884,18,2024-10-20,43.79,3797,85.42,2,Misty Smith,michaellee@example.com,31,1,2,6,2025-11-26,Machine Learning Course 18,0,0,25
1714,562,22,2026-06-13,38.06,3084,84.68,1,Christina Wise,williamsray@example.org,31,0,1,4,2025-10-05,Computer Vision Course 22,0,2,49
1715,217,23,2026-04-23,53.59,1316,82.32,5,Mary Carey,jenniferprice@example.org,31,1,2,5,2026-01-02,SQL Course 23,6,1,47
1716,501,12,2024-10-24,88.95,2375,73.25,4,Barbara Simmons,charlene23@example.com,19,0,2,3,2024-10-02,Deep Learning Course 12,5,2,57
1717,291,30,2025-08-13,56.69,3860,85.12,4,Stanley Coleman,jstanton@example.com,26,0,1,2,2026-01-17,Machine Learning Course 30,1,2,60
1718,212,9,2025-06-02,91.24,3144,52.98,3,Kimberly Woodard,douglasking@example.com,27,0,1,4,2024-08-20,SQL Course 9,6,0,47
1719,592,42,2025-01-15,78.49,4479,54.7,3,Megan Horn,saraberry@example.com,29,1,1,7,2025-08-13,NLP Course 42,0,0,75
1720,634,40,2024-12-28,69.05,2153,53.43,2,Bryce Middleton,smithtom@example.net,20,0,1,2,2025-10-25,Machine Learning Course 40,2,2,64
1721,196,17,2025-04-06,20.02,1507,86.25,3,Andre Nguyen,pjackson@example.org,20,0,0,0,2025-01-09,Deep Learning Course 17,1,0,22
1722,777,21,2026-03-22,67.39,4614,46.28,4,Jennifer Scott,gcampbell@example.com,31,1,0,5,2024-12-19,Data Science Course 21,0,0,66
1723,414,44,2026-04-07,39.13,153,70.95,2,Timothy Lopez,paul75@example.com,29,0,1,4,2024-09-25,Computer Vision Course 44,1,2,29
1724,949,8,2025-06-30,51.86,3745,72.95,1,Jamie Moore,michelle42@example.com,26,1,2,7,2025-08-01,Python Course 8,1,2,38
1725,341,15,2025-11-23,23.47,2797,64.78,4,Margaret Daniel,kimberly13@example.org,24,0,0,3,2024-08-22,Data Science Course 15,6,1,75
1726,311,9,2025-08-04,79.12,691,70.42,3,Joseph Shaw,hannahfernandez@example.net,29,1,2,2,2024-12-22,SQL Course 9,6,0,47
1727,811,25,2026-03-10,22.71,3875,48.99,3,Bryan Silva,nfigueroa@example.net,21,1,2,6,2025-09-21,Data Science Course 25,7,1,51
1728,688,45,2025-11-01,70.42,3772,53.39,4,Kelly Torres,shawn80@example.org,27,1,1,3,2025-08-21,Power BI Course 45,0,1,69
1729,815,1,2025-04-27,38.28,2517,45.38,2,Kara Hayes,william88@example.com,31,1,0,0,2025-08-01,Power BI Course 1,3,1,21
1730,44,27,2024-09-06,33.02,3885,63.52,1,Jordan Stewart,xgarrett@example.org,35,0,1,7,2026-06-07,Computer Vision Course 27,5,0,70
1731,944,26,2024-08-04,81.7,3286,93.48,1,Pamela Sandoval,sblair@example.net,18,1,0,1,2025-08-14,Computer Vision Course 26,7,1,22
1732,150,20,2024-08-26,49.93,2566,55.37,2,Veronica Harris,madison69@example.net,28,0,1,0,2024-10-09,Data Science Course 20,3,1,50
1733,352,43,2025-06-28,97.21,3757,68.06,5,Kevin Chandler,kimberlyjohnson@example.net,25,0,1,3,2025-06-26,Data Science Course 43,3,2,73
1734,27,37,2025-11-26,88.97,2169,42.46,3,Ashley Lawrence,claytonwilliam@example.com,28,0,0,1,2025-03-13,SQL Course 37,0,0,38
1735,144,26,2026-05-27,34.64,4583,78.02,2,Taylor Cooley,lramirez@example.net,33,1,0,2,2024-08-06,Computer Vision Course 26,7,1,22
1736,949,23,2025-03-12,99.22,3220,99.2,4,Jamie Moore,michelle42@example.com,26,1,2,7,2025-08-01,SQL Course 23,6,1,47
1737,213,19,2026-02-27,60.19,706,98.63,2,Jessica Oliver,thomasallison@example.com,25,0,0,5,2025-08-10,Machine Learning Course 19,0,0,37
1738,755,7,2024-10-18,49.57,2802,44.83,1,Brianna Moreno DVM,lovepamela@example.com,27,1,0,4,2024-07-17,Data Science Course 7,6,1,62
1739,625,34,2025-02-10,95.93,2947,79.86,3,Kelsey Sullivan,kevinnewton@example.net,29,1,0,3,2026-01-19,SQL Course 34,6,2,57
1740,686,50,2024-10-06,24.54,2942,42.46,4,Stacey Deleon,wgarcia@example.com,25,0,1,7,2026-04-04,Python Course 50,3,1,46
1741,616,10,2026-07-06,27.37,930,41.86,5,Carla Johnson MD,juarezwhitney@example.net,27,0,1,3,2025-05-22,Python Course 10,6,2,10
1742,879,50,2024-10-28,99.16,1307,62.78,4,Madeline Jackson,perezpaul@example.net,21,1,0,2,2025-02-12,Python Course 50,3,1,46
1743,239,23,2025-10-23,66.46,1122,57.17,4,Juan Johnson,jonesgary@example.com,28,0,0,5,2025-04-07,SQL Course 23,6,1,47
1744,191,9,2025-12-28,27.25,4169,97.03,4,Dawn Davis,amyfox@example.net,28,0,0,3,2025-04-16,SQL Course 9,6,0,47
1745,823,50,2025-06-05,45.05,2673,44.1,1,David Torres,fburnett@example.com,31,0,1,0,2025-03-09,Python Course 50,3,1,46
1746,663,46,2025-05-01,51.25,1453,68.51,5,Elizabeth Salinas,coreyrose@example.org,20,0,2,1,2025-03-16,NLP Course 46,3,0,48
1747,110,47,2026-06-24,29.52,922,84.16,4,Charles Calhoun,john13@example.org,26,1,1,6,2026-01-17,SQL Course 47,5,2,40
1748,889,26,2025-02-23,66.29,812,99.74,1,Matthew Young,warrenwilliam@example.net,30,0,2,7,2026-05-07,Computer Vision Course 26,7,1,22
1749,109,29,2026-01-31,86.36,3788,70.57,1,Stephanie Fuller,steven37@example.org,32,0,0,0,2025-04-03,Data Science Course 29,2,2,62
1750,878,38,2025-09-30,69.53,2201,86.2,5,Amy Lee,nsullivan@example.org,22,1,1,7,2026-02-26,Computer Vision Course 38,4,0,32
1751,421,8,2025-05-18,89.68,3672,44.02,5,Laura Mcbride,kristastout@example.net,27,1,0,6,2024-08-21,Python Course 8,1,2,38
1752,214,42,2026-03-01,83.82,3990,48.75,2,Sarah Figueroa,christopherward@example.net,18,1,1,2,2025-09-14,NLP Course 42,0,0,75
1753,225,38,2025-12-28,38.68,686,87.72,2,Kimberly Krueger,jenniferpeterson@example.com,33,0,2,1,2024-10-08,Computer Vision Course 38,4,0,32
1754,573,44,2025-07-28,55.88,373,64.47,3,Alejandro Webb,hbrewer@example.net,25,0,0,2,2025-04-09,Computer Vision Course 44,1,2,29
1755,580,12,2024-12-08,61.23,3218,65.05,1,William Wilson,imiller@example.org,31,1,1,6,2025-12-08,Deep Learning Course 12,5,2,57
1756,510,22,2025-01-06,47.27,542,85.47,2,Bradley Jenkins,lindakelly@example.net,22,0,2,2,2026-02-26,Computer Vision Course 22,0,2,49
1757,609,3,2024-10-14,54.5,4238,65.26,2,Tina Moore,hollanddebra@example.com,25,1,0,7,2025-02-02,Python Course 3,3,2,52
1758,392,11,2024-10-25,53.11,2696,41.19,5,Albert Brown,davenporthunter@example.org,28,0,1,2,2024-10-29,SQL Course 11,0,0,15
1759,187,32,2025-09-17,60.25,1252,47.71,2,Calvin Jenkins,bonnie24@example.net,19,1,0,3,2025-08-27,SQL Course 32,2,1,41
1760,172,15,2025-05-07,87.04,1372,78.2,4,Matthew Hernandez,fsimmons@example.org,22,0,1,5,2025-07-01,Data Science Course 15,6,1,75
1761,913,32,2025-09-05,98.35,2368,61.75,5,Christopher Smith,harveykelly@example.net,18,1,0,3,2026-04-06,SQL Course 32,2,1,41
1762,959,17,2025-06-13,38.41,652,48.57,1,Brandon Hansen,nicole94@example.org,32,1,2,0,2025-04-19,Deep Learning Course 17,1,0,22
1763,945,36,2025-08-24,51.4,4640,92.89,5,Angela Martin,qhogan@example.com,35,0,1,6,2024-10-29,Computer Vision Course 36,2,0,77
1764,625,5,2025-10-21,52.8,1833,76.62,5,Kelsey Sullivan,kevinnewton@example.net,29,1,0,3,2026-01-19,Computer Vision Course 5,6,1,55
1765,544,26,2025-02-09,74.18,2494,83.5,5,Kimberly Kemp,vlopez@example.net,34,0,1,4,2025-10-23,Computer Vision Course 26,7,1,22
1766,584,47,2025-08-27,27.18,1198,46.22,2,Jacob Luna,nixonjared@example.com,32,1,2,0,2025-02-25,SQL Course 47,5,2,40
1767,672,40,2025-07-31,35.85,3172,86.27,5,Tammy Mcgrath,jessica07@example.org,35,0,1,3,2024-09-15,Machine Learning Course 40,2,2,64
1768,492,18,2026-05-24,88.33,553,76.68,3,Mario Lopez,clementssean@example.com,21,0,1,4,2025-12-23,Machine Learning Course 18,0,0,25
1769,349,20,2025-01-01,20.42,368,46.46,2,Mark Elliott,hendersonsean@example.org,27,0,2,5,2025-06-23,Data Science Course 20,3,1,50
1770,133,11,2024-11-15,55.89,1589,75.27,1,Kevin Ward,kimberly51@example.org,21,0,2,3,2025-01-10,SQL Course 11,0,0,15
1771,645,18,2025-03-28,61.63,393,74.64,5,Jennifer May,carolmartin@example.com,35,1,2,2,2025-12-18,Machine Learning Course 18,0,0,25
1772,412,36,2025-09-14,30.65,4474,88.29,3,Zachary Torres,michaelclark@example.com,23,1,2,0,2025-02-03,Computer Vision Course 36,2,0,77
1773,902,20,2025-05-27,69.64,2557,63.2,1,Monica Brooks,kleinchristopher@example.net,24,0,1,3,2024-11-16,Data Science Course 20,3,1,50
1774,41,44,2024-08-15,93.12,4570,94.77,4,Kelly Harris,amandahall@example.com,29,1,2,3,2025-10-31,Computer Vision Course 44,1,2,29
1775,531,11,2025-05-12,74.9,2814,56.43,4,Heather Kelly,justincombs@example.net,35,0,1,5,2024-12-15,SQL Course 11,0,0,15
1776,252,36,2025-04-06,53.59,1054,93.56,4,Kimberly Reed,obowman@example.org,33,0,0,2,2026-04-11,Computer Vision Course 36,2,0,77
1777,353,34,2024-11-14,33.84,4574,69.39,5,Stacy Arroyo,silvaanthony@example.net,25,1,1,6,2024-08-25,SQL Course 34,6,2,57
1778,952,20,2024-09-25,82.27,3086,47.79,2,Elizabeth Hester,moniquegilbert@example.net,28,1,2,1,2025-06-12,Data Science Course 20,3,1,50
1779,105,2,2026-01-10,95.71,4156,40.88,5,Katherine Gonzalez,laurensullivan@example.com,32,0,1,1,2025-03-28,Data Science Course 2,1,0,41
1780,455,30,2025-09-09,50.9,4445,90.88,4,Rebecca Bell,rileymichael@example.org,31,0,1,7,2025-12-02,Machine Learning Course 30,1,2,60
1781,328,3,2025-09-21,70.39,1874,43.73,3,Marcus Gardner,julia55@example.com,28,1,2,1,2025-01-03,Python Course 3,3,2,52
1782,803,38,2024-10-09,86.59,2673,90.32,3,Casey Martinez,zhogan@example.net,24,1,2,5,2025-01-20,Computer Vision Course 38,4,0,32
1783,508,10,2025-09-02,95.29,3790,51.33,1,Olivia Hensley,meganjenkins@example.org,28,1,1,6,2026-05-07,Python Course 10,6,2,10
1784,356,42,2026-04-13,29.2,3588,44.19,1,Bryan Smith,susanbernard@example.org,23,0,1,7,2026-01-05,NLP Course 42,0,0,75
1785,415,27,2025-11-24,59.75,812,84.09,4,Arthur Goodwin,courtney80@example.com,26,0,1,4,2025-10-28,Computer Vision Course 27,5,0,70
1786,552,18,2024-12-29,23.13,1664,73.33,2,Leslie Alvarado,riveramariah@example.net,21,0,0,4,2026-02-16,Machine Learning Course 18,0,0,25
1787,192,29,2025-05-06,81.13,2567,46.84,5,Jeffrey Smith,ryankellie@example.net,30,1,1,0,2026-03-17,Data Science Course 29,2,2,62
1788,170,6,2026-03-27,93.44,4199,65.45,3,Nicole Maldonado,cjones@example.org,35,1,2,1,2025-10-28,Python Course 6,2,1,11
1789,897,26,2026-04-17,80.19,4680,55.42,3,Jacob Leonard,austinbaxter@example.com,34,0,0,1,2026-05-02,Computer Vision Course 26,7,1,22
1790,663,11,2024-08-28,30.29,4217,76.56,2,Elizabeth Salinas,coreyrose@example.org,20,0,2,1,2025-03-16,SQL Course 11,0,0,15
1791,438,43,2026-02-19,74.73,3425,60.57,5,Maria Harris,melanie33@example.com,33,0,0,2,2026-07-11,Data Science Course 43,3,2,73
1792,628,1,2025-01-09,51.17,1450,65.28,1,Veronica Rose,davishenry@example.com,26,0,2,4,2025-07-12,Power BI Course 1,3,1,21
1793,47,1,2025-05-22,76.1,4753,92.32,2,Shannon Martinez,karensampson@example.net,28,1,0,2,2026-04-13,Power BI Course 1,3,1,21
1794,410,41,2026-03-25,90.87,2333,97.29,4,Lisa Jones,alexandrapena@example.com,20,0,2,0,2024-08-25,Machine Learning Course 41,1,2,72
1795,195,19,2025-01-01,89.74,818,47.3,5,James Johnston,foxkendra@example.org,33,0,2,2,2025-12-04,Machine Learning Course 19,0,0,37
1796,128,17,2025-06-07,89.15,2844,71.54,5,Kathryn Ruiz,mossjoseph@example.net,32,0,0,2,2025-11-11,Deep Learning Course 17,1,0,22
1797,701,46,2024-10-13,73.1,1697,90.23,2,Bradley Pittman,littlejoseph@example.com,26,0,1,5,2025-10-04,NLP Course 46,3,0,48
1798,268,17,2025-01-30,80.68,3234,46.08,2,Nathan Diaz DDS,lkim@example.org,21,0,2,1,2024-07-26,Deep Learning Course 17,1,0,22
1799,735,1,2025-06-07,57.71,2616,40.27,4,Troy Brown,aimee96@example.org,29,1,2,1,2026-02-04,Power BI Course 1,3,1,21
1800,419,47,2025-06-23,87.38,2747,86.42,3,Robert Davidson,briannaphillips@example.com,24,0,0,1,2025-02-17,SQL Course 47,5,2,40
1801,253,28,2024-11-17,55.07,3125,67.79,1,Cynthia Taylor,kayla36@example.net,26,0,0,1,2025-11-11,SQL Course 28,5,0,57
1802,288,23,2025-02-22,91.59,1305,44.5,4,Kathryn Contreras,larry32@example.org,31,1,1,1,2024-12-18,SQL Course 23,6,1,47
1803,249,35,2025-03-03,52.26,1829,93.25,1,Jessica Carrillo,collinsjoshua@example.net,29,1,0,4,2025-04-10,NLP Course 35,1,0,70
1804,459,24,2024-09-02,81.45,2762,95.29,2,Thomas Wood,heatherphillips@example.net,34,0,1,6,2026-02-26,Computer Vision Course 24,5,2,21
1805,191,32,2026-01-03,34.81,2831,79.98,2,Dawn Davis,amyfox@example.net,28,0,0,3,2025-04-16,SQL Course 32,2,1,41
1806,685,49,2025-06-09,47.06,1802,80.48,2,Richard Jones,rberry@example.org,25,1,2,6,2025-10-16,SQL Course 49,4,1,62
1807,781,9,2025-11-06,21.44,1153,72.43,5,Glenn Hanson,owensshannon@example.net,21,1,1,6,2025-12-15,SQL Course 9,6,0,47
1808,813,30,2025-08-01,49.85,3561,58.28,4,Tristan Davidson,jacobsbrittany@example.com,24,1,0,1,2025-06-16,Machine Learning Course 30,1,2,60
1809,840,6,2026-04-18,74.18,2593,68.21,5,Andrew Olson,smithwilliam@example.com,20,0,0,4,2025-04-11,Python Course 6,2,1,11
1810,277,24,2025-01-11,99.39,298,95.36,3,Cory Roy,deborahwalters@example.net,27,1,2,4,2026-01-08,Computer Vision Course 24,5,2,21
1811,504,33,2026-04-16,27.97,1973,40.21,5,Troy Johnson,sydney50@example.com,18,0,2,3,2024-09-03,Power BI Course 33,7,1,58
1812,649,47,2024-07-17,88.2,591,56.94,4,Patrick Johnson,solomonjennifer@example.net,33,0,1,0,2026-04-15,SQL Course 47,5,2,40
1813,534,9,2025-06-10,83.09,2168,89.02,4,Patricia Lopez,shannonmckinney@example.net,18,0,0,4,2024-08-22,SQL Course 9,6,0,47
1814,310,16,2025-08-14,28.92,2359,52.11,5,Meghan Lopez,patrickchoi@example.net,32,0,2,0,2025-12-07,Deep Learning Course 16,5,0,68
1815,507,7,2024-08-26,41.66,514,88.29,1,Chad Stone,jasonroberts@example.com,29,0,2,5,2024-11-23,Data Science Course 7,6,1,62
1816,791,8,2026-02-07,77.22,2596,41.83,3,Dylan Martin,michellestewart@example.net,24,1,2,0,2025-01-02,Python Course 8,1,2,38
1817,994,7,2024-09-18,57.57,84,64.48,2,Peter Maxwell,evansmaria@example.net,29,1,2,0,2025-11-15,Data Science Course 7,6,1,62
1818,79,31,2025-02-08,96.54,3482,74.91,3,Amanda Alvarez,irichardson@example.net,25,0,0,7,2024-09-26,Computer Vision Course 31,4,0,67
1819,252,33,2026-02-02,69.98,364,78.98,2,Kimberly Reed,obowman@example.org,33,0,0,2,2026-04-11,Power BI Course 33,7,1,58
1820,789,22,2025-06-07,39.24,3345,48.96,1,Brandy Joseph,wellstravis@example.org,22,1,2,7,2024-10-09,Computer Vision Course 22,0,2,49
1821,962,27,2024-09-26,56.97,118,76.75,5,Joseph Richardson,ronald83@example.org,22,1,0,6,2024-09-08,Computer Vision Course 27,5,0,70
1822,177,7,2026-01-16,81.09,2376,76.78,3,Jennifer Cole,christian22@example.org,21,1,2,3,2024-11-15,Data Science Course 7,6,1,62
1823,165,5,2025-12-27,58.68,2437,64.18,5,Michael Cruz,gonzalezlindsay@example.com,29,0,1,3,2024-12-31,Computer Vision Course 5,6,1,55
1824,131,6,2026-01-18,87.4,569,88.73,1,Valerie Moore,ginahoffman@example.org,35,0,0,2,2025-02-28,Python Course 6,2,1,11
1825,428,49,2024-11-13,53.08,85,90.22,5,Cheryl Novak,jenniferward@example.net,24,1,1,5,2025-06-30,SQL Course 49,4,1,62
1826,606,44,2026-01-25,58.84,1792,44.55,2,Michelle Buckley,zhoward@example.org,34,0,2,3,2024-07-22,Computer Vision Course 44,1,2,29
1827,653,10,2024-08-13,63.06,3199,47.75,4,Jason Kennedy,eduardo15@example.org,28,0,2,5,2024-11-25,Python Course 10,6,2,10
1828,758,7,2025-02-05,57.37,4129,68.39,5,Katie Morgan,richjoshua@example.net,29,0,1,6,2024-08-01,Data Science Course 7,6,1,62
1829,249,33,2025-06-04,31.48,3381,62.24,5,Jessica Carrillo,collinsjoshua@example.net,29,1,0,4,2025-04-10,Power BI Course 33,7,1,58
1830,789,35,2025-12-28,67.73,347,47.9,1,Brandy Joseph,wellstravis@example.org,22,1,2,7,2024-10-09,NLP Course 35,1,0,70
1831,268,36,2025-12-15,51.14,3531,81.59,2,Nathan Diaz DDS,lkim@example.org,21,0,2,1,2024-07-26,Computer Vision Course 36,2,0,77
1832,731,33,2025-02-27,38.04,2533,79.47,3,Jason Spencer,qthomas@example.org,24,1,2,4,2024-08-14,Power BI Course 33,7,1,58
1833,946,10,2025-02-27,68.88,2022,96.81,1,Zachary Sparks,jonesjohn@example.org,30,0,0,3,2025-06-11,Python Course 10,6,2,10
1834,403,1,2024-09-11,48.09,2920,93.22,4,Steven Kennedy Jr.,pholloway@example.org,21,1,2,7,2024-08-03,Power BI Course 1,3,1,21
1835,909,31,2025-10-08,61.64,2858,61.91,4,Marvin Zamora,george64@example.net,33,1,1,4,2025-10-14,Computer Vision Course 31,4,0,67
1836,751,10,2026-02-23,46.51,3155,76.38,5,John Gay,cbartlett@example.org,34,1,1,2,2025-05-09,Python Course 10,6,2,10
1837,453,40,2026-04-19,90.4,2015,45.03,5,Lisa King,fhart@example.com,29,0,2,1,2026-03-06,Machine Learning Course 40,2,2,64
1838,468,29,2025-01-28,90.6,2260,56.63,4,Christopher Murphy,ohenson@example.net,29,1,1,7,2025-05-08,Data Science Course 29,2,2,62
1839,615,35,2025-10-28,26.43,4763,45.38,2,Paul Fletcher,woodslisa@example.org,19,0,1,7,2025-09-05,NLP Course 35,1,0,70
1840,337,11,2026-02-14,64.48,4779,52.28,5,Andrea Davidson,cherylsherman@example.net,33,0,1,6,2025-07-17,SQL Course 11,0,0,15
1841,15,12,2025-04-03,62.47,2091,89.93,4,John Rice,jasonho@example.com,27,1,1,6,2024-12-14,Deep Learning Course 12,5,2,57
1842,941,2,2024-10-21,84.91,3789,44.08,2,Christian Thompson,cooleymichael@example.net,20,1,0,6,2026-04-02,Data Science Course 2,1,0,41
1843,580,45,2025-10-25,92.6,3734,61.12,1,William Wilson,imiller@example.org,31,1,1,6,2025-12-08,Power BI Course 45,0,1,69
1844,444,45,2024-12-13,98.67,1805,73.03,5,John Sparks,matthewbrown@example.net,31,0,1,0,2025-01-07,Power BI Course 45,0,1,69
1845,807,4,2025-12-19,44.71,4156,81.65,4,Benjamin Nunez,plewis@example.com,27,1,0,0,2026-03-02,Power BI Course 4,1,0,23
1846,130,12,2025-01-18,96.46,3861,81.47,4,Paul Moore,mikaylakirk@example.net,28,1,0,3,2025-06-18,Deep Learning Course 12,5,2,57
1847,940,16,2025-01-29,37.03,1085,63.57,3,Hailey Wheeler,garzajennifer@example.com,30,0,2,6,2026-03-23,Deep Learning Course 16,5,0,68
1848,549,28,2026-04-02,60.08,4435,67.91,3,Paul Smith,erinsalazar@example.com,21,0,1,0,2026-06-20,SQL Course 28,5,0,57
1849,261,36,2025-01-24,27.04,2203,65.25,3,Cheryl Cameron,wblanchard@example.net,32,0,0,4,2025-06-29,Computer Vision Course 36,2,0,77
1850,84,34,2025-03-03,66.77,2657,87.28,5,Teresa Brown,wilsonjoshua@example.net,28,0,1,5,2025-12-07,SQL Course 34,6,2,57
1851,921,30,2025-02-20,61.16,1889,67.46,4,Teresa Bryant,josephrussell@example.net,28,1,1,5,2025-04-03,Machine Learning Course 30,1,2,60
1852,957,45,2026-02-12,87.82,691,79.51,5,Megan Cooper,sheila97@example.com,22,1,1,3,2024-12-30,Power BI Course 45,0,1,69
1853,727,6,2026-03-01,98.02,418,95.32,2,Sandy Hicks,gregoryholland@example.com,26,1,2,7,2026-03-14,Python Course 6,2,1,11
1854,675,27,2026-06-20,73.56,4726,62.98,3,Phyllis French,elizabeth69@example.org,26,0,0,0,2025-01-23,Computer Vision Course 27,5,0,70
1855,353,4,2025-09-17,86.64,2853,60.12,3,Stacy Arroyo,silvaanthony@example.net,25,1,1,6,2024-08-25,Power BI Course 4,1,0,23
1856,201,24,2025-12-10,63.88,4237,75.68,2,Andrew Delacruz,flynnmarcus@example.com,20,0,2,3,2025-07-30,Computer Vision Course 24,5,2,21
1857,670,46,2026-04-28,80.26,2858,70.49,2,Brianna Smith,salinasedward@example.com,33,0,2,3,2024-07-21,NLP Course 46,3,0,48
1858,250,39,2025-05-29,51.87,1453,75.96,3,Pamela Booth,andrew47@example.org,33,1,1,5,2024-11-11,Power BI Course 39,4,2,33
1859,614,20,2026-01-21,48.68,470,98.58,3,Jessica Martinez,ymeyers@example.org,35,1,2,7,2025-05-16,Data Science Course 20,3,1,50
1860,827,2,2025-12-21,82.46,3806,48.17,2,Robin Mccullough,catherinedaniels@example.org,30,1,0,5,2026-04-02,Data Science Course 2,1,0,41
1861,667,23,2026-04-26,43.69,2271,44.46,1,James Thompson,melissa31@example.net,20,1,1,1,2025-04-30,SQL Course 23,6,1,47
1862,298,32,2025-08-10,40.45,2783,57.5,4,Heather Silva,brittany91@example.com,19,1,2,7,2026-06-13,SQL Course 32,2,1,41
1863,153,19,2026-05-03,54.06,1465,84.84,1,Shannon Wilkerson,thomasstephanie@example.org,33,1,1,0,2024-12-07,Machine Learning Course 19,0,0,37
1864,841,34,2025-02-21,36.17,1953,73.08,1,John Webster,michelle12@example.net,33,1,1,4,2024-09-03,SQL Course 34,6,2,57
1865,372,20,2025-08-20,22.59,2772,49.6,3,Haley Thompson,yrogers@example.net,35,0,1,2,2025-05-24,Data Science Course 20,3,1,50
1866,792,49,2025-08-16,82.0,2798,80.28,5,Alison Wagner,amydickson@example.net,32,1,2,7,2026-04-15,SQL Course 49,4,1,62
1867,354,29,2024-11-12,69.26,3810,81.25,5,Heather Murray,nataliefaulkner@example.com,27,1,2,3,2024-09-10,Data Science Course 29,2,2,62
1868,163,37,2025-07-12,74.99,1061,42.66,1,Joshua Perez,stephaniegeorge@example.org,32,1,2,6,2024-10-21,SQL Course 37,0,0,38
1869,244,29,2026-01-12,94.5,4158,71.74,2,Todd Myers,don31@example.org,19,0,2,3,2026-01-24,Data Science Course 29,2,2,62
1870,584,8,2026-01-23,38.03,730,74.4,1,Jacob Luna,nixonjared@example.com,32,1,2,0,2025-02-25,Python Course 8,1,2,38
1871,957,14,2024-08-15,94.76,4062,61.7,3,Megan Cooper,sheila97@example.com,22,1,1,3,2024-12-30,Python Course 14,1,1,43
1872,441,44,2025-11-29,80.85,2510,72.53,2,Steven Warner,jennifercarr@example.org,30,0,1,6,2026-05-20,Computer Vision Course 44,1,2,29
1873,600,10,2026-03-13,79.37,3297,72.02,5,Jennifer Burke,christinebrown@example.com,21,0,0,4,2025-04-16,Python Course 10,6,2,10
1874,777,9,2025-12-01,53.82,2283,60.79,2,Jennifer Scott,gcampbell@example.com,31,1,0,5,2024-12-19,SQL Course 9,6,0,47
1875,285,6,2025-03-05,49.35,257,84.89,3,Angela Chambers,gelliott@example.net,25,0,1,4,2025-03-29,Python Course 6,2,1,11
1876,317,21,2025-09-03,22.34,1137,48.5,2,Theresa Nixon,thompsonbrett@example.com,35,1,2,0,2026-07-05,Data Science Course 21,0,0,66
1877,705,22,2024-09-20,28.82,4215,42.67,5,Miranda Stephens,aprilhall@example.com,26,1,2,7,2025-03-22,Computer Vision Course 22,0,2,49
1878,386,40,2025-05-11,32.63,2818,57.06,2,Christopher Thompson,greid@example.org,20,0,0,0,2024-12-23,Machine Learning Course 40,2,2,64
1879,485,13,2025-06-09,71.91,1174,86.35,2,Douglas Thompson,jodicooper@example.org,29,0,1,4,2025-09-28,SQL Course 13,7,1,41
1880,158,29,2025-04-21,22.37,2169,98.04,1,Andrew Arnold,steven55@example.org,30,0,2,3,2025-05-08,Data Science Course 29,2,2,62
1881,142,48,2026-06-17,63.38,4338,43.91,2,Kathy Mckenzie,james27@example.org,33,0,2,7,2025-10-17,Power BI Course 48,7,2,62
1882,999,32,2025-10-15,63.84,3369,69.99,4,Brittany Hall,washingtoncynthia@example.net,28,0,0,4,2026-03-20,SQL Course 32,2,1,41
1883,966,2,2025-07-09,68.96,4221,50.9,5,James Sanchez,pthomas@example.org,18,1,2,1,2025-04-12,Data Science Course 2,1,0,41
1884,686,23,2026-04-01,57.2,1892,86.39,3,Stacey Deleon,wgarcia@example.com,25,0,1,7,2026-04-04,SQL Course 23,6,1,47
1885,307,31,2026-04-06,39.73,1531,55.95,3,Phillip Cervantes,teresalane@example.com,22,0,1,3,2025-11-14,Computer Vision Course 31,4,0,67
1886,353,4,2026-01-18,84.49,1572,89.75,1,Stacy Arroyo,silvaanthony@example.net,25,1,1,6,2024-08-25,Power BI Course 4,1,0,23
1887,542,5,2025-10-21,78.17,1424,65.89,4,Lisa Gonzalez,randyalvarado@example.org,19,1,1,2,2025-06-04,Computer Vision Course 5,6,1,55
1888,347,28,2025-08-18,88.54,2501,53.05,4,Paul Haynes,amanda82@example.com,18,1,2,4,2025-11-16,SQL Course 28,5,0,57
1889,125,12,2025-07-07,22.16,3431,45.31,2,Joseph Lozano,lschwartz@example.org,34,1,1,1,2025-01-24,Deep Learning Course 12,5,2,57
1890,609,19,2024-11-09,35.93,1416,79.05,5,Tina Moore,hollanddebra@example.com,25,1,0,7,2025-02-02,Machine Learning Course 19,0,0,37
1891,995,50,2026-01-28,42.07,3371,74.32,3,Leonard Rocha,andrea76@example.com,34,0,1,4,2025-07-26,Python Course 50,3,1,46
1892,145,21,2025-08-16,75.01,792,82.83,1,Maria Santos,jocelynbrady@example.net,23,0,1,3,2025-09-23,Data Science Course 21,0,0,66
1893,689,36,2025-02-16,74.11,1092,56.93,2,Sandra Hoffman,jchen@example.com,18,0,2,1,2025-06-19,Computer Vision Course 36,2,0,77
1894,374,18,2025-12-18,95.74,4419,92.92,3,Kellie Williams,teresasanchez@example.org,25,1,2,5,2025-11-12,Machine Learning Course 18,0,0,25
1895,630,14,2025-11-22,35.62,1389,83.55,1,Patricia Clark,coopertravis@example.org,31,1,1,6,2024-10-14,Python Course 14,1,1,43
1896,212,46,2026-01-21,50.17,3204,47.77,5,Kimberly Woodard,douglasking@example.com,27,0,1,4,2024-08-20,NLP Course 46,3,0,48
1897,399,6,2024-11-12,54.64,1585,42.51,5,John Massey,davidmontgomery@example.com,33,0,2,1,2025-02-22,Python Course 6,2,1,11
1898,48,15,2025-06-20,54.77,1769,90.26,5,Gabriela Smith,cookdaniel@example.net,32,0,2,6,2024-08-27,Data Science Course 15,6,1,75
1899,130,45,2026-04-16,90.86,4603,85.84,2,Paul Moore,mikaylakirk@example.net,28,1,0,3,2025-06-18,Power BI Course 45,0,1,69
1900,429,10,2026-01-26,55.74,1809,51.57,1,Jonathan King,jesus69@example.org,32,1,0,7,2026-04-11,Python Course 10,6,2,10
1901,550,38,2024-11-17,25.1,3243,97.75,3,Micheal Summers,jocelynsanchez@example.org,25,0,2,2,2026-04-10,Computer Vision Course 38,4,0,32
1902,207,45,2026-01-12,87.48,2761,87.06,4,Carrie Jones,efoster@example.org,25,1,0,1,2025-11-26,Power BI Course 45,0,1,69
1903,406,25,2024-10-20,90.82,3404,56.82,1,Michael White,joshua19@example.com,30,0,1,5,2025-07-04,Data Science Course 25,7,1,51
1904,376,10,2026-03-21,55.31,1837,47.54,1,Daniel Cunningham,orichardson@example.com,27,1,0,7,2025-04-12,Python Course 10,6,2,10
1905,52,32,2025-12-26,20.65,4186,88.38,2,Kyle Acosta,nicole41@example.org,18,0,1,2,2025-07-14,SQL Course 32,2,1,41
1906,118,42,2025-06-08,51.75,4533,59.14,4,Alicia Williams,zcunningham@example.com,23,1,2,5,2025-09-20,NLP Course 42,0,0,75
1907,499,30,2025-09-10,84.78,3180,90.88,2,Michaela Brown,kevin19@example.com,26,1,0,2,2026-03-08,Machine Learning Course 30,1,2,60
1908,22,38,2024-09-18,35.9,2208,64.5,4,William Juarez,qgomez@example.com,24,0,0,0,2024-08-06,Computer Vision Course 38,4,0,32
1909,667,31,2025-05-09,46.94,426,46.86,2,James Thompson,melissa31@example.net,20,1,1,1,2025-04-30,Computer Vision Course 31,4,0,67
1910,745,32,2024-08-26,59.64,856,57.76,3,Christopher Collins,kayla05@example.com,22,1,0,1,2025-01-03,SQL Course 32,2,1,41
1911,146,22,2026-03-09,22.79,1027,66.24,4,Pamela Miller,jmacdonald@example.net,25,0,1,1,2025-07-03,Computer Vision Course 22,0,2,49
1912,557,20,2025-05-09,76.15,2392,82.4,5,Kellie Yates,qbrennan@example.com,32,1,2,1,2024-11-09,Data Science Course 20,3,1,50
1913,824,16,2026-04-01,64.37,1222,65.66,5,Bruce Hunter,hgentry@example.net,25,0,0,4,2026-05-29,Deep Learning Course 16,5,0,68
1914,537,42,2025-06-21,96.17,2789,62.73,1,Gregory Olson,brett75@example.org,24,1,2,1,2024-09-08,NLP Course 42,0,0,75
1915,163,43,2025-08-20,42.89,4748,92.62,1,Joshua Perez,stephaniegeorge@example.org,32,1,2,6,2024-10-21,Data Science Course 43,3,2,73
1916,917,10,2026-06-10,63.73,2993,64.18,1,Christopher Foster,yford@example.org,23,1,1,7,2025-12-21,Python Course 10,6,2,10
1917,363,26,2026-01-06,62.79,79,78.79,1,Victor House,hlewis@example.net,18,0,2,7,2026-01-01,Computer Vision Course 26,7,1,22
1918,767,16,2025-06-29,62.45,728,77.16,4,Danielle Duncan,ljackson@example.com,28,0,1,2,2024-07-30,Deep Learning Course 16,5,0,68
1919,689,36,2024-10-24,80.54,1766,90.67,2,Sandra Hoffman,jchen@example.com,18,0,2,1,2025-06-19,Computer Vision Course 36,2,0,77
1920,843,36,2025-01-31,82.09,2513,63.63,3,Sherri Norton,jennifermcconnell@example.net,23,0,0,3,2024-08-04,Computer Vision Course 36,2,0,77
1921,448,15,2025-02-04,75.69,2869,45.63,5,Gary Green,michaelcoleman@example.com,22,0,0,7,2025-05-04,Data Science Course 15,6,1,75
1922,966,41,2025-09-13,96.18,2629,60.21,4,James Sanchez,pthomas@example.org,18,1,2,1,2025-04-12,Machine Learning Course 41,1,2,72
1923,902,50,2025-06-19,70.47,1301,77.18,3,Monica Brooks,kleinchristopher@example.net,24,0,1,3,2024-11-16,Python Course 50,3,1,46
1924,78,12,2026-02-22,73.25,4743,88.93,4,Nicole Moore,lewisashley@example.org,32,0,1,6,2026-01-04,Deep Learning Course 12,5,2,57
1925,758,15,2026-04-02,99.04,4128,79.23,2,Katie Morgan,richjoshua@example.net,29,0,1,6,2024-08-01,Data Science Course 15,6,1,75
1926,125,37,2024-07-17,56.46,709,49.02,3,Joseph Lozano,lschwartz@example.org,34,1,1,1,2025-01-24,SQL Course 37,0,0,38
1927,571,47,2025-06-26,52.47,2138,65.2,2,Tyler Hudson,ymorgan@example.net,22,0,2,2,2026-02-09,SQL Course 47,5,2,40
1928,778,16,2026-07-07,52.84,1337,53.06,3,Lee Martin,sarah67@example.com,20,1,0,3,2025-06-14,Deep Learning Course 16,5,0,68
1929,383,48,2024-07-26,32.59,1783,48.01,2,Jessica Delacruz,jenniferphillips@example.net,22,0,1,0,2025-11-24,Power BI Course 48,7,2,62
1930,783,36,2026-04-06,59.95,670,90.75,3,Shane Bentley,lindsaypruitt@example.org,27,0,2,7,2025-03-09,Computer Vision Course 36,2,0,77
1931,916,21,2026-04-14,87.75,3249,79.33,5,Carlos Hardy,mroy@example.net,28,1,2,6,2025-09-27,Data Science Course 21,0,0,66
1932,567,37,2025-04-29,60.87,4478,91.46,4,Kenneth Payne,donna49@example.com,18,1,1,6,2025-03-08,SQL Course 37,0,0,38
1933,624,48,2026-06-09,30.64,4312,71.73,5,Deborah Walker,joseph14@example.net,29,1,2,2,2026-06-16,Power BI Course 48,7,2,62
1934,909,8,2025-01-19,88.23,2266,77.47,3,Marvin Zamora,george64@example.net,33,1,1,4,2025-10-14,Python Course 8,1,2,38
1935,477,46,2026-06-26,24.22,2126,84.12,2,Rachel Solomon,crosbyjermaine@example.com,30,1,0,2,2024-07-22,NLP Course 46,3,0,48
1936,907,13,2024-08-24,69.06,162,79.83,3,Robert Smith,jacksonbrian@example.org,20,0,0,5,2025-09-16,SQL Course 13,7,1,41
1937,172,4,2025-09-03,70.19,2744,69.06,3,Matthew Hernandez,fsimmons@example.org,22,0,1,5,2025-07-01,Power BI Course 4,1,0,23
1938,811,12,2025-06-23,66.59,4945,55.95,1,Bryan Silva,nfigueroa@example.net,21,1,2,6,2025-09-21,Deep Learning Course 12,5,2,57
1939,609,25,2025-06-29,35.67,1135,88.31,1,Tina Moore,hollanddebra@example.com,25,1,0,7,2025-02-02,Data Science Course 25,7,1,51
1940,319,5,2025-03-18,30.24,2624,71.04,5,Jacqueline Ballard,patrickbell@example.net,21,0,2,2,2026-03-24,Computer Vision Course 5,6,1,55
1941,207,13,2026-06-27,39.49,2441,92.55,3,Carrie Jones,efoster@example.org,25,1,0,1,2025-11-26,SQL Course 13,7,1,41
1942,980,46,2025-02-01,76.69,2973,69.82,4,Carlos Harris,derrick77@example.org,26,0,0,0,2024-11-28,NLP Course 46,3,0,48
1943,881,10,2025-11-03,23.09,2754,97.39,1,Emily Koch,hcochran@example.net,30,1,1,6,2024-11-08,Python Course 10,6,2,10
1944,792,49,2026-01-03,66.4,3041,94.19,5,Alison Wagner,amydickson@example.net,32,1,2,7,2026-04-15,SQL Course 49,4,1,62
1945,768,46,2025-06-19,33.21,472,51.44,5,Dr. Cynthia Huerta MD,jeremycole@example.org,20,1,1,1,2025-12-23,NLP Course 46,3,0,48
1946,962,19,2024-11-01,25.88,460,80.36,3,Joseph Richardson,ronald83@example.org,22,1,0,6,2024-09-08,Machine Learning Course 19,0,0,37
1947,841,31,2025-10-01,28.29,2437,89.37,1,John Webster,michelle12@example.net,33,1,1,4,2024-09-03,Computer Vision Course 31,4,0,67
1948,962,8,2026-02-07,38.99,4534,60.71,5,Joseph Richardson,ronald83@example.org,22,1,0,6,2024-09-08,Python Course 8,1,2,38
1949,309,49,2026-03-01,78.17,1887,47.95,4,Kimberly Smith,julialevy@example.org,25,0,1,3,2025-06-03,SQL Course 49,4,1,62
1950,284,37,2025-04-02,93.1,4564,62.85,5,Kathleen Horn,daniel52@example.com,18,1,0,6,2026-06-10,SQL Course 37,0,0,38
1951,40,23,2026-01-06,33.1,2150,56.21,1,Thomas Dixon,bkelley@example.net,20,1,0,4,2025-10-06,SQL Course 23,6,1,47
1952,312,35,2025-08-17,29.16,3058,45.73,1,Aaron Nguyen,melanie98@example.org,28,0,1,5,2025-09-23,NLP Course 35,1,0,70
1953,65,40,2024-10-09,45.73,2447,90.45,3,David Wilson,davisjacob@example.com,19,0,1,1,2024-08-05,Machine Learning Course 40,2,2,64
1954,929,11,2026-06-18,36.95,3457,87.98,3,Savannah Cline,jose29@example.com,22,0,0,2,2024-11-09,SQL Course 11,0,0,15
1955,553,24,2024-12-31,42.53,621,79.76,3,Martha Lee,hcampbell@example.net,32,0,2,1,2025-11-07,Computer Vision Course 24,5,2,21
1956,303,20,2025-12-20,74.5,3235,66.96,3,Katie Zavala,johnathanhobbs@example.com,25,1,1,3,2024-08-29,Data Science Course 20,3,1,50
1957,650,27,2025-05-17,95.35,776,42.77,5,Richard Aguirre,beth49@example.net,32,0,2,5,2026-01-04,Computer Vision Course 27,5,0,70
1958,929,26,2025-07-03,54.0,4483,60.25,5,Savannah Cline,jose29@example.com,22,0,0,2,2024-11-09,Computer Vision Course 26,7,1,22
1959,670,25,2026-02-23,36.86,4434,54.8,2,Brianna Smith,salinasedward@example.com,33,0,2,3,2024-07-21,Data Science Course 25,7,1,51
1960,126,39,2024-08-11,89.66,744,85.86,5,Derrick Park,hillbrandy@example.org,20,0,0,6,2026-02-26,Power BI Course 39,4,2,33
1961,840,29,2026-02-15,75.07,1686,63.67,4,Andrew Olson,smithwilliam@example.com,20,0,0,4,2025-04-11,Data Science Course 29,2,2,62
1962,783,6,2026-07-08,45.94,4964,53.44,2,Shane Bentley,lindsaypruitt@example.org,27,0,2,7,2025-03-09,Python Course 6,2,1,11
1963,991,36,2025-03-26,67.5,939,95.23,5,Mitchell Adams,rware@example.org,30,1,0,0,2024-10-27,Computer Vision Course 36,2,0,77
1964,11,9,2024-12-25,94.83,1692,48.54,5,George Durham,hansenanna@example.net,26,0,2,4,2025-10-05,SQL Course 9,6,0,47
1965,731,13,2025-03-15,39.58,893,49.15,3,Jason Spencer,qthomas@example.org,24,1,2,4,2024-08-14,SQL Course 13,7,1,41
1966,577,12,2025-03-06,48.23,1875,45.09,5,John Wright,brittany20@example.org,35,0,2,3,2025-02-01,Deep Learning Course 12,5,2,57
1967,740,20,2025-11-19,73.87,2838,58.04,4,Timothy Mcgee,bchristensen@example.net,21,0,0,6,2026-04-06,Data Science Course 20,3,1,50
1968,939,47,2026-01-12,94.64,3754,74.23,1,John Walker,thomas55@example.net,35,0,1,1,2024-11-13,SQL Course 47,5,2,40
1969,748,49,2025-08-14,30.94,1038,51.05,2,Denise Phillips,mmontgomery@example.com,27,0,2,3,2025-07-26,SQL Course 49,4,1,62
1970,117,48,2025-02-25,77.06,1332,91.05,4,Benjamin Suarez III,wesleyguerrero@example.net,22,0,2,4,2025-12-16,Power BI Course 48,7,2,62
1971,137,31,2025-09-26,61.82,311,78.56,1,Alison Taylor,gamblejasmine@example.org,26,0,1,3,2026-06-16,Computer Vision Course 31,4,0,67
1972,246,21,2025-03-07,74.37,1389,88.69,2,David Martin,angelayoung@example.com,21,1,2,1,2024-09-07,Data Science Course 21,0,0,66
1973,641,8,2026-01-27,33.21,3801,70.06,4,Jeremy Sims,basslori@example.com,30,1,0,7,2025-10-26,Python Course 8,1,2,38
1974,711,47,2025-10-22,39.5,1700,46.71,4,Andrea Mccoy,bradley99@example.org,22,0,1,7,2024-07-13,SQL Course 47,5,2,40
1975,281,39,2024-11-22,86.74,146,44.87,3,Jennifer Dunlap,michellenorris@example.net,19,0,2,2,2024-10-27,Power BI Course 39,4,2,33
1976,993,16,2025-10-31,32.54,3436,93.1,4,Robert Norton,hooveralyssa@example.net,27,1,1,4,2026-06-18,Deep Learning Course 16,5,0,68
1977,159,37,2026-05-13,30.25,1870,58.47,3,Michael Clark,michaelford@example.net,21,0,0,0,2024-12-04,SQL Course 37,0,0,38
1978,418,48,2025-09-30,98.22,2489,81.47,2,Kimberly Scott,jenna55@example.net,23,1,1,0,2025-09-08,Power BI Course 48,7,2,62
1979,254,18,2025-10-04,24.53,366,65.89,1,Kyle Hobbs,jesse87@example.com,24,0,0,3,2026-03-15,Machine Learning Course 18,0,0,25
1980,861,41,2026-03-06,31.33,4877,44.46,2,William Brown,mmorales@example.org,30,1,2,5,2025-03-12,Machine Learning Course 41,1,2,72
1981,975,41,2026-04-12,26.2,1562,70.88,2,Dean Bailey,salazarrichard@example.com,30,0,0,4,2025-07-04,Machine Learning Course 41,1,2,72
1982,721,49,2024-12-09,44.84,1296,77.25,5,Victoria Herrera,taylorallison@example.net,32,0,0,2,2024-12-25,SQL Course 49,4,1,62
1983,902,4,2025-12-25,72.21,1955,65.06,1,Monica Brooks,kleinchristopher@example.net,24,0,1,3,2024-11-16,Power BI Course 4,1,0,23
1984,751,18,2026-04-15,61.34,1325,87.29,4,John Gay,cbartlett@example.org,34,1,1,2,2025-05-09,Machine Learning Course 18,0,0,25
1985,539,1,2025-01-01,27.49,4241,60.34,2,Jennifer Byrd,kmoody@example.com,34,0,0,3,2026-02-14,Power BI Course 1,3,1,21
1986,772,6,2026-02-18,32.14,1382,44.62,1,Pamela Pineda,ksullivan@example.net,18,0,1,7,2025-09-26,Python Course 6,2,1,11
1987,75,15,2024-09-03,37.94,950,89.82,4,Richard Singleton,salazarkeith@example.net,23,0,1,2,2025-06-08,Data Science Course 15,6,1,75
1988,112,11,2025-05-22,98.14,1029,69.83,5,Tyler May,rduncan@example.net,28,0,1,7,2024-08-26,SQL Course 11,0,0,15
1989,136,22,2025-03-26,26.6,2081,62.34,4,Dawn Hoover,troy35@example.com,24,0,2,3,2025-08-23,Computer Vision Course 22,0,2,49
1990,161,37,2025-11-16,75.28,3469,67.7,1,Keith Bryant,jacobsonkeith@example.net,20,1,2,6,2024-10-27,SQL Course 37,0,0,38
1991,906,47,2025-01-07,86.25,476,57.56,3,Virginia Rivera,mitchellsonya@example.com,18,0,2,6,2025-10-13,SQL Course 47,5,2,40
1992,75,5,2025-06-01,70.02,3310,55.88,3,Richard Singleton,salazarkeith@example.net,23,0,1,2,2025-06-08,Computer Vision Course 5,6,1,55
1993,391,1,2025-05-13,96.7,4645,56.68,3,Ricky Gonzalez,terrence79@example.org,32,1,0,1,2025-03-27,Power BI Course 1,3,1,21
1994,390,6,2026-02-12,78.37,3504,91.58,5,Jim Aguirre,folson@example.net,23,0,0,5,2025-01-14,Python Course 6,2,1,11
1995,682,7,2026-06-15,97.18,3489,51.99,1,Sharon Gill,joshua92@example.net,33,1,0,4,2025-03-10,Data Science Course 7,6,1,62
1996,871,32,2025-09-22,59.09,2787,90.21,3,Dylan Smith,sarah59@example.net,33,0,1,1,2026-01-23,SQL Course 32,2,1,41
1997,897,1,2024-09-01,99.98,2400,46.39,2,Jacob Leonard,austinbaxter@example.com,34,0,0,1,2026-05-02,Power BI Course 1,3,1,21
1998,230,29,2024-07-28,47.09,1979,58.12,5,Maurice Garcia,colemanjennifer@example.com,19,0,1,0,2025-07-01,Data Science Course 29,2,2,62
1999,941,41,2024-10-25,33.4,1939,82.13,2,Christian Thompson,cooleymichael@example.net,20,1,0,6,2026-04-02,Machine Learning Course 41,1,2,72
2000,411,27,2025-01-21,23.68,3848,96.26,2,Robin Davis,annettebrooks@example.com,28,1,1,1,2025-07-28,Computer Vision Course 27,5,0,70
2001,846,50,2026-05-05,88.75,1182,63.86,3,Kevin Ruiz,pmartin@example.net,21,1,1,7,2024-11-16,Python Course 50,3,1,46
2002,813,31,2025-10-08,88.92,611,94.32,5,Tristan Davidson,jacobsbrittany@example.com,24,1,0,1,2025-06-16,Computer Vision Course 31,4,0,67
2003,923,11,2025-11-29,35.86,2834,79.89,1,Jacob Gutierrez,susanmiller@example.org,34,1,0,2,2026-06-24,SQL Course 11,0,0,15
2004,19,16,2026-03-30,44.47,4469,98.78,2,Troy Jones,lcallahan@example.com,25,1,0,6,2024-12-10,Deep Learning Course 16,5,0,68
2005,628,29,2024-09-27,54.05,4031,55.99,1,Veronica Rose,davishenry@example.com,26,0,2,4,2025-07-12,Data Science Course 29,2,2,62
2006,346,25,2026-01-15,52.22,897,66.0,1,Nicholas Lee,amy51@example.org,34,1,2,0,2026-02-12,Data Science Course 25,7,1,51
2007,88,28,2024-10-02,37.23,2089,87.75,3,Brandi Rodriguez,jacobtate@example.com,21,1,0,2,2026-04-19,SQL Course 28,5,0,57
2008,951,41,2024-11-05,97.59,1479,88.91,4,Jennifer Flores,mpayne@example.org,35,0,0,6,2025-04-22,Machine Learning Course 41,1,2,72
2009,836,26,2026-01-03,26.51,1945,95.16,5,Tammy Williams,thomas68@example.net,31,0,2,2,2026-06-04,Computer Vision Course 26,7,1,22
2010,599,31,2025-06-13,36.22,4775,45.77,5,Tina Black,laura24@example.com,27,1,2,4,2025-11-18,Computer Vision Course 31,4,0,67
2011,168,38,2025-03-02,42.54,2269,57.45,4,Sharon Massey,kurt90@example.org,32,1,2,0,2025-06-10,Computer Vision Course 38,4,0,32
2012,95,45,2026-02-12,74.39,4414,99.83,2,Shannon Caldwell,martineznatalie@example.org,32,0,2,0,2024-12-05,Power BI Course 45,0,1,69
2013,923,46,2026-05-17,74.7,3328,46.95,1,Jacob Gutierrez,susanmiller@example.org,34,1,0,2,2026-06-24,NLP Course 46,3,0,48
2014,829,17,2025-12-19,29.17,2603,60.93,4,Michele Green,christine13@example.org,23,0,1,3,2024-08-29,Deep Learning Course 17,1,0,22
2015,633,19,2024-12-14,44.36,890,57.76,5,Natalie Bonilla,watsonandrea@example.net,22,0,2,2,2025-05-07,Machine Learning Course 19,0,0,37
2016,576,46,2026-01-22,35.53,2174,75.03,1,Mary Landry,vanessa37@example.org,33,0,0,4,2025-09-06,NLP Course 46,3,0,48
2017,413,22,2026-05-04,64.39,4366,68.46,3,Andrea Fowler,butlerdarlene@example.org,19,1,1,7,2026-01-31,Computer Vision Course 22,0,2,49
2018,774,12,2024-11-02,95.03,2254,55.6,2,Mr. Willie Baker DVM,monica58@example.com,20,1,1,6,2025-04-15,Deep Learning Course 12,5,2,57
2019,96,37,2024-12-28,64.32,2658,54.75,4,Jennifer Crawford,david27@example.com,18,1,1,7,2025-03-24,SQL Course 37,0,0,38
2020,45,10,2026-06-02,30.29,3655,68.0,2,Maria Fernandez,matthew27@example.org,34,0,2,7,2025-09-20,Python Course 10,6,2,10
2021,584,50,2024-08-23,71.7,3695,42.41,5,Jacob Luna,nixonjared@example.com,32,1,2,0,2025-02-25,Python Course 50,3,1,46
2022,714,20,2024-08-29,95.96,4198,93.37,1,Carl Robertson,johndaniel@example.org,19,1,1,6,2026-04-17,Data Science Course 20,3,1,50
2023,96,38,2025-10-06,69.38,2063,78.67,5,Jennifer Crawford,david27@example.com,18,1,1,7,2025-03-24,Computer Vision Course 38,4,0,32
2024,355,50,2024-09-30,46.5,4924,49.16,4,Kaitlyn Serrano,ctaylor@example.org,32,0,1,4,2024-12-21,Python Course 50,3,1,46
2025,667,3,2025-03-01,41.46,4121,42.56,4,James Thompson,melissa31@example.net,20,1,1,1,2025-04-30,Python Course 3,3,2,52
2026,542,22,2025-06-17,94.02,819,49.05,4,Lisa Gonzalez,randyalvarado@example.org,19,1,1,2,2025-06-04,Computer Vision Course 22,0,2,49
2027,266,49,2026-05-12,91.35,982,51.4,5,James Bonilla,jeffery90@example.org,18,0,0,3,2025-03-19,SQL Course 49,4,1,62
2028,653,39,2026-03-29,83.26,499,81.88,1,Jason Kennedy,eduardo15@example.org,28,0,2,5,2024-11-25,Power BI Course 39,4,2,33
2029,785,24,2025-12-31,59.58,4575,81.01,3,John Anthony,lozanojessica@example.org,25,1,2,5,2026-06-10,Computer Vision Course 24,5,2,21
2030,584,15,2025-01-31,30.03,1250,99.05,4,Jacob Luna,nixonjared@example.com,32,1,2,0,2025-02-25,Data Science Course 15,6,1,75
2031,549,33,2024-10-08,76.16,2783,92.92,5,Paul Smith,erinsalazar@example.com,21,0,1,0,2026-06-20,Power BI Course 33,7,1,58
2032,650,24,2025-11-18,45.55,4984,47.32,2,Richard Aguirre,beth49@example.net,32,0,2,5,2026-01-04,Computer Vision Course 24,5,2,21
2033,455,27,2026-05-12,79.89,1436,74.5,3,Rebecca Bell,rileymichael@example.org,31,0,1,7,2025-12-02,Computer Vision Course 27,5,0,70
2034,514,9,2024-12-29,30.71,4460,56.71,5,Samantha Gomez,racheljackson@example.com,19,0,2,0,2025-03-16,SQL Course 9,6,0,47
2035,520,21,2025-08-20,55.46,162,83.78,3,Kyle Proctor,catherine45@example.net,35,0,1,1,2026-07-09,Data Science Course 21,0,0,66
2036,76,32,2024-11-11,29.92,3725,99.51,1,Glenn Davis,lisacollier@example.net,34,1,1,0,2025-10-20,SQL Course 32,2,1,41
2037,302,44,2025-06-20,59.98,687,41.33,4,Cynthia Buchanan,kyle68@example.org,24,0,2,2,2025-05-11,Computer Vision Course 44,1,2,29
2038,817,5,2026-06-19,32.72,2894,62.32,2,Martha Bernard,daniel37@example.net,32,0,0,1,2026-05-15,Computer Vision Course 5,6,1,55
2039,688,3,2026-07-02,84.6,1068,61.52,3,Kelly Torres,shawn80@example.org,27,1,1,3,2025-08-21,Python Course 3,3,2,52
2040,683,48,2025-09-18,41.84,4389,43.03,5,Andres Thomas,ohernandez@example.org,26,1,2,1,2025-04-12,Power BI Course 48,7,2,62
2041,955,32,2025-01-26,87.05,1225,45.21,5,Rebecca Zavala,mark71@example.com,27,1,2,0,2026-04-19,SQL Course 32,2,1,41
2042,783,38,2025-03-14,51.94,2929,88.87,4,Shane Bentley,lindsaypruitt@example.org,27,0,2,7,2025-03-09,Computer Vision Course 38,4,0,32
2043,109,41,2025-01-01,65.34,1467,47.41,4,Stephanie Fuller,steven37@example.org,32,0,0,0,2025-04-03,Machine Learning Course 41,1,2,72
2044,850,20,2025-10-08,82.57,349,60.3,5,Kelli Hawkins,valerie86@example.com,30,1,2,1,2025-11-30,Data Science Course 20,3,1,50
2045,93,20,2025-08-15,38.52,2581,65.0,2,John Smith,jamesstrong@example.net,28,1,2,2,2026-06-23,Data Science Course 20,3,1,50
2046,341,15,2026-05-20,34.6,2131,96.23,4,Margaret Daniel,kimberly13@example.org,24,0,0,3,2024-08-22,Data Science Course 15,6,1,75
2047,353,21,2025-05-13,58.46,2476,66.21,3,Stacy Arroyo,silvaanthony@example.net,25,1,1,6,2024-08-25,Data Science Course 21,0,0,66
2048,835,6,2026-04-24,48.6,4161,43.11,4,Mr. Thomas Huang MD,rpatterson@example.org,31,0,0,4,2025-02-21,Python Course 6,2,1,11
2049,644,3,2026-02-26,35.23,178,43.43,3,Christopher Mayo,brian68@example.org,23,1,0,4,2025-12-05,Python Course 3,3,2,52
2050,476,30,2026-01-18,39.97,3391,79.32,5,Debra Anderson,wilsonjonathon@example.org,34,0,0,1,2026-03-11,Machine Learning Course 30,1,2,60
2051,859,45,2025-09-13,86.11,4097,86.67,1,Evan Baker,leechristopher@example.net,20,1,2,5,2024-08-31,Power BI Course 45,0,1,69
2052,198,17,2024-11-15,65.59,3921,55.43,1,Dr. Christopher Powell,rebeccaclark@example.org,32,1,0,2,2025-08-21,Deep Learning Course 17,1,0,22
2053,185,47,2026-07-04,89.12,3802,95.25,2,Gary Martinez,alowe@example.com,32,0,0,6,2025-01-14,SQL Course 47,5,2,40
2054,548,2,2024-11-28,95.63,1786,78.88,5,Cheryl Brown,rodriguezeric@example.org,22,0,2,5,2026-03-07,Data Science Course 2,1,0,41
2055,296,47,2026-05-24,68.17,2614,47.05,4,Devin Dyer,kristen16@example.com,26,0,0,5,2026-06-17,SQL Course 47,5,2,40
2056,933,7,2025-02-28,27.64,3189,54.71,4,Katie Allen,ortizchristine@example.net,31,1,0,1,2025-04-02,Data Science Course 7,6,1,62
2057,839,11,2026-04-02,99.28,3973,40.5,3,Annette Miller,randyoneal@example.net,35,0,1,6,2025-08-11,SQL Course 11,0,0,15
2058,325,9,2025-01-27,51.7,164,58.65,1,Kathryn Johnson,crystal09@example.net,31,1,1,7,2026-03-27,SQL Course 9,6,0,47
2059,236,40,2024-11-20,50.55,2710,65.01,5,Kyle Foley,wdominguez@example.com,25,0,1,4,2026-01-04,Machine Learning Course 40,2,2,64
2060,873,25,2025-01-14,25.66,4618,52.1,5,Linda Rose,joshua02@example.org,25,1,0,3,2025-07-20,Data Science Course 25,7,1,51
2061,718,50,2026-05-11,45.46,1164,68.58,2,Allen Turner,ronaldterrell@example.org,27,0,1,7,2025-01-30,Python Course 50,3,1,46
2062,264,12,2025-03-15,43.7,874,61.66,5,Rebecca Whitehead,jonesjacqueline@example.net,34,0,0,1,2026-07-03,Deep Learning Course 12,5,2,57
2063,254,11,2024-12-30,28.39,4789,73.62,4,Kyle Hobbs,jesse87@example.com,24,0,0,3,2026-03-15,SQL Course 11,0,0,15
2064,21,14,2025-06-15,34.28,3419,64.62,3,Jeffrey Lynn,sarapruitt@example.org,32,1,0,2,2024-07-15,Python Course 14,1,1,43
2065,916,41,2026-06-17,73.91,1264,71.33,3,Carlos Hardy,mroy@example.net,28,1,2,6,2025-09-27,Machine Learning Course 41,1,2,72
2066,366,41,2024-10-12,71.18,3918,82.14,5,Tracey Clark,harrisstephen@example.org,25,1,1,2,2026-05-07,Machine Learning Course 41,1,2,72
2067,244,23,2024-11-28,47.68,750,71.86,1,Todd Myers,don31@example.org,19,0,2,3,2026-01-24,SQL Course 23,6,1,47
2068,383,28,2025-12-23,53.04,4965,95.82,2,Jessica Delacruz,jenniferphillips@example.net,22,0,1,0,2025-11-24,SQL Course 28,5,0,57
2069,217,44,2024-12-02,97.86,3483,94.6,4,Mary Carey,jenniferprice@example.org,31,1,2,5,2026-01-02,Computer Vision Course 44,1,2,29
2070,952,28,2025-06-19,28.63,2537,49.29,3,Elizabeth Hester,moniquegilbert@example.net,28,1,2,1,2025-06-12,SQL Course 28,5,0,57
2071,589,25,2026-03-01,85.07,2432,55.44,4,Makayla Hardin,gatesheather@example.org,21,1,1,1,2026-06-07,Data Science Course 25,7,1,51
2072,962,14,2025-10-02,45.62,1335,76.41,2,Joseph Richardson,ronald83@example.org,22,1,0,6,2024-09-08,Python Course 14,1,1,43
2073,630,27,2024-11-14,45.16,4383,42.12,3,Patricia Clark,coopertravis@example.org,31,1,1,6,2024-10-14,Computer Vision Course 27,5,0,70
2074,881,22,2026-04-07,69.02,1169,78.92,3,Emily Koch,hcochran@example.net,30,1,1,6,2024-11-08,Computer Vision Course 22,0,2,49
2075,176,15,2026-04-20,72.79,3607,63.87,3,Caitlin Hodges,daryljohnson@example.org,22,1,2,2,2025-11-22,Data Science Course 15,6,1,75
2076,274,29,2025-01-14,95.38,452,50.25,2,Mr. Matthew Bruce,evanaguilar@example.com,18,1,2,6,2026-03-07,Data Science Course 29,2,2,62
2077,898,47,2025-06-17,92.4,2136,94.71,5,Allison Burton,mollyatkinson@example.org,34,0,2,1,2024-11-09,SQL Course 47,5,2,40
2078,817,15,2025-01-23,58.01,455,77.9,2,Martha Bernard,daniel37@example.net,32,0,0,1,2026-05-15,Data Science Course 15,6,1,75
2079,461,48,2025-02-19,91.23,971,65.75,5,Teresa Anthony,danielthornton@example.com,34,1,0,7,2025-12-10,Power BI Course 48,7,2,62
2080,447,44,2025-06-21,84.08,3150,87.45,3,Mallory Coleman,gregorysmith@example.com,34,0,2,0,2025-07-18,Computer Vision Course 44,1,2,29
2081,670,9,2024-09-22,55.56,939,90.76,5,Brianna Smith,salinasedward@example.com,33,0,2,3,2024-07-21,SQL Course 9,6,0,47
2082,263,49,2026-04-17,95.93,1569,49.38,2,Kathy Mejia,kimlisa@example.com,32,1,1,7,2026-02-01,SQL Course 49,4,1,62
2083,119,31,2026-04-25,24.06,1488,88.53,2,Miguel Williams,lisa81@example.com,28,0,0,5,2024-12-14,Computer Vision Course 31,4,0,67
2084,43,5,2026-01-31,44.37,4985,54.19,2,Jennifer Newman,jacobcooper@example.com,23,1,1,3,2025-11-01,Computer Vision Course 5,6,1,55
2085,579,10,2024-08-17,56.14,4325,99.25,4,Julie Moore,jamesraymond@example.org,33,0,2,7,2026-01-17,Python Course 10,6,2,10
2086,698,50,2026-06-06,53.2,3193,97.31,4,Robert Young,nicole47@example.com,29,1,2,7,2024-07-27,Python Course 50,3,1,46
2087,857,6,2026-05-21,77.32,3903,61.42,4,Michael Williams,joseph84@example.org,21,0,1,7,2025-01-15,Python Course 6,2,1,11
2088,984,14,2025-06-12,72.17,4207,57.45,3,Brian Hall,samanthaodom@example.org,27,1,0,5,2024-07-27,Python Course 14,1,1,43
2089,154,10,2026-05-13,52.95,3987,65.38,4,Hunter Terry,anthonyguerrero@example.net,18,0,0,7,2025-05-30,Python Course 10,6,2,10
2090,772,41,2025-01-03,60.79,4110,49.35,4,Pamela Pineda,ksullivan@example.net,18,0,1,7,2025-09-26,Machine Learning Course 41,1,2,72
2091,205,20,2025-06-05,55.76,4479,90.81,5,Stephanie Bailey,mooremelanie@example.net,22,0,2,0,2024-09-01,Data Science Course 20,3,1,50
2092,635,11,2025-01-08,86.92,3386,62.29,5,Ralph Carpenter,tiffany02@example.net,30,0,1,7,2025-10-08,SQL Course 11,0,0,15
2093,674,36,2025-08-22,61.5,1855,45.82,5,Luis Lopez,karen57@example.org,23,1,0,0,2025-03-24,Computer Vision Course 36,2,0,77
2094,438,19,2025-01-31,38.91,896,89.78,3,Maria Harris,melanie33@example.com,33,0,0,2,2026-07-11,Machine Learning Course 19,0,0,37
2095,273,7,2024-08-19,58.89,4728,81.28,5,Miss Amber Christensen,pateljudy@example.net,34,0,0,4,2025-11-17,Data Science Course 7,6,1,62
2096,294,1,2026-03-27,23.25,828,70.13,1,Dean Wyatt,vrodriguez@example.org,35,0,0,6,2026-01-02,Power BI Course 1,3,1,21
2097,839,44,2025-02-09,30.48,3022,41.46,1,Annette Miller,randyoneal@example.net,35,0,1,6,2025-08-11,Computer Vision Course 44,1,2,29
2098,306,27,2025-06-17,28.33,858,59.47,1,Timothy Buckley,warewesley@example.org,18,1,1,4,2025-09-07,Computer Vision Course 27,5,0,70
2099,62,15,2024-07-22,41.56,608,84.71,4,Diane Campbell,nicole07@example.org,34,0,2,7,2025-10-18,Data Science Course 15,6,1,75
2100,824,8,2025-02-17,99.68,179,76.72,1,Bruce Hunter,hgentry@example.net,25,0,0,4,2026-05-29,Python Course 8,1,2,38
2101,253,49,2025-05-23,52.93,3002,81.18,1,Cynthia Taylor,kayla36@example.net,26,0,0,1,2025-11-11,SQL Course 49,4,1,62
2102,196,39,2024-08-19,38.93,3466,92.21,3,Andre Nguyen,pjackson@example.org,20,0,0,0,2025-01-09,Power BI Course 39,4,2,33
2103,2,50,2025-08-05,60.48,4204,88.55,4,Sandra Gonzalez,amandacampos@example.org,32,0,1,7,2024-10-04,Python Course 50,3,1,46
2104,882,37,2026-03-11,84.94,4940,63.3,5,Betty Leonard,frederick46@example.org,20,1,0,6,2024-12-22,SQL Course 37,0,0,38
2105,420,16,2024-12-07,79.77,4877,84.22,3,Samantha Cooper,sandraedwards@example.com,21,0,1,2,2026-06-04,Deep Learning Course 16,5,0,68
2106,771,3,2024-07-21,21.19,3647,94.05,2,Patricia Armstrong,rollinsvincent@example.com,30,0,1,5,2025-04-20,Python Course 3,3,2,52
2107,860,14,2025-09-23,58.26,3704,80.54,3,Joyce Johnson,arodriguez@example.com,28,0,0,7,2026-02-06,Python Course 14,1,1,43
2108,659,14,2025-11-16,33.92,3759,75.16,5,Sarah Malone,joel77@example.net,31,0,1,0,2025-05-02,Python Course 14,1,1,43
2109,412,5,2025-06-30,68.37,2460,81.44,1,Zachary Torres,michaelclark@example.com,23,1,2,0,2025-02-03,Computer Vision Course 5,6,1,55
2110,754,45,2026-06-30,63.5,559,64.26,4,Margaret Allison,nicolaswright@example.net,24,1,1,1,2026-04-10,Power BI Course 45,0,1,69
2111,622,34,2024-10-01,94.74,1050,63.17,3,Christopher Merritt,gary78@example.net,24,1,2,1,2025-11-15,SQL Course 34,6,2,57
2112,224,40,2026-01-05,51.07,1987,96.71,2,Luis Montes,christopher01@example.org,21,0,0,2,2026-05-20,Machine Learning Course 40,2,2,64
2113,474,47,2025-09-15,74.63,1518,69.83,2,Jennifer Hall,xbauer@example.com,22,1,1,1,2026-05-17,SQL Course 47,5,2,40
2114,15,24,2025-12-09,27.84,469,86.1,5,John Rice,jasonho@example.com,27,1,1,6,2024-12-14,Computer Vision Course 24,5,2,21
2115,270,21,2024-10-02,58.56,4690,84.22,5,Travis Howard,dianabrown@example.org,24,0,1,4,2026-03-07,Data Science Course 21,0,0,66
2116,605,18,2025-09-27,77.33,3134,96.5,2,Eric Smith,laura40@example.com,30,1,2,6,2026-06-21,Machine Learning Course 18,0,0,25
2117,85,17,2025-07-12,76.03,1690,88.25,3,Marcus Stanley,williamkrueger@example.org,22,0,1,6,2025-06-06,Deep Learning Course 17,1,0,22
2118,771,9,2025-10-19,78.06,95,93.85,1,Patricia Armstrong,rollinsvincent@example.com,30,0,1,5,2025-04-20,SQL Course 9,6,0,47
2119,336,21,2026-04-22,82.07,3353,76.59,1,Dr. Jessica Hardy DDS,courtneyrollins@example.com,33,0,2,7,2025-12-04,Data Science Course 21,0,0,66
2120,187,46,2024-10-12,47.33,3670,57.99,5,Calvin Jenkins,bonnie24@example.net,19,1,0,3,2025-08-27,NLP Course 46,3,0,48
2121,447,1,2025-11-13,76.1,1428,63.5,4,Mallory Coleman,gregorysmith@example.com,34,0,2,0,2025-07-18,Power BI Course 1,3,1,21
2122,484,29,2025-06-05,89.02,4922,72.69,3,Scott Bradley,cpeterson@example.com,25,0,1,6,2025-01-12,Data Science Course 29,2,2,62
2123,848,8,2025-01-21,99.2,146,44.78,2,Mark Miller,miguel07@example.net,21,0,0,1,2024-10-16,Python Course 8,1,2,38
2124,962,15,2025-08-28,79.29,2986,96.2,3,Joseph Richardson,ronald83@example.org,22,1,0,6,2024-09-08,Data Science Course 15,6,1,75
2125,136,37,2025-10-23,41.13,4547,99.87,1,Dawn Hoover,troy35@example.com,24,0,2,3,2025-08-23,SQL Course 37,0,0,38
2126,458,31,2026-06-22,31.14,418,97.64,4,Jeanette Montes,tiffanymiller@example.com,20,1,0,6,2026-02-18,Computer Vision Course 31,4,0,67
2127,501,21,2024-11-04,94.81,1289,86.43,3,Barbara Simmons,charlene23@example.com,19,0,2,3,2024-10-02,Data Science Course 21,0,0,66
2128,539,39,2024-12-05,40.4,4750,81.65,4,Jennifer Byrd,kmoody@example.com,34,0,0,3,2026-02-14,Power BI Course 39,4,2,33
2129,880,24,2026-04-05,71.74,669,47.11,4,Jessica Williams,thomasstafford@example.com,30,1,0,4,2025-02-09,Computer Vision Course 24,5,2,21
2130,391,10,2026-06-21,44.95,588,94.74,5,Ricky Gonzalez,terrence79@example.org,32,1,0,1,2025-03-27,Python Course 10,6,2,10
2131,49,26,2026-02-02,37.09,543,57.12,3,Carly Reese,clarkestacey@example.net,21,0,2,4,2025-05-08,Computer Vision Course 26,7,1,22
2132,383,34,2026-02-14,88.8,1638,40.76,4,Jessica Delacruz,jenniferphillips@example.net,22,0,1,0,2025-11-24,SQL Course 34,6,2,57
2133,278,43,2026-02-20,81.34,1679,98.46,4,Susan Lopez,ocole@example.net,26,0,2,2,2026-03-29,Data Science Course 43,3,2,73
2134,10,14,2025-05-16,53.63,1281,65.85,3,Jennifer Mayer,yschaefer@example.org,23,1,1,5,2024-12-02,Python Course 14,1,1,43
2135,949,35,2024-08-25,63.35,775,63.96,2,Jamie Moore,michelle42@example.com,26,1,2,7,2025-08-01,NLP Course 35,1,0,70
2136,717,31,2026-04-17,45.38,4760,83.23,1,Ryan Williams,xmarks@example.com,32,0,2,7,2026-01-28,Computer Vision Course 31,4,0,67
2137,18,22,2025-04-27,39.43,1832,71.23,4,Linda Webster,andrew18@example.net,19,1,2,1,2025-08-16,Computer Vision Course 22,0,2,49
2138,961,34,2024-08-14,85.57,3792,52.37,5,Christina Heath,ashleysmith@example.com,32,0,2,0,2025-08-23,SQL Course 34,6,2,57
2139,939,43,2024-12-28,62.28,4292,48.8,2,John Walker,thomas55@example.net,35,0,1,1,2024-11-13,Data Science Course 43,3,2,73
2140,719,18,2025-08-12,91.13,1722,82.99,4,Lorraine Monroe,lauriewilliams@example.net,19,1,1,3,2026-06-28,Machine Learning Course 18,0,0,25
2141,922,38,2026-01-20,72.43,1354,57.45,1,Adrian Jenkins,villanuevazachary@example.com,30,1,1,5,2024-09-16,Computer Vision Course 38,4,0,32
2142,944,7,2026-05-29,74.2,3130,42.66,1,Pamela Sandoval,sblair@example.net,18,1,0,1,2025-08-14,Data Science Course 7,6,1,62
2143,722,18,2025-02-10,69.15,3770,65.46,3,Craig Brooks,voliver@example.net,28,0,1,2,2025-10-19,Machine Learning Course 18,0,0,25
2144,522,39,2025-11-25,98.47,1757,87.75,2,Michael Carpenter,aandersen@example.org,20,0,2,1,2025-08-08,Power BI Course 39,4,2,33
2145,906,50,2026-04-18,93.83,4325,95.55,1,Virginia Rivera,mitchellsonya@example.com,18,0,2,6,2025-10-13,Python Course 50,3,1,46
2146,211,20,2026-07-09,52.56,4933,94.39,3,Angela Taylor,lwatson@example.com,32,0,1,7,2026-04-12,Data Science Course 20,3,1,50
2147,23,49,2025-04-20,46.41,1333,82.72,1,Nicholas Rivera,longcasey@example.org,24,0,2,7,2025-08-24,SQL Course 49,4,1,62
2148,218,33,2026-03-13,83.98,4059,70.59,5,Jonathan Valencia,antonioparks@example.org,23,1,0,7,2025-03-22,Power BI Course 33,7,1,58
2149,21,6,2024-12-31,88.54,3067,72.66,5,Jeffrey Lynn,sarapruitt@example.org,32,1,0,2,2024-07-15,Python Course 6,2,1,11
2150,499,37,2025-02-04,33.33,1267,52.49,1,Michaela Brown,kevin19@example.com,26,1,0,2,2026-03-08,SQL Course 37,0,0,38
2151,46,40,2026-03-07,98.55,941,97.76,4,Cassandra Sherman,barberdonna@example.net,31,1,1,2,2025-05-07,Machine Learning Course 40,2,2,64
2152,456,28,2024-09-08,42.83,1914,63.26,2,Shelly Davis,ericthompson@example.net,22,0,1,4,2025-03-21,SQL Course 28,5,0,57
2153,131,25,2025-01-29,34.67,1317,45.42,3,Valerie Moore,ginahoffman@example.org,35,0,0,2,2025-02-28,Data Science Course 25,7,1,51
2154,516,15,2025-02-11,53.72,137,80.88,1,Ryan Olson,camposheather@example.com,19,0,0,7,2024-11-28,Data Science Course 15,6,1,75
2155,79,42,2026-04-27,80.0,3669,71.54,1,Amanda Alvarez,irichardson@example.net,25,0,0,7,2024-09-26,NLP Course 42,0,0,75
2156,738,27,2025-02-15,28.23,2972,78.12,3,Robert Bowers,johnjones@example.com,24,1,0,3,2026-01-15,Computer Vision Course 27,5,0,70
2157,732,28,2025-06-27,38.69,4690,88.29,2,Jordan Richard,carl83@example.net,30,1,2,1,2024-10-15,SQL Course 28,5,0,57
2158,417,27,2024-11-07,83.07,1914,54.67,1,Lisa Hudson,justin95@example.org,23,1,1,4,2025-12-10,Computer Vision Course 27,5,0,70
2159,698,48,2026-06-07,33.08,4373,69.88,5,Robert Young,nicole47@example.com,29,1,2,7,2024-07-27,Power BI Course 48,7,2,62
2160,195,36,2026-03-30,90.93,2185,61.99,2,James Johnston,foxkendra@example.org,33,0,2,2,2025-12-04,Computer Vision Course 36,2,0,77
2161,588,43,2025-10-17,46.87,1221,49.32,3,Dustin Knight,smithlinda@example.org,22,1,2,1,2024-11-09,Data Science Course 43,3,2,73
2162,169,5,2025-02-21,63.49,122,43.8,3,Brandon Shepherd,hughesjames@example.org,30,1,2,7,2025-12-24,Computer Vision Course 5,6,1,55
2163,762,7,2025-07-06,67.33,245,91.17,2,Jose Walker,darrell29@example.com,22,0,2,2,2024-11-03,Data Science Course 7,6,1,62
2164,842,6,2026-06-08,67.36,335,53.43,4,April Barrett,paulwhite@example.com,18,0,0,4,2026-01-23,Python Course 6,2,1,11
2165,706,17,2025-09-28,98.0,3844,47.75,4,John Richardson,angela49@example.com,33,0,2,7,2025-02-18,Deep Learning Course 17,1,0,22
2166,406,3,2025-09-19,56.36,3694,94.42,4,Michael White,joshua19@example.com,30,0,1,5,2025-07-04,Python Course 3,3,2,52
2167,528,25,2025-12-22,66.33,4739,90.24,5,Teresa White,sallyharris@example.com,25,0,1,4,2025-01-29,Data Science Course 25,7,1,51
2168,414,30,2024-07-20,27.67,4273,70.32,4,Timothy Lopez,paul75@example.com,29,0,1,4,2024-09-25,Machine Learning Course 30,1,2,60
2169,733,9,2025-08-09,62.12,490,51.21,2,David Wise,melissabrown@example.com,34,0,1,0,2024-08-13,SQL Course 9,6,0,47
2170,658,46,2024-10-04,96.29,4015,85.78,5,Emily Small,jacqueline94@example.com,22,0,1,3,2025-06-26,NLP Course 46,3,0,48
2171,171,10,2024-11-26,56.12,3732,83.91,4,Adrian Bradshaw,pwilliams@example.com,27,1,0,6,2025-08-24,Python Course 10,6,2,10
2172,749,38,2025-09-19,27.6,2407,49.2,2,Lindsay Clark,cameron53@example.com,34,1,0,0,2025-06-14,Computer Vision Course 38,4,0,32
2173,431,41,2024-12-23,43.95,3067,51.77,4,Kelly Galloway,edwardmartin@example.com,25,0,1,2,2025-08-21,Machine Learning Course 41,1,2,72
2174,573,15,2026-07-02,33.25,3458,76.5,5,Alejandro Webb,hbrewer@example.net,25,0,0,2,2025-04-09,Data Science Course 15,6,1,75
2175,833,47,2025-05-12,44.65,4574,60.28,2,Thomas Kelly,tiffanyjohnson@example.com,20,1,0,4,2025-11-17,SQL Course 47,5,2,40
2176,817,20,2024-09-25,71.04,1971,74.24,4,Martha Bernard,daniel37@example.net,32,0,0,1,2026-05-15,Data Science Course 20,3,1,50
2177,185,45,2026-05-06,72.77,439,70.27,3,Gary Martinez,alowe@example.com,32,0,0,6,2025-01-14,Power BI Course 45,0,1,69
2178,780,37,2025-01-23,61.43,1408,69.59,2,Tina Padilla,michaelcooper@example.net,29,0,0,0,2025-09-26,SQL Course 37,0,0,38
2179,218,32,2025-09-19,94.08,531,51.95,1,Jonathan Valencia,antonioparks@example.org,23,1,0,7,2025-03-22,SQL Course 32,2,1,41
2180,59,20,2025-12-07,55.45,1596,76.66,5,Katelyn Gentry,zpeterson@example.com,19,0,0,3,2024-12-31,Data Science Course 20,3,1,50
2181,642,48,2024-10-20,63.46,772,47.58,4,Micheal Ellis,andrewvincent@example.org,29,0,1,0,2025-01-21,Power BI Course 48,7,2,62
2182,457,5,2025-08-20,91.0,3259,45.67,2,Melissa Moran,zking@example.org,30,0,2,7,2026-04-13,Computer Vision Course 5,6,1,55
2183,289,8,2026-03-19,83.34,1487,61.38,2,Anna Holmes,erik98@example.net,28,0,0,1,2026-01-07,Python Course 8,1,2,38
2184,830,8,2026-04-11,87.04,2473,67.14,2,Tommy Weber,rebeccarodriguez@example.org,18,0,1,2,2024-08-14,Python Course 8,1,2,38
2185,195,9,2025-05-11,98.91,4335,66.06,3,James Johnston,foxkendra@example.org,33,0,2,2,2025-12-04,SQL Course 9,6,0,47
2186,29,37,2025-05-30,79.33,1614,47.72,5,Joshua Wilson,campbellmelissa@example.com,18,1,0,1,2025-09-16,SQL Course 37,0,0,38
2187,257,45,2025-10-17,51.47,3503,55.77,5,Jay Burch,kathleen93@example.com,33,0,2,6,2025-10-26,Power BI Course 45,0,1,69
2188,888,31,2026-03-02,46.45,2154,63.72,3,Terry Bell,kwilliams@example.org,23,0,0,6,2024-09-15,Computer Vision Course 31,4,0,67
2189,410,25,2025-12-06,44.54,2624,78.24,2,Lisa Jones,alexandrapena@example.com,20,0,2,0,2024-08-25,Data Science Course 25,7,1,51
2190,333,5,2025-02-07,64.15,1724,63.72,1,Joshua Houston,ecraig@example.net,18,0,1,6,2024-10-15,Computer Vision Course 5,6,1,55
2191,25,28,2026-04-19,32.32,1935,97.02,1,Yolanda Sosa,christopherdaniels@example.com,25,0,2,5,2025-03-21,SQL Course 28,5,0,57
2192,547,50,2024-10-23,21.81,3491,50.84,4,Derek Daniels,owaters@example.com,18,1,1,4,2025-03-16,Python Course 50,3,1,46
2193,284,7,2026-01-06,52.27,1156,82.84,1,Kathleen Horn,daniel52@example.com,18,1,0,6,2026-06-10,Data Science Course 7,6,1,62
2194,960,35,2026-04-22,89.21,4296,55.26,3,Mr. Michael Smith,amber55@example.org,20,0,2,3,2025-01-19,NLP Course 35,1,0,70
2195,926,19,2024-08-26,67.73,683,96.13,1,Reginald Moore,tammyhicks@example.org,22,0,1,0,2025-03-19,Machine Learning Course 19,0,0,37
2196,309,35,2026-05-10,74.94,1479,52.76,4,Kimberly Smith,julialevy@example.org,25,0,1,3,2025-06-03,NLP Course 35,1,0,70
2197,970,47,2024-12-04,52.63,809,97.77,1,Douglas Scott,staceyestrada@example.com,23,1,1,3,2025-03-19,SQL Course 47,5,2,40
2198,767,29,2025-12-26,86.11,1799,95.68,3,Danielle Duncan,ljackson@example.com,28,0,1,2,2024-07-30,Data Science Course 29,2,2,62
2199,396,41,2025-11-16,82.66,4136,49.85,1,Dr. Christopher Warren DDS,jcrane@example.net,24,1,0,5,2025-05-25,Machine Learning Course 41,1,2,72
2200,523,6,2024-09-18,29.57,985,99.72,2,Michelle Murray,abrooks@example.org,23,1,1,4,2024-09-06,Python Course 6,2,1,11
2201,89,16,2026-04-02,89.25,1116,79.05,5,Andrew Cannon,maryhaynes@example.com,26,1,0,3,2024-12-08,Deep Learning Course 16,5,0,68
2202,639,16,2025-05-22,33.46,4002,88.26,5,Russell Robbins,vjimenez@example.com,26,1,1,0,2024-08-13,Deep Learning Course 16,5,0,68
2203,908,29,2026-05-07,40.84,1998,52.29,3,Brian Chung,rashley@example.org,23,1,0,5,2026-04-08,Data Science Course 29,2,2,62
2204,171,36,2025-04-12,23.88,983,90.61,2,Adrian Bradshaw,pwilliams@example.com,27,1,0,6,2025-08-24,Computer Vision Course 36,2,0,77
2205,979,22,2024-12-09,56.1,3399,54.28,1,Isaiah Ramos,spencebryan@example.net,26,0,0,2,2025-04-29,Computer Vision Course 22,0,2,49
2206,86,17,2025-11-28,62.48,3842,71.66,1,Robin Woods,wilcoxtimothy@example.net,21,0,0,1,2025-04-28,Deep Learning Course 17,1,0,22
2207,366,36,2024-07-31,86.83,4025,87.43,3,Tracey Clark,harrisstephen@example.org,25,1,1,2,2026-05-07,Computer Vision Course 36,2,0,77
2208,186,16,2024-09-01,77.57,3886,45.63,3,Jennifer Parks,williamsjason@example.net,27,1,2,6,2025-08-16,Deep Learning Course 16,5,0,68
2209,756,32,2026-04-07,58.3,2798,56.25,3,Robert Mccoy,kwilson@example.org,31,0,2,7,2025-09-12,SQL Course 32,2,1,41
2210,455,24,2026-07-07,30.7,1082,74.85,1,Rebecca Bell,rileymichael@example.org,31,0,1,7,2025-12-02,Computer Vision Course 24,5,2,21
2211,483,12,2025-01-26,20.75,4164,84.94,1,Phillip Davis,stephaniebrown@example.net,25,1,0,1,2025-04-25,Deep Learning Course 12,5,2,57
2212,309,12,2025-10-23,72.73,922,53.97,5,Kimberly Smith,julialevy@example.org,25,0,1,3,2025-06-03,Deep Learning Course 12,5,2,57
2213,121,29,2025-06-05,22.32,1627,61.87,4,Jennifer Cowan,butlerjames@example.org,24,1,2,4,2024-11-15,Data Science Course 29,2,2,62
2214,295,37,2025-11-08,33.41,938,80.25,1,Stacey Baker,thomasrice@example.com,19,1,2,7,2026-04-13,SQL Course 37,0,0,38
2215,262,9,2025-02-13,48.3,2639,67.49,4,Anna Lane,aaron18@example.org,27,1,0,6,2025-07-10,SQL Course 9,6,0,47
2216,571,5,2025-11-08,39.36,900,99.23,1,Tyler Hudson,ymorgan@example.net,22,0,2,2,2026-02-09,Computer Vision Course 5,6,1,55
2217,984,36,2024-09-10,86.72,444,70.73,4,Brian Hall,samanthaodom@example.org,27,1,0,5,2024-07-27,Computer Vision Course 36,2,0,77
2218,613,34,2025-09-22,32.9,2496,66.48,4,Regina Holt,karenbartlett@example.com,23,0,0,2,2024-10-03,SQL Course 34,6,2,57
2219,798,2,2025-01-27,63.26,316,40.02,3,Carlos Nelson,xkelly@example.net,22,1,0,6,2026-01-16,Data Science Course 2,1,0,41
2220,488,36,2025-05-14,27.1,378,40.11,2,Edward Sanford,hintonricky@example.com,28,1,2,3,2026-06-16,Computer Vision Course 36,2,0,77
2221,99,18,2026-05-01,62.46,1361,48.63,1,Kimberly Williams,hicksanthony@example.com,20,0,0,3,2025-09-06,Machine Learning Course 18,0,0,25
2222,862,42,2025-11-05,73.73,4798,42.75,2,Greg Martin,matthewcollins@example.net,32,1,0,6,2025-10-28,NLP Course 42,0,0,75
2223,496,10,2024-09-20,54.69,1000,64.24,1,Brandon Mitchell,leroygordon@example.org,33,1,2,4,2025-12-12,Python Course 10,6,2,10
2224,156,20,2026-05-19,34.53,2088,57.0,4,Sarah Griffin,nancy95@example.net,24,0,0,0,2026-02-20,Data Science Course 20,3,1,50
2225,507,17,2024-12-27,73.25,4469,66.85,5,Chad Stone,jasonroberts@example.com,29,0,2,5,2024-11-23,Deep Learning Course 17,1,0,22
2226,343,15,2024-07-15,23.99,1039,75.28,1,Grant Jones,susan33@example.com,19,1,0,6,2025-12-19,Data Science Course 15,6,1,75
2227,971,13,2025-10-31,85.93,2353,44.62,4,Robert Smith,megannorton@example.org,22,0,2,4,2025-07-30,SQL Course 13,7,1,41
2228,643,29,2025-05-24,27.3,1481,84.56,4,William Harris,fbrowning@example.org,21,0,2,1,2026-04-18,Data Science Course 29,2,2,62
2229,934,28,2025-03-19,74.28,4978,98.93,4,Harold Duran,epacheco@example.com,18,0,1,1,2025-10-19,SQL Course 28,5,0,57
2230,321,2,2025-04-05,51.93,292,45.73,3,Joshua Solomon,ebonythompson@example.com,21,1,0,7,2024-12-14,Data Science Course 2,1,0,41
2231,277,12,2025-12-04,22.4,3015,72.71,5,Cory Roy,deborahwalters@example.net,27,1,2,4,2026-01-08,Deep Learning Course 12,5,2,57
2232,24,22,2025-07-12,89.84,1372,89.7,1,Samuel Russell,rodgerserin@example.com,28,1,1,6,2026-06-06,Computer Vision Course 22,0,2,49
2233,167,46,2025-12-11,63.93,1613,83.36,1,Marie Price,stephaniepark@example.net,35,0,2,7,2025-05-22,NLP Course 46,3,0,48
2234,921,42,2025-10-14,60.92,1626,67.75,1,Teresa Bryant,josephrussell@example.net,28,1,1,5,2025-04-03,NLP Course 42,0,0,75
2235,192,46,2026-03-14,48.92,2959,58.02,2,Jeffrey Smith,ryankellie@example.net,30,1,1,0,2026-03-17,NLP Course 46,3,0,48
2236,613,14,2025-10-11,43.74,3204,67.32,1,Regina Holt,karenbartlett@example.com,23,0,0,2,2024-10-03,Python Course 14,1,1,43
2237,411,35,2024-10-08,92.91,352,92.59,1,Robin Davis,annettebrooks@example.com,28,1,1,1,2025-07-28,NLP Course 35,1,0,70
2238,565,33,2024-10-06,59.24,629,91.43,3,David Marshall,jameswilliams@example.org,27,1,1,5,2024-10-19,Power BI Course 33,7,1,58
2239,435,2,2024-11-29,59.37,3164,50.94,3,Judy Bennett,dquinn@example.org,22,1,1,0,2024-12-19,Data Science Course 2,1,0,41
2240,669,3,2025-03-05,40.57,4712,75.49,5,Erin Wall,rduncan@example.org,21,0,2,3,2026-01-12,Python Course 3,3,2,52
2241,231,3,2024-09-11,56.34,205,50.28,5,Emily Lester,ogardner@example.org,18,1,0,2,2025-04-10,Python Course 3,3,2,52
2242,902,27,2025-01-18,46.79,4384,44.46,2,Monica Brooks,kleinchristopher@example.net,24,0,1,3,2024-11-16,Computer Vision Course 27,5,0,70
2243,389,40,2026-05-22,49.39,344,94.13,3,Stacey Scott,jackruiz@example.com,29,1,1,1,2026-05-04,Machine Learning Course 40,2,2,64
2244,714,24,2026-03-23,38.79,444,89.05,5,Carl Robertson,johndaniel@example.org,19,1,1,6,2026-04-17,Computer Vision Course 24,5,2,21
2245,735,22,2026-02-18,35.27,2330,75.32,3,Troy Brown,aimee96@example.org,29,1,2,1,2026-02-04,Computer Vision Course 22,0,2,49
2246,999,3,2026-06-24,63.59,2260,58.57,2,Brittany Hall,washingtoncynthia@example.net,28,0,0,4,2026-03-20,Python Course 3,3,2,52
2247,626,1,2024-10-03,99.92,4900,71.53,2,Taylor Lamb,aguilartroy@example.org,30,1,1,0,2025-06-27,Power BI Course 1,3,1,21
2248,109,8,2025-03-15,34.26,270,68.27,2,Stephanie Fuller,steven37@example.org,32,0,0,0,2025-04-03,Python Course 8,1,2,38
2249,352,50,2025-01-23,60.46,2730,84.27,2,Kevin Chandler,kimberlyjohnson@example.net,25,0,1,3,2025-06-26,Python Course 50,3,1,46
2250,400,43,2025-02-23,70.67,749,98.27,3,Joseph Garza,cesarnunez@example.com,29,0,0,1,2024-08-15,Data Science Course 43,3,2,73
2251,880,17,2025-05-12,27.97,2623,72.82,2,Jessica Williams,thomasstafford@example.com,30,1,0,4,2025-02-09,Deep Learning Course 17,1,0,22
2252,363,3,2024-12-14,89.59,739,57.47,1,Victor House,hlewis@example.net,18,0,2,7,2026-01-01,Python Course 3,3,2,52
2253,716,37,2025-04-27,94.63,1522,63.69,1,Ashley Melton,andersonelizabeth@example.com,27,0,2,2,2026-05-21,SQL Course 37,0,0,38
2254,124,48,2025-11-20,82.78,4891,89.8,4,Cheryl Wolfe,lori58@example.org,24,1,2,4,2024-11-16,Power BI Course 48,7,2,62
2255,192,47,2025-03-30,60.29,407,45.39,5,Jeffrey Smith,ryankellie@example.net,30,1,1,0,2026-03-17,SQL Course 47,5,2,40
2256,72,19,2025-03-08,29.68,2449,51.05,2,Jon Williams,martinlisa@example.org,18,0,2,7,2026-04-04,Machine Learning Course 19,0,0,37
2257,439,35,2025-04-29,28.58,3672,61.28,5,Jeremy Bishop,daniel46@example.net,21,1,1,3,2024-07-28,NLP Course 35,1,0,70
2258,802,5,2024-11-03,96.34,2851,59.17,1,Catherine Montes,randallpena@example.org,20,0,1,0,2025-04-18,Computer Vision Course 5,6,1,55
2259,969,45,2026-05-28,51.54,1246,60.39,1,Cindy Copeland,ellisonjennifer@example.org,21,1,1,0,2025-11-11,Power BI Course 45,0,1,69
2260,407,49,2025-04-01,86.01,2200,77.57,5,Claire Shaw,dlynn@example.net,33,1,1,5,2025-05-20,SQL Course 49,4,1,62
2261,936,8,2025-02-08,96.74,1463,82.74,5,Michelle Rich MD,sydney86@example.org,34,0,2,4,2026-03-20,Python Course 8,1,2,38
2262,831,41,2025-10-12,45.93,4601,80.33,5,Stephanie Spencer,william25@example.net,33,1,1,4,2026-04-02,Machine Learning Course 41,1,2,72
2263,110,7,2025-03-21,24.93,4012,92.1,4,Charles Calhoun,john13@example.org,26,1,1,6,2026-01-17,Data Science Course 7,6,1,62
2264,955,29,2025-05-02,46.5,4860,94.6,3,Rebecca Zavala,mark71@example.com,27,1,2,0,2026-04-19,Data Science Course 29,2,2,62
2265,414,24,2024-09-10,98.46,2430,74.54,5,Timothy Lopez,paul75@example.com,29,0,1,4,2024-09-25,Computer Vision Course 24,5,2,21
2266,849,41,2026-05-26,60.16,2803,76.45,5,Pamela Garrett,ujenkins@example.net,18,1,0,3,2025-08-01,Machine Learning Course 41,1,2,72
2267,788,5,2025-10-02,74.07,1483,62.85,1,Allison Martinez,autumnlittle@example.org,32,1,1,2,2026-02-12,Computer Vision Course 5,6,1,55
2268,358,41,2025-03-20,34.29,2036,47.2,4,James Riley,arobinson@example.com,23,0,0,0,2026-02-02,Machine Learning Course 41,1,2,72
2269,910,19,2026-01-31,56.28,626,92.1,4,John Miller,karen13@example.org,20,0,0,7,2025-10-18,Machine Learning Course 19,0,0,37
2270,80,41,2024-09-07,56.37,3052,61.24,4,Kathy Snyder,mccoyjeremiah@example.net,25,0,2,4,2026-01-29,Machine Learning Course 41,1,2,72
2271,950,42,2025-03-12,51.65,3070,50.27,2,Jennifer Martinez,jonestodd@example.org,23,1,2,4,2026-07-06,NLP Course 42,0,0,75
2272,551,10,2025-10-16,95.55,4217,73.04,2,Christopher Barnes,kristina69@example.com,33,1,1,0,2025-11-13,Python Course 10,6,2,10
2273,832,6,2025-11-24,39.24,3677,40.58,5,Ryan Kane,lblankenship@example.com,24,1,1,1,2026-01-31,Python Course 6,2,1,11
2274,458,24,2025-06-22,73.83,1940,51.7,3,Jeanette Montes,tiffanymiller@example.com,20,1,0,6,2026-02-18,Computer Vision Course 24,5,2,21
2275,647,8,2024-07-27,32.04,1822,53.32,3,Kelly Parsons,rachael00@example.net,28,0,0,4,2026-07-02,Python Course 8,1,2,38
2276,771,26,2026-03-03,42.3,2376,86.77,5,Patricia Armstrong,rollinsvincent@example.com,30,0,1,5,2025-04-20,Computer Vision Course 26,7,1,22
2277,214,47,2026-06-20,73.33,1787,57.06,5,Sarah Figueroa,christopherward@example.net,18,1,1,2,2025-09-14,SQL Course 47,5,2,40
2278,105,18,2025-06-02,51.4,640,92.02,3,Katherine Gonzalez,laurensullivan@example.com,32,0,1,1,2025-03-28,Machine Learning Course 18,0,0,25
2279,347,45,2024-11-29,57.5,1442,99.38,2,Paul Haynes,amanda82@example.com,18,1,2,4,2025-11-16,Power BI Course 45,0,1,69
2280,609,19,2025-06-25,54.38,1443,40.2,4,Tina Moore,hollanddebra@example.com,25,1,0,7,2025-02-02,Machine Learning Course 19,0,0,37
2281,392,33,2024-08-09,63.85,3423,59.44,3,Albert Brown,davenporthunter@example.org,28,0,1,2,2024-10-29,Power BI Course 33,7,1,58
2282,947,47,2024-08-24,52.99,386,49.76,3,Yolanda Johnson,campbellbrian@example.net,19,1,1,3,2025-03-09,SQL Course 47,5,2,40
2283,19,15,2025-12-11,33.49,1472,73.64,4,Troy Jones,lcallahan@example.com,25,1,0,6,2024-12-10,Data Science Course 15,6,1,75
2284,116,32,2026-05-04,36.74,4133,81.64,1,Christopher Williams,ellisricardo@example.com,27,0,1,3,2026-01-11,SQL Course 32,2,1,41
2285,733,6,2024-12-12,69.99,115,96.14,5,David Wise,melissabrown@example.com,34,0,1,0,2024-08-13,Python Course 6,2,1,11
2286,599,46,2024-09-27,61.95,1393,59.15,5,Tina Black,laura24@example.com,27,1,2,4,2025-11-18,NLP Course 46,3,0,48
2287,723,23,2024-09-28,25.14,2494,67.61,5,Michael Hodges,lewisjulia@example.com,25,0,1,3,2024-09-02,SQL Course 23,6,1,47
2288,66,42,2025-11-09,52.22,953,91.56,1,Joel Potter,kwhitney@example.net,25,1,0,4,2026-06-02,NLP Course 42,0,0,75
2289,685,2,2026-01-20,84.53,4309,96.38,1,Richard Jones,rberry@example.org,25,1,2,6,2025-10-16,Data Science Course 2,1,0,41
2290,777,35,2026-05-10,34.11,1310,69.85,2,Jennifer Scott,gcampbell@example.com,31,1,0,5,2024-12-19,NLP Course 35,1,0,70
2291,675,40,2026-03-15,82.34,378,49.85,4,Phyllis French,elizabeth69@example.org,26,0,0,0,2025-01-23,Machine Learning Course 40,2,2,64
2292,289,4,2025-01-30,96.23,4230,50.67,2,Anna Holmes,erik98@example.net,28,0,0,1,2026-01-07,Power BI Course 4,1,0,23
2293,283,24,2025-01-18,87.74,1985,53.18,4,Jesus Rocha,newmanjoanna@example.net,31,0,0,1,2026-01-30,Computer Vision Course 24,5,2,21
2294,9,36,2024-12-29,25.87,1299,80.42,1,Samantha Rivera,laura03@example.com,20,1,1,2,2026-03-16,Computer Vision Course 36,2,0,77
2295,428,48,2025-07-06,98.15,541,41.33,3,Cheryl Novak,jenniferward@example.net,24,1,1,5,2025-06-30,Power BI Course 48,7,2,62
2296,798,27,2026-05-15,37.14,3941,74.4,5,Carlos Nelson,xkelly@example.net,22,1,0,6,2026-01-16,Computer Vision Course 27,5,0,70
2297,895,13,2025-04-14,69.13,4800,75.27,3,Lisa Chaney,imcdonald@example.org,30,1,2,3,2024-10-06,SQL Course 13,7,1,41
2298,744,30,2025-05-09,34.53,755,74.36,3,Brenda Rose,blankenshipmatthew@example.net,20,0,2,0,2026-06-24,Machine Learning Course 30,1,2,60
2299,261,23,2026-04-02,29.86,2774,55.39,3,Cheryl Cameron,wblanchard@example.net,32,0,0,4,2025-06-29,SQL Course 23,6,1,47
2300,708,41,2025-04-06,40.46,317,94.25,4,Cynthia Mays,fkline@example.net,32,1,2,4,2024-11-27,Machine Learning Course 41,1,2,72
2301,567,32,2026-02-21,44.73,4000,63.73,4,Kenneth Payne,donna49@example.com,18,1,1,6,2025-03-08,SQL Course 32,2,1,41
2302,773,4,2025-01-29,30.63,253,69.0,1,Gina Burch,michaelwu@example.com,35,0,1,2,2025-10-14,Power BI Course 4,1,0,23
2303,916,24,2025-06-25,53.08,4758,68.63,1,Carlos Hardy,mroy@example.net,28,1,2,6,2025-09-27,Computer Vision Course 24,5,2,21
2304,733,33,2025-08-21,39.8,4613,87.13,5,David Wise,melissabrown@example.com,34,0,1,0,2024-08-13,Power BI Course 33,7,1,58
2305,571,41,2025-06-11,95.45,1895,66.9,3,Tyler Hudson,ymorgan@example.net,22,0,2,2,2026-02-09,Machine Learning Course 41,1,2,72
2306,937,32,2024-09-21,47.02,1033,47.69,1,Kimberly James,dylan79@example.org,21,0,2,1,2025-07-19,SQL Course 32,2,1,41
2307,822,2,2025-12-28,38.52,2656,80.12,3,Isaiah Meyer,colonmelissa@example.com,32,0,2,4,2025-12-12,Data Science Course 2,1,0,41
2308,34,18,2025-08-13,85.57,3827,59.82,2,Shawn Tapia,alec76@example.org,31,0,1,1,2024-08-12,Machine Learning Course 18,0,0,25
2309,830,41,2024-08-11,51.81,4364,41.56,5,Tommy Weber,rebeccarodriguez@example.org,18,0,1,2,2024-08-14,Machine Learning Course 41,1,2,72
2310,470,8,2025-01-25,85.88,3243,95.31,2,Christopher Davis,cheryl15@example.com,28,0,1,2,2026-06-13,Python Course 8,1,2,38
2311,208,41,2024-08-26,43.4,2127,83.21,5,Michael Hughes,williamcohen@example.com,32,1,0,7,2025-03-09,Machine Learning Course 41,1,2,72
2312,139,11,2024-12-09,94.69,452,45.77,2,Benjamin Romero,mcrawford@example.com,33,1,2,5,2024-12-11,SQL Course 11,0,0,15
2313,285,15,2025-01-02,82.43,3128,61.22,4,Angela Chambers,gelliott@example.net,25,0,1,4,2025-03-29,Data Science Course 15,6,1,75
2314,250,47,2025-08-17,38.66,1644,60.09,3,Pamela Booth,andrew47@example.org,33,1,1,5,2024-11-11,SQL Course 47,5,2,40
2315,582,17,2024-09-13,81.58,2626,64.84,4,Jodi Calderon,jenna50@example.org,23,0,1,0,2024-09-11,Deep Learning Course 17,1,0,22
2316,865,13,2025-05-06,82.63,4787,89.59,4,David Hill,wbowman@example.com,19,1,2,4,2025-10-16,SQL Course 13,7,1,41
2317,774,2,2026-02-11,36.56,751,63.72,2,Mr. Willie Baker DVM,monica58@example.com,20,1,1,6,2025-04-15,Data Science Course 2,1,0,41
2318,208,14,2025-06-06,75.81,1953,73.55,5,Michael Hughes,williamcohen@example.com,32,1,0,7,2025-03-09,Python Course 14,1,1,43
2319,781,22,2026-04-25,37.06,3284,83.81,2,Glenn Hanson,owensshannon@example.net,21,1,1,6,2025-12-15,Computer Vision Course 22,0,2,49
2320,81,35,2025-07-24,35.58,2049,97.87,4,Christina Larson,sprince@example.org,27,0,2,6,2024-10-23,NLP Course 35,1,0,70
2321,245,12,2025-01-24,33.78,1195,86.06,1,Jeff Smith,pmorris@example.com,27,1,1,5,2026-02-25,Deep Learning Course 12,5,2,57
2322,309,18,2025-01-22,97.09,1957,62.88,3,Kimberly Smith,julialevy@example.org,25,0,1,3,2025-06-03,Machine Learning Course 18,0,0,25
2323,815,40,2026-04-14,95.99,2688,47.57,2,Kara Hayes,william88@example.com,31,1,0,0,2025-08-01,Machine Learning Course 40,2,2,64
2324,549,36,2026-05-20,78.48,1935,82.59,1,Paul Smith,erinsalazar@example.com,21,0,1,0,2026-06-20,Computer Vision Course 36,2,0,77
2325,153,9,2025-12-12,70.39,4830,62.71,1,Shannon Wilkerson,thomasstephanie@example.org,33,1,1,0,2024-12-07,SQL Course 9,6,0,47
2326,83,8,2024-10-16,42.06,4314,86.52,5,Gary Leonard,jimenezcharles@example.com,24,1,1,4,2026-03-09,Python Course 8,1,2,38
2327,605,41,2025-11-12,96.98,3415,82.79,1,Eric Smith,laura40@example.com,30,1,2,6,2026-06-21,Machine Learning Course 41,1,2,72
2328,13,25,2026-06-15,84.25,1761,77.88,2,Jennifer Hart,lauren81@example.com,26,1,0,4,2026-01-05,Data Science Course 25,7,1,51
2329,134,4,2025-03-16,54.37,4553,71.25,5,David Morgan,greenejulia@example.org,35,1,1,2,2025-08-27,Power BI Course 4,1,0,23
2330,32,27,2025-06-18,75.71,117,46.74,4,Renee Burns,pattersonantonio@example.com,33,1,2,7,2024-11-15,Computer Vision Course 27,5,0,70
2331,941,7,2025-10-02,30.84,3071,58.56,5,Christian Thompson,cooleymichael@example.net,20,1,0,6,2026-04-02,Data Science Course 7,6,1,62
2332,644,3,2026-05-21,86.08,4350,65.78,1,Christopher Mayo,brian68@example.org,23,1,0,4,2025-12-05,Python Course 3,3,2,52
2333,958,17,2026-01-06,64.08,1099,48.24,2,Ronald Chen,natalie64@example.com,29,1,2,7,2026-07-09,Deep Learning Course 17,1,0,22
2334,457,3,2025-12-25,31.74,4906,77.92,3,Melissa Moran,zking@example.org,30,0,2,7,2026-04-13,Python Course 3,3,2,52
2335,479,22,2024-07-31,60.4,416,91.45,1,Jillian Reeves,robertdavis@example.org,22,0,0,3,2025-09-15,Computer Vision Course 22,0,2,49
2336,767,4,2026-06-26,23.78,1747,84.74,4,Danielle Duncan,ljackson@example.com,28,0,1,2,2024-07-30,Power BI Course 4,1,0,23
2337,159,12,2026-01-29,91.38,4512,84.74,2,Michael Clark,michaelford@example.net,21,0,0,0,2024-12-04,Deep Learning Course 12,5,2,57
2338,658,40,2025-01-26,47.03,2103,49.28,2,Emily Small,jacqueline94@example.com,22,0,1,3,2025-06-26,Machine Learning Course 40,2,2,64
2339,62,39,2024-07-14,48.07,627,91.2,3,Diane Campbell,nicole07@example.org,34,0,2,7,2025-10-18,Power BI Course 39,4,2,33
2340,214,45,2025-10-01,63.31,123,93.68,5,Sarah Figueroa,christopherward@example.net,18,1,1,2,2025-09-14,Power BI Course 45,0,1,69
2341,681,32,2024-08-14,39.94,2899,98.17,2,Mrs. Betty Kim,lawrencesimpson@example.com,34,1,1,1,2024-08-31,SQL Course 32,2,1,41
2342,38,8,2026-05-31,85.21,3569,41.09,5,Benjamin Silva,wallaceisaiah@example.net,19,1,0,2,2025-11-26,Python Course 8,1,2,38
2343,450,32,2026-03-06,48.07,4433,45.8,2,Mrs. Cassandra Fernandez DVM,joycemichael@example.com,30,1,2,4,2025-11-28,SQL Course 32,2,1,41
2344,408,25,2025-11-01,86.04,145,62.07,3,Shannon Stewart,tfranco@example.org,23,0,2,6,2024-12-09,Data Science Course 25,7,1,51
2345,686,49,2025-07-30,89.75,2642,92.78,4,Stacey Deleon,wgarcia@example.com,25,0,1,7,2026-04-04,SQL Course 49,4,1,62
2346,638,32,2026-01-14,66.36,331,54.29,1,Austin Flores,ryan04@example.com,18,1,2,1,2025-08-01,SQL Course 32,2,1,41
2347,70,15,2025-02-27,47.37,3522,49.66,2,Jeremy Powell,wmurphy@example.net,27,1,2,5,2025-05-07,Data Science Course 15,6,1,75
2348,644,38,2025-11-08,61.41,4257,87.04,2,Christopher Mayo,brian68@example.org,23,1,0,4,2025-12-05,Computer Vision Course 38,4,0,32
2349,196,40,2026-07-02,83.88,510,40.37,2,Andre Nguyen,pjackson@example.org,20,0,0,0,2025-01-09,Machine Learning Course 40,2,2,64
2350,257,43,2025-02-18,32.91,4665,89.73,4,Jay Burch,kathleen93@example.com,33,0,2,6,2025-10-26,Data Science Course 43,3,2,73
2351,418,39,2026-06-20,74.51,725,75.57,4,Kimberly Scott,jenna55@example.net,23,1,1,0,2025-09-08,Power BI Course 39,4,2,33
2352,177,45,2025-03-04,60.91,1566,64.57,2,Jennifer Cole,christian22@example.org,21,1,2,3,2024-11-15,Power BI Course 45,0,1,69
2353,759,15,2026-04-02,74.99,4805,96.19,3,Matthew Lopez,janetbrown@example.net,32,0,0,7,2026-02-11,Data Science Course 15,6,1,75
2354,413,35,2026-04-05,91.3,786,52.29,5,Andrea Fowler,butlerdarlene@example.org,19,1,1,7,2026-01-31,NLP Course 35,1,0,70
2355,572,37,2025-06-16,63.34,820,79.98,3,Michael Ferguson,patricia66@example.net,28,0,0,0,2025-04-04,SQL Course 37,0,0,38
2356,807,12,2024-09-20,45.16,2172,91.81,2,Benjamin Nunez,plewis@example.com,27,1,0,0,2026-03-02,Deep Learning Course 12,5,2,57
2357,680,40,2025-09-13,61.67,827,53.37,5,Jackie Frank,elizabethnguyen@example.org,21,1,1,2,2024-12-11,Machine Learning Course 40,2,2,64
2358,485,11,2025-11-15,71.36,2861,57.54,5,Douglas Thompson,jodicooper@example.org,29,0,1,4,2025-09-28,SQL Course 11,0,0,15
2359,732,22,2024-10-14,44.64,3473,40.83,5,Jordan Richard,carl83@example.net,30,1,2,1,2024-10-15,Computer Vision Course 22,0,2,49
2360,870,18,2025-11-02,80.98,3507,75.74,4,Rebecca Briggs,brianburnett@example.org,32,1,0,4,2024-11-13,Machine Learning Course 18,0,0,25
2361,950,21,2024-12-11,27.72,834,83.28,1,Jennifer Martinez,jonestodd@example.org,23,1,2,4,2026-07-06,Data Science Course 21,0,0,66
2362,703,42,2025-07-11,62.91,719,75.06,5,John Harper,yvillegas@example.org,25,1,2,0,2025-05-25,NLP Course 42,0,0,75
2363,76,31,2025-02-11,91.63,1679,90.13,5,Glenn Davis,lisacollier@example.net,34,1,1,0,2025-10-20,Computer Vision Course 31,4,0,67
2364,456,15,2025-08-28,51.41,4547,49.09,2,Shelly Davis,ericthompson@example.net,22,0,1,4,2025-03-21,Data Science Course 15,6,1,75
2365,836,4,2025-08-26,79.59,1161,56.36,2,Tammy Williams,thomas68@example.net,31,0,2,2,2026-06-04,Power BI Course 4,1,0,23
2366,31,42,2025-01-16,68.37,471,61.48,5,Theresa Stephenson,zhull@example.org,31,0,2,1,2024-09-05,NLP Course 42,0,0,75
2367,243,45,2024-08-30,80.49,3563,78.79,1,Lisa Watkins,angela01@example.org,20,1,2,1,2025-08-04,Power BI Course 45,0,1,69
2368,148,26,2025-04-02,87.43,1680,82.41,1,Rodney Young,avilarichard@example.net,28,1,1,5,2025-04-03,Computer Vision Course 26,7,1,22
2369,608,21,2025-02-28,69.62,3099,77.46,3,Beth Carrillo,simpsonalexandra@example.com,23,0,0,5,2024-09-16,Data Science Course 21,0,0,66
2370,238,15,2025-07-24,50.19,126,92.76,1,Raymond Johnson,petersonryan@example.net,35,0,1,7,2024-08-01,Data Science Course 15,6,1,75
2371,500,33,2025-06-26,82.93,1555,61.5,2,Katie Roth,bsanchez@example.net,19,1,1,7,2024-12-10,Power BI Course 33,7,1,58
2372,671,25,2025-01-04,82.62,1348,83.35,1,Sharon Hernandez,peter40@example.net,25,0,2,6,2026-01-07,Data Science Course 25,7,1,51
2373,931,16,2024-11-26,28.97,1685,99.4,3,Mary Baker,ltorres@example.org,34,1,1,6,2024-08-29,Deep Learning Course 16,5,0,68
2374,586,44,2025-07-10,55.72,3684,63.73,3,Derek Ellis,cgarcia@example.com,19,0,2,2,2025-10-05,Computer Vision Course 44,1,2,29
2375,740,17,2024-10-04,66.12,3870,89.03,5,Timothy Mcgee,bchristensen@example.net,21,0,0,6,2026-04-06,Deep Learning Course 17,1,0,22
2376,429,6,2026-04-24,97.82,4912,67.86,4,Jonathan King,jesus69@example.org,32,1,0,7,2026-04-11,Python Course 6,2,1,11
2377,159,1,2025-12-11,34.35,3425,82.37,1,Michael Clark,michaelford@example.net,21,0,0,0,2024-12-04,Power BI Course 1,3,1,21
2378,451,35,2025-08-31,54.14,1441,48.82,3,Jonathan Evans,rhonda70@example.net,31,0,0,6,2026-01-24,NLP Course 35,1,0,70
2379,631,32,2024-08-04,52.06,1753,83.04,3,James Gould,hectormcgrath@example.org,20,0,0,0,2025-02-07,SQL Course 32,2,1,41
2380,26,29,2025-11-09,45.59,2636,81.04,3,Jasmine Perry,david03@example.net,31,1,0,1,2025-06-24,Data Science Course 29,2,2,62
2381,34,28,2024-09-23,49.86,432,65.89,2,Shawn Tapia,alec76@example.org,31,0,1,1,2024-08-12,SQL Course 28,5,0,57
2382,817,27,2026-04-17,27.07,3598,91.51,1,Martha Bernard,daniel37@example.net,32,0,0,1,2026-05-15,Computer Vision Course 27,5,0,70
2383,129,22,2025-01-02,75.27,4078,50.5,1,Ashley Bond,emilygibson@example.com,18,0,0,1,2026-03-27,Computer Vision Course 22,0,2,49
2384,7,48,2025-04-08,54.1,912,73.35,4,Anna Wilson,rsanchez@example.org,26,0,0,7,2025-01-24,Power BI Course 48,7,2,62
2385,149,44,2026-06-22,31.43,856,61.59,1,Laura Mejia,jack82@example.org,28,0,1,3,2025-10-22,Computer Vision Course 44,1,2,29
2386,520,3,2026-05-29,26.61,3669,50.77,2,Kyle Proctor,catherine45@example.net,35,0,1,1,2026-07-09,Python Course 3,3,2,52
2387,474,9,2026-01-20,32.83,2664,43.21,1,Jennifer Hall,xbauer@example.com,22,1,1,1,2026-05-17,SQL Course 9,6,0,47
2388,614,24,2024-11-28,95.23,785,84.8,5,Jessica Martinez,ymeyers@example.org,35,1,2,7,2025-05-16,Computer Vision Course 24,5,2,21
2389,684,26,2025-07-21,87.22,156,63.19,4,Kelly Johnson,blairgina@example.net,22,1,0,3,2024-07-30,Computer Vision Course 26,7,1,22
2390,576,11,2025-06-21,66.06,1619,73.58,1,Mary Landry,vanessa37@example.org,33,0,0,4,2025-09-06,SQL Course 11,0,0,15
2391,5,45,2024-08-26,93.65,4978,42.27,3,Mary Valentine,grodriguez@example.net,25,0,0,2,2025-08-15,Power BI Course 45,0,1,69
2392,619,10,2024-11-23,72.71,4670,59.47,4,Cynthia Elliott,wcook@example.com,31,1,0,7,2025-05-05,Python Course 10,6,2,10
2393,183,33,2024-08-15,86.94,1067,80.47,3,Ashley Brown,hinesstephen@example.org,32,0,1,3,2025-12-16,Power BI Course 33,7,1,58
2394,836,5,2025-06-30,48.51,4570,48.08,1,Tammy Williams,thomas68@example.net,31,0,2,2,2026-06-04,Computer Vision Course 5,6,1,55
2395,613,36,2026-02-17,37.55,4436,97.34,4,Regina Holt,karenbartlett@example.com,23,0,0,2,2024-10-03,Computer Vision Course 36,2,0,77
2396,902,34,2025-01-29,84.92,386,60.5,1,Monica Brooks,kleinchristopher@example.net,24,0,1,3,2024-11-16,SQL Course 34,6,2,57
2397,245,30,2025-07-08,39.2,2481,41.72,2,Jeff Smith,pmorris@example.com,27,1,1,5,2026-02-25,Machine Learning Course 30,1,2,60
2398,778,15,2025-12-31,26.16,2422,73.36,2,Lee Martin,sarah67@example.com,20,1,0,3,2025-06-14,Data Science Course 15,6,1,75
2399,506,21,2026-03-19,40.81,732,54.98,1,Ricky Rodriguez,jatkinson@example.org,34,1,0,0,2026-04-08,Data Science Course 21,0,0,66
2400,247,19,2025-01-26,35.65,2744,82.29,2,Justin Banks,tamara08@example.com,34,0,2,2,2026-04-28,Machine Learning Course 19,0,0,37
2401,541,20,2026-01-13,20.46,105,48.12,5,William Jimenez,andrew32@example.com,29,0,1,5,2026-01-18,Data Science Course 20,3,1,50
2402,764,50,2025-10-21,82.21,1293,42.54,4,Michael Schroeder,lewisvanessa@example.net,19,0,2,1,2025-01-06,Python Course 50,3,1,46
2403,671,3,2025-09-14,49.19,1373,93.58,5,Sharon Hernandez,peter40@example.net,25,0,2,6,2026-01-07,Python Course 3,3,2,52
2404,46,6,2025-04-23,74.97,1661,45.39,5,Cassandra Sherman,barberdonna@example.net,31,1,1,2,2025-05-07,Python Course 6,2,1,11
2405,125,24,2025-11-08,46.48,3214,55.42,2,Joseph Lozano,lschwartz@example.org,34,1,1,1,2025-01-24,Computer Vision Course 24,5,2,21
2406,826,41,2025-02-21,49.14,1398,79.21,5,Diana Meyer,natashagarcia@example.org,23,0,2,0,2026-02-08,Machine Learning Course 41,1,2,72
2407,260,22,2025-01-28,55.44,2364,75.66,2,Christine Williams,yrodriguez@example.org,32,1,0,3,2026-05-29,Computer Vision Course 22,0,2,49
2408,128,41,2024-11-23,82.89,4251,65.49,1,Kathryn Ruiz,mossjoseph@example.net,32,0,0,2,2025-11-11,Machine Learning Course 41,1,2,72
2409,835,41,2025-10-17,88.36,4645,59.03,5,Mr. Thomas Huang MD,rpatterson@example.org,31,0,0,4,2025-02-21,Machine Learning Course 41,1,2,72
2410,400,40,2024-09-10,88.87,2057,64.23,5,Joseph Garza,cesarnunez@example.com,29,0,0,1,2024-08-15,Machine Learning Course 40,2,2,64
2411,842,7,2025-06-05,27.12,1640,79.29,5,April Barrett,paulwhite@example.com,18,0,0,4,2026-01-23,Data Science Course 7,6,1,62
2412,118,32,2025-06-21,26.1,396,76.93,2,Alicia Williams,zcunningham@example.com,23,1,2,5,2025-09-20,SQL Course 32,2,1,41
2413,369,33,2025-05-11,73.42,786,41.01,5,Mary Avila,hpatton@example.org,29,0,0,5,2025-12-12,Power BI Course 33,7,1,58
2414,509,2,2024-07-24,56.64,1427,79.51,2,Courtney Andrews,fdavenport@example.com,27,0,0,5,2026-04-17,Data Science Course 2,1,0,41
2415,115,43,2025-04-06,33.03,324,57.07,4,Tiffany Thompson,john91@example.com,23,0,0,6,2025-10-18,Data Science Course 43,3,2,73
2416,976,28,2026-02-21,22.49,629,80.16,2,James Mcbride,asmith@example.com,28,0,2,4,2026-05-29,SQL Course 28,5,0,57
2417,196,22,2025-04-20,71.04,3865,83.32,5,Andre Nguyen,pjackson@example.org,20,0,0,0,2025-01-09,Computer Vision Course 22,0,2,49
2418,620,34,2025-11-03,55.79,1254,40.7,1,Melvin Mitchell,jonesdonna@example.net,25,1,2,7,2024-09-27,SQL Course 34,6,2,57
2419,767,36,2024-07-29,80.61,1359,52.03,1,Danielle Duncan,ljackson@example.com,28,0,1,2,2024-07-30,Computer Vision Course 36,2,0,77
2420,144,47,2026-02-15,56.99,2815,61.42,2,Taylor Cooley,lramirez@example.net,33,1,0,2,2024-08-06,SQL Course 47,5,2,40
2421,961,23,2025-09-20,81.65,1190,65.36,3,Christina Heath,ashleysmith@example.com,32,0,2,0,2025-08-23,SQL Course 23,6,1,47
2422,177,3,2026-02-05,42.12,4068,78.98,5,Jennifer Cole,christian22@example.org,21,1,2,3,2024-11-15,Python Course 3,3,2,52
2423,4,43,2026-07-11,28.48,3247,74.64,2,Donna Bennett DDS,analewis@example.net,20,1,0,7,2025-07-28,Data Science Course 43,3,2,73
2424,42,32,2025-11-16,89.62,3195,96.52,1,Julie Pacheco,mallory49@example.com,34,1,1,4,2025-08-22,SQL Course 32,2,1,41
2425,839,7,2025-03-29,76.53,522,55.65,3,Annette Miller,randyoneal@example.net,35,0,1,6,2025-08-11,Data Science Course 7,6,1,62
2426,799,21,2025-09-21,81.05,2746,71.31,5,Matthew Taylor,herrerajamie@example.org,30,1,1,7,2026-04-15,Data Science Course 21,0,0,66
2427,619,1,2024-12-12,62.69,120,81.62,4,Cynthia Elliott,wcook@example.com,31,1,0,7,2025-05-05,Power BI Course 1,3,1,21
2428,594,40,2025-12-06,81.45,4489,73.05,3,Jennifer Greene,nrusso@example.org,34,0,0,3,2025-07-27,Machine Learning Course 40,2,2,64
2429,767,2,2025-09-08,96.92,1418,87.32,1,Danielle Duncan,ljackson@example.com,28,0,1,2,2024-07-30,Data Science Course 2,1,0,41
2430,434,35,2025-10-27,39.99,2602,48.69,2,Charles Melton,wendynguyen@example.com,19,0,0,7,2026-01-18,NLP Course 35,1,0,70
2431,180,15,2025-07-14,32.52,2253,71.76,5,Shawn Owens,michael81@example.net,32,0,2,7,2026-06-24,Data Science Course 15,6,1,75
2432,477,40,2025-10-04,61.23,4440,78.16,1,Rachel Solomon,crosbyjermaine@example.com,30,1,0,2,2024-07-22,Machine Learning Course 40,2,2,64
2433,360,2,2024-09-07,30.89,3817,42.07,2,Abigail White,megansmith@example.com,35,1,1,2,2025-07-21,Data Science Course 2,1,0,41
2434,77,6,2024-09-14,98.0,1842,44.62,5,Clifford Robbins,gloria07@example.com,20,0,0,7,2025-12-06,Python Course 6,2,1,11
2435,860,5,2025-07-07,50.22,3019,78.86,3,Joyce Johnson,arodriguez@example.com,28,0,0,7,2026-02-06,Computer Vision Course 5,6,1,55
2436,782,40,2026-06-06,73.73,3606,92.37,2,Matthew Marshall,anthonyolson@example.net,28,1,0,4,2024-09-23,Machine Learning Course 40,2,2,64
2437,217,12,2025-05-17,25.78,650,98.61,4,Mary Carey,jenniferprice@example.org,31,1,2,5,2026-01-02,Deep Learning Course 12,5,2,57
2438,683,41,2026-05-13,42.46,3588,89.14,1,Andres Thomas,ohernandez@example.org,26,1,2,1,2025-04-12,Machine Learning Course 41,1,2,72
2439,736,15,2025-08-26,59.17,159,81.75,2,Jennifer Peters,heather38@example.net,22,1,0,6,2025-02-26,Data Science Course 15,6,1,75
2440,31,21,2024-08-02,92.94,2333,94.69,1,Theresa Stephenson,zhull@example.org,31,0,2,1,2024-09-05,Data Science Course 21,0,0,66
2441,350,12,2025-10-24,63.93,1761,83.39,2,Hunter Wallace,greenbryan@example.com,20,1,2,5,2025-03-09,Deep Learning Course 12,5,2,57
2442,286,20,2026-04-28,87.41,4273,47.54,1,Lisa Hopkins,joseph32@example.net,22,1,2,1,2024-09-26,Data Science Course 20,3,1,50
2443,71,33,2026-01-07,30.56,614,61.38,3,Sharon Weber,oschultz@example.net,35,1,0,1,2024-09-21,Power BI Course 33,7,1,58
2444,753,43,2024-11-08,64.29,2407,60.56,1,William Ho,rspencer@example.net,24,1,0,1,2024-12-10,Data Science Course 43,3,2,73
2445,171,36,2025-08-04,74.0,4755,87.4,1,Adrian Bradshaw,pwilliams@example.com,27,1,0,6,2025-08-24,Computer Vision Course 36,2,0,77
2446,533,3,2025-04-20,70.88,3028,67.22,4,Daisy Torres,john71@example.org,18,1,1,6,2024-12-11,Python Course 3,3,2,52
2447,425,33,2026-02-02,73.04,4052,43.62,1,Daniel Cherry,herbert42@example.org,20,0,2,5,2025-12-12,Power BI Course 33,7,1,58
2448,810,33,2025-06-21,70.38,4529,48.5,1,Sara Wright,gwolfe@example.com,26,0,1,1,2024-12-02,Power BI Course 33,7,1,58
2449,579,23,2025-04-30,81.47,4054,52.41,5,Julie Moore,jamesraymond@example.org,33,0,2,7,2026-01-17,SQL Course 23,6,1,47
2450,515,50,2025-07-02,32.12,1840,71.21,2,Timothy Lewis,iramirez@example.org,32,1,0,6,2025-11-14,Python Course 50,3,1,46
2451,725,12,2025-02-10,59.13,838,52.1,2,Jenny Collins MD,tduke@example.net,18,1,2,1,2024-12-21,Deep Learning Course 12,5,2,57
2452,772,33,2026-07-10,41.51,2902,49.24,1,Pamela Pineda,ksullivan@example.net,18,0,1,7,2025-09-26,Power BI Course 33,7,1,58
2453,326,50,2026-05-12,55.28,4234,73.88,4,Rachel Cook,scruz@example.net,19,1,1,1,2025-02-28,Python Course 50,3,1,46
2454,692,25,2024-12-10,28.8,104,83.77,5,Julia Smith,dustinwilson@example.net,19,1,0,7,2024-09-07,Data Science Course 25,7,1,51
2455,655,42,2025-05-04,75.79,1473,48.32,2,Steven Curtis,williamware@example.net,34,0,1,3,2025-06-16,NLP Course 42,0,0,75
2456,363,28,2025-06-16,20.81,2176,84.43,4,Victor House,hlewis@example.net,18,0,2,7,2026-01-01,SQL Course 28,5,0,57
2457,704,32,2026-03-13,39.13,1822,82.23,4,Tamara Blake,matthewsjoe@example.com,30,0,2,2,2024-09-16,SQL Course 32,2,1,41
2458,960,50,2025-08-25,50.78,3346,60.83,1,Mr. Michael Smith,amber55@example.org,20,0,2,3,2025-01-19,Python Course 50,3,1,46
2459,715,14,2026-02-17,91.63,3943,64.51,3,Jessica Walters,james98@example.org,33,1,2,6,2025-05-26,Python Course 14,1,1,43
2460,178,1,2025-06-02,23.07,4560,98.43,1,Mallory Maldonado,acostatrevor@example.net,33,0,1,1,2024-09-05,Power BI Course 1,3,1,21
2461,467,44,2024-10-19,66.24,4116,54.11,3,Ms. Sandra Perez,mmcdonald@example.com,33,0,2,7,2025-08-27,Computer Vision Course 44,1,2,29
2462,439,32,2025-05-21,20.33,1687,43.31,4,Jeremy Bishop,daniel46@example.net,21,1,1,3,2024-07-28,SQL Course 32,2,1,41
2463,758,27,2026-06-27,72.38,810,47.14,2,Katie Morgan,richjoshua@example.net,29,0,1,6,2024-08-01,Computer Vision Course 27,5,0,70
2464,845,47,2026-05-15,21.22,188,96.25,1,John Rodgers,natalie21@example.org,19,1,1,6,2025-05-23,SQL Course 47,5,2,40
2465,454,25,2025-01-10,30.21,4765,77.64,3,Carl Kirby,floydchristina@example.org,22,1,0,5,2025-10-19,Data Science Course 25,7,1,51
2466,305,47,2025-02-13,55.59,2468,78.76,3,Brandon Miller,autumnlynch@example.net,25,1,0,3,2024-08-23,SQL Course 47,5,2,40
2467,754,27,2026-01-02,90.14,4331,79.35,1,Margaret Allison,nicolaswright@example.net,24,1,1,1,2026-04-10,Computer Vision Course 27,5,0,70
2468,84,23,2025-05-11,62.51,2627,46.67,4,Teresa Brown,wilsonjoshua@example.net,28,0,1,5,2025-12-07,SQL Course 23,6,1,47
2469,432,10,2025-05-06,55.05,2119,52.39,1,Thomas Ward,larrysantiago@example.com,34,1,0,0,2026-02-27,Python Course 10,6,2,10
2470,499,22,2024-12-07,56.21,1684,93.04,3,Michaela Brown,kevin19@example.com,26,1,0,2,2026-03-08,Computer Vision Course 22,0,2,49
2471,310,44,2024-09-09,88.92,2959,40.96,2,Meghan Lopez,patrickchoi@example.net,32,0,2,0,2025-12-07,Computer Vision Course 44,1,2,29
2472,962,36,2025-09-06,69.93,4626,63.59,5,Joseph Richardson,ronald83@example.org,22,1,0,6,2024-09-08,Computer Vision Course 36,2,0,77
2473,954,30,2024-12-26,33.55,488,48.19,1,Stephen Johnson,dominiquethomas@example.net,22,0,1,1,2024-11-02,Machine Learning Course 30,1,2,60
2474,443,37,2025-10-19,63.98,4024,75.19,3,Margaret Hall,klamb@example.com,23,1,2,4,2026-07-04,SQL Course 37,0,0,38
2475,794,42,2024-10-12,71.38,2677,98.09,4,Hannah Ellis,alan70@example.org,20,1,2,6,2026-03-29,NLP Course 42,0,0,75
2476,565,38,2025-01-03,75.7,3585,41.73,1,David Marshall,jameswilliams@example.org,27,1,1,5,2024-10-19,Computer Vision Course 38,4,0,32
2477,227,45,2026-01-01,42.61,1518,53.15,2,Christine Nelson,fjohnson@example.net,24,0,0,4,2025-10-09,Power BI Course 45,0,1,69
2478,281,8,2024-12-17,62.01,4343,84.79,2,Jennifer Dunlap,michellenorris@example.net,19,0,2,2,2024-10-27,Python Course 8,1,2,38
2479,383,11,2024-07-30,71.51,1311,91.48,5,Jessica Delacruz,jenniferphillips@example.net,22,0,1,0,2025-11-24,SQL Course 11,0,0,15
2480,270,33,2025-12-22,77.24,4426,43.48,3,Travis Howard,dianabrown@example.org,24,0,1,4,2026-03-07,Power BI Course 33,7,1,58
2481,94,34,2025-09-19,71.83,3103,53.62,3,Alison Huynh,hudsonsamantha@example.org,32,0,2,5,2025-10-18,SQL Course 34,6,2,57
2482,958,10,2025-03-04,78.76,1327,80.95,4,Ronald Chen,natalie64@example.com,29,1,2,7,2026-07-09,Python Course 10,6,2,10
2483,567,49,2025-02-06,55.35,600,83.41,3,Kenneth Payne,donna49@example.com,18,1,1,6,2025-03-08,SQL Course 49,4,1,62
2484,1000,48,2025-09-07,26.9,2509,82.59,1,Amanda Short,zthompson@example.org,24,0,1,4,2025-08-18,Power BI Course 48,7,2,62
2485,246,40,2026-06-02,94.94,2024,73.05,4,David Martin,angelayoung@example.com,21,1,2,1,2024-09-07,Machine Learning Course 40,2,2,64
2486,536,29,2024-09-14,52.32,285,87.4,1,Jason Calderon,dawntodd@example.org,19,0,1,1,2024-08-23,Data Science Course 29,2,2,62
2487,441,27,2025-09-24,54.07,3998,97.11,4,Steven Warner,jennifercarr@example.org,30,0,1,6,2026-05-20,Computer Vision Course 27,5,0,70
2488,76,29,2025-06-26,98.3,2179,62.62,2,Glenn Davis,lisacollier@example.net,34,1,1,0,2025-10-20,Data Science Course 29,2,2,62
2489,132,49,2025-03-27,75.04,531,49.96,5,Andrew Campos,christopherharrington@example.org,35,0,1,2,2024-12-30,SQL Course 49,4,1,62
2490,628,36,2025-09-27,37.45,2315,65.37,2,Veronica Rose,davishenry@example.com,26,0,2,4,2025-07-12,Computer Vision Course 36,2,0,77
2491,143,29,2025-12-13,42.13,1648,49.06,1,Cassidy Summers,richardsonchad@example.org,24,1,1,4,2024-09-22,Data Science Course 29,2,2,62
2492,904,16,2026-02-01,69.1,177,52.76,2,Gregory Dixon,goodwinterry@example.com,21,1,1,4,2025-03-24,Deep Learning Course 16,5,0,68
2493,838,41,2025-04-06,32.04,3526,52.24,3,Marissa Bird,hammondcolin@example.com,32,1,1,5,2025-03-05,Machine Learning Course 41,1,2,72
2494,269,7,2025-02-21,64.07,1340,85.49,3,Chad Krause,yallen@example.com,24,0,0,3,2025-06-19,Data Science Course 7,6,1,62
2495,740,12,2026-04-24,80.27,1139,61.13,3,Timothy Mcgee,bchristensen@example.net,21,0,0,6,2026-04-06,Deep Learning Course 12,5,2,57
2496,917,48,2025-07-04,86.44,2944,72.6,5,Christopher Foster,yford@example.org,23,1,1,7,2025-12-21,Power BI Course 48,7,2,62
2497,80,1,2024-10-20,46.02,3936,72.42,5,Kathy Snyder,mccoyjeremiah@example.net,25,0,2,4,2026-01-29,Power BI Course 1,3,1,21
2498,551,16,2024-09-06,76.14,4141,78.62,2,Christopher Barnes,kristina69@example.com,33,1,1,0,2025-11-13,Deep Learning Course 16,5,0,68
2499,45,6,2025-04-04,68.91,4540,68.32,1,Maria Fernandez,matthew27@example.org,34,0,2,7,2025-09-20,Python Course 6,2,1,11
2500,228,40,2026-02-24,76.33,3288,46.78,2,Renee Thompson,thompsonlauren@example.org,22,0,1,6,2025-09-07,Machine Learning Course 40,2,2,64
2501,836,48,2024-09-24,93.01,2161,92.11,5,Tammy Williams,thomas68@example.net,31,0,2,2,2026-06-04,Power BI Course 48,7,2,62
2502,528,40,2024-09-13,93.53,2434,95.88,5,Teresa White,sallyharris@example.com,25,0,1,4,2025-01-29,Machine Learning Course 40,2,2,64
2503,485,17,2024-08-30,77.32,3295,61.88,2,Douglas Thompson,jodicooper@example.org,29,0,1,4,2025-09-28,Deep Learning Course 17,1,0,22
2504,623,20,2024-12-25,63.1,996,44.29,3,Jeffrey Mitchell,mrose@example.net,20,1,0,4,2024-10-08,Data Science Course 20,3,1,50
2505,718,24,2025-04-30,39.92,3027,79.24,5,Allen Turner,ronaldterrell@example.org,27,0,1,7,2025-01-30,Computer Vision Course 24,5,2,21
2506,208,6,2025-05-02,56.65,88,45.25,1,Michael Hughes,williamcohen@example.com,32,1,0,7,2025-03-09,Python Course 6,2,1,11
2507,491,8,2025-10-09,46.22,4203,74.37,2,John Gonzalez,moralestheresa@example.org,25,1,1,6,2026-05-08,Python Course 8,1,2,38
2508,345,16,2025-08-18,21.37,1272,87.12,3,Michele Glover,zdavis@example.net,29,0,1,0,2025-06-09,Deep Learning Course 16,5,0,68
2509,828,34,2026-05-01,77.85,2725,95.64,5,Melissa Moore,bryanthompson@example.org,29,1,0,5,2025-11-26,SQL Course 34,6,2,57
2510,704,10,2026-05-17,85.08,4779,56.02,3,Tamara Blake,matthewsjoe@example.com,30,0,2,2,2024-09-16,Python Course 10,6,2,10
2511,989,36,2024-12-15,32.43,67,41.17,5,Alexandra Lloyd,fritzerica@example.com,29,0,0,6,2025-06-19,Computer Vision Course 36,2,0,77
2512,828,21,2024-12-23,84.92,2255,88.73,3,Melissa Moore,bryanthompson@example.org,29,1,0,5,2025-11-26,Data Science Course 21,0,0,66
2513,83,40,2026-02-20,77.79,4046,40.54,1,Gary Leonard,jimenezcharles@example.com,24,1,1,4,2026-03-09,Machine Learning Course 40,2,2,64
2514,105,26,2026-01-06,96.71,4924,63.77,4,Katherine Gonzalez,laurensullivan@example.com,32,0,1,1,2025-03-28,Computer Vision Course 26,7,1,22
2515,839,22,2025-04-01,52.87,4312,43.01,4,Annette Miller,randyoneal@example.net,35,0,1,6,2025-08-11,Computer Vision Course 22,0,2,49
2516,962,35,2025-06-02,43.64,2444,74.19,3,Joseph Richardson,ronald83@example.org,22,1,0,6,2024-09-08,NLP Course 35,1,0,70
2517,120,47,2026-06-30,66.16,4156,75.73,5,Ashley Kelley,michelletaylor@example.org,18,0,2,4,2026-02-20,SQL Course 47,5,2,40
2518,206,7,2026-06-15,45.92,2845,95.45,5,Joann Thompson,michael30@example.net,25,0,2,0,2024-10-25,Data Science Course 7,6,1,62
2519,601,24,2025-02-17,51.19,3094,44.21,2,Kristina Braun,ffox@example.com,22,1,0,2,2025-02-13,Computer Vision Course 24,5,2,21
2520,604,42,2024-09-29,81.86,1853,56.79,1,Brandon Williams,erodgers@example.org,33,0,0,2,2026-06-19,NLP Course 42,0,0,75
2521,812,4,2024-08-16,61.64,2264,81.64,1,Patricia Bennett,smiller@example.net,30,1,2,6,2024-07-25,Power BI Course 4,1,0,23
2522,596,17,2025-03-04,63.87,951,87.88,3,Melissa Wright,richardwells@example.org,25,0,0,0,2026-05-15,Deep Learning Course 17,1,0,22
2523,573,20,2026-03-25,64.02,4966,85.73,4,Alejandro Webb,hbrewer@example.net,25,0,0,2,2025-04-09,Data Science Course 20,3,1,50
2524,231,45,2026-04-10,61.87,3392,95.68,2,Emily Lester,ogardner@example.org,18,1,0,2,2025-04-10,Power BI Course 45,0,1,69
2525,883,45,2026-03-14,38.62,711,47.14,4,Samantha Glass,trevor64@example.org,27,1,1,2,2025-08-23,Power BI Course 45,0,1,69
2526,381,5,2025-03-27,22.55,1671,46.61,2,Patricia Fowler,watsonbarbara@example.org,19,0,0,7,2024-10-03,Computer Vision Course 5,6,1,55
2527,600,7,2024-09-22,22.08,1694,52.3,3,Jennifer Burke,christinebrown@example.com,21,0,0,4,2025-04-16,Data Science Course 7,6,1,62
2528,982,47,2026-07-04,89.4,420,61.0,3,Troy Rodriguez,rickyvasquez@example.com,28,1,2,4,2026-06-05,SQL Course 47,5,2,40
2529,989,41,2025-02-13,50.55,2744,68.98,4,Alexandra Lloyd,fritzerica@example.com,29,0,0,6,2025-06-19,Machine Learning Course 41,1,2,72
2530,209,17,2024-07-20,99.31,1166,51.47,5,Brenda Lopez,lindseygonzalez@example.net,32,0,0,2,2025-04-09,Deep Learning Course 17,1,0,22
2531,690,31,2025-04-25,79.07,2189,78.32,3,Mrs. Elizabeth Thomas MD,vvelazquez@example.net,27,0,2,0,2025-03-04,Computer Vision Course 31,4,0,67
2532,139,3,2025-10-08,72.18,218,99.91,2,Benjamin Romero,mcrawford@example.com,33,1,2,5,2024-12-11,Python Course 3,3,2,52
2533,70,34,2025-07-14,68.52,3269,73.77,5,Jeremy Powell,wmurphy@example.net,27,1,2,5,2025-05-07,SQL Course 34,6,2,57
2534,220,28,2026-06-18,41.88,2100,58.06,4,Robert Hughes,qmcintosh@example.org,22,1,1,3,2026-03-10,SQL Course 28,5,0,57
2535,587,13,2025-11-25,81.66,1579,96.52,1,Sarah Bender,wspencer@example.net,33,1,1,0,2026-05-17,SQL Course 13,7,1,41
2536,324,37,2025-08-20,97.61,792,45.91,5,Janice Brown,matthewcooley@example.org,26,1,0,6,2026-07-06,SQL Course 37,0,0,38
2537,814,40,2026-03-27,55.87,4215,70.77,3,Lauren Jackson,savannahhoover@example.com,20,0,1,6,2025-10-29,Machine Learning Course 40,2,2,64
2538,461,39,2026-01-12,24.92,502,49.76,3,Teresa Anthony,danielthornton@example.com,34,1,0,7,2025-12-10,Power BI Course 39,4,2,33
2539,961,2,2026-05-29,43.18,1149,42.84,1,Christina Heath,ashleysmith@example.com,32,0,2,0,2025-08-23,Data Science Course 2,1,0,41
2540,789,3,2026-06-27,90.31,4166,96.27,2,Brandy Joseph,wellstravis@example.org,22,1,2,7,2024-10-09,Python Course 3,3,2,52
2541,648,29,2025-07-19,20.29,4198,57.61,1,Jessica Woods,jasmine92@example.com,25,1,0,2,2025-06-18,Data Science Course 29,2,2,62
2542,675,46,2025-10-21,33.18,4120,42.31,5,Phyllis French,elizabeth69@example.org,26,0,0,0,2025-01-23,NLP Course 46,3,0,48
2543,367,4,2025-03-31,41.71,2069,85.57,3,Jason Ball,oharrell@example.com,30,0,1,1,2025-10-28,Power BI Course 4,1,0,23
2544,880,14,2025-05-06,78.3,2858,73.97,2,Jessica Williams,thomasstafford@example.com,30,1,0,4,2025-02-09,Python Course 14,1,1,43
2545,71,47,2025-01-11,94.89,618,84.35,1,Sharon Weber,oschultz@example.net,35,1,0,1,2024-09-21,SQL Course 47,5,2,40
2546,685,41,2026-05-17,82.76,3004,44.15,4,Richard Jones,rberry@example.org,25,1,2,6,2025-10-16,Machine Learning Course 41,1,2,72
2547,116,6,2025-12-16,98.08,3490,93.86,1,Christopher Williams,ellisricardo@example.com,27,0,1,3,2026-01-11,Python Course 6,2,1,11
2548,872,27,2025-11-10,39.48,4499,61.22,4,Michelle Garcia,gouldjessica@example.net,18,0,2,5,2024-07-28,Computer Vision Course 27,5,0,70
2549,560,37,2024-12-15,80.07,3024,66.22,5,Jennifer Malone,rhonda12@example.com,19,0,1,6,2026-03-06,SQL Course 37,0,0,38
2550,675,50,2024-12-07,73.12,3112,57.27,2,Phyllis French,elizabeth69@example.org,26,0,0,0,2025-01-23,Python Course 50,3,1,46
2551,240,24,2025-11-27,53.83,3769,65.21,1,Haley Watson,osimpson@example.net,33,0,1,7,2026-07-07,Computer Vision Course 24,5,2,21
2552,783,35,2024-11-26,72.09,484,54.93,4,Shane Bentley,lindsaypruitt@example.org,27,0,2,7,2025-03-09,NLP Course 35,1,0,70
2553,145,5,2024-09-16,86.83,137,58.96,2,Maria Santos,jocelynbrady@example.net,23,0,1,3,2025-09-23,Computer Vision Course 5,6,1,55
2554,815,11,2026-06-14,90.02,1314,41.19,5,Kara Hayes,william88@example.com,31,1,0,0,2025-08-01,SQL Course 11,0,0,15
2555,197,33,2026-06-02,66.53,4445,57.21,4,Sherry Maynard,william07@example.com,30,0,1,7,2025-09-15,Power BI Course 33,7,1,58
2556,832,21,2025-03-07,85.18,3435,66.93,5,Ryan Kane,lblankenship@example.com,24,1,1,1,2026-01-31,Data Science Course 21,0,0,66
2557,727,12,2025-12-03,33.71,3372,87.4,4,Sandy Hicks,gregoryholland@example.com,26,1,2,7,2026-03-14,Deep Learning Course 12,5,2,57
2558,270,48,2025-12-20,68.11,4348,69.24,3,Travis Howard,dianabrown@example.org,24,0,1,4,2026-03-07,Power BI Course 48,7,2,62
2559,189,48,2025-10-30,34.5,4418,59.36,3,Patricia Ramirez,destiny22@example.org,23,1,0,4,2025-08-25,Power BI Course 48,7,2,62
2560,317,14,2025-09-02,82.94,2659,87.22,3,Theresa Nixon,thompsonbrett@example.com,35,1,2,0,2026-07-05,Python Course 14,1,1,43
2561,79,36,2025-05-07,77.74,4602,71.0,2,Amanda Alvarez,irichardson@example.net,25,0,0,7,2024-09-26,Computer Vision Course 36,2,0,77
2562,185,3,2024-12-12,45.36,4091,43.42,1,Gary Martinez,alowe@example.com,32,0,0,6,2025-01-14,Python Course 3,3,2,52
2563,976,37,2025-04-15,70.57,598,45.29,4,James Mcbride,asmith@example.com,28,0,2,4,2026-05-29,SQL Course 37,0,0,38
2564,128,35,2024-12-13,28.24,4313,79.23,4,Kathryn Ruiz,mossjoseph@example.net,32,0,0,2,2025-11-11,NLP Course 35,1,0,70
2565,128,44,2026-01-05,41.75,2431,76.34,5,Kathryn Ruiz,mossjoseph@example.net,32,0,0,2,2025-11-11,Computer Vision Course 44,1,2,29
2566,968,33,2024-12-07,50.27,1166,96.93,1,Laura Reynolds,robertsnicole@example.com,32,0,2,0,2024-09-29,Power BI Course 33,7,1,58
2567,349,13,2024-08-18,69.27,4453,49.45,3,Mark Elliott,hendersonsean@example.org,27,0,2,5,2025-06-23,SQL Course 13,7,1,41
2568,34,7,2025-04-10,25.11,4134,48.88,1,Shawn Tapia,alec76@example.org,31,0,1,1,2024-08-12,Data Science Course 7,6,1,62
2569,90,1,2025-04-02,46.94,4230,73.21,2,Marissa Young,waterscassie@example.com,28,1,0,6,2024-07-18,Power BI Course 1,3,1,21
2570,986,10,2025-06-09,79.0,4540,44.8,1,Willie Martinez,steven69@example.net,34,1,1,4,2026-06-20,Python Course 10,6,2,10
2571,205,35,2025-07-23,68.53,4322,91.88,1,Stephanie Bailey,mooremelanie@example.net,22,0,2,0,2024-09-01,NLP Course 35,1,0,70
2572,593,28,2026-04-19,54.62,4904,43.3,3,Amanda Smith,xavierparsons@example.com,26,1,1,5,2025-02-19,SQL Course 28,5,0,57
2573,926,8,2026-01-14,78.89,3347,76.69,2,Reginald Moore,tammyhicks@example.org,22,0,1,0,2025-03-19,Python Course 8,1,2,38
2574,157,29,2025-10-16,34.63,1513,82.86,3,Taylor Davis,churchbrian@example.org,31,1,1,3,2026-05-18,Data Science Course 29,2,2,62
2575,228,6,2025-12-09,31.03,3311,65.19,5,Renee Thompson,thompsonlauren@example.org,22,0,1,6,2025-09-07,Python Course 6,2,1,11
2576,903,9,2025-12-03,88.3,4118,74.36,3,Lee Ramirez,jenkinscaitlin@example.com,34,0,2,1,2024-10-28,SQL Course 9,6,0,47
2577,516,10,2025-11-13,42.28,2640,99.48,5,Ryan Olson,camposheather@example.com,19,0,0,7,2024-11-28,Python Course 10,6,2,10
2578,65,8,2025-01-10,49.68,3073,80.81,3,David Wilson,davisjacob@example.com,19,0,1,1,2024-08-05,Python Course 8,1,2,38
2579,563,46,2024-08-21,65.28,1682,51.42,2,Philip White,vcortez@example.com,35,1,1,1,2024-10-22,NLP Course 46,3,0,48
2580,112,31,2026-04-13,45.46,4501,93.37,3,Tyler May,rduncan@example.net,28,0,1,7,2024-08-26,Computer Vision Course 31,4,0,67
2581,398,12,2026-05-07,33.16,1177,83.37,4,Ricardo Garcia,tmorris@example.net,31,0,0,5,2025-10-18,Deep Learning Course 12,5,2,57
2582,379,6,2024-09-09,90.19,2200,81.74,2,Travis Hatfield,wbush@example.org,18,1,1,4,2025-03-17,Python Course 6,2,1,11
2583,980,18,2026-03-01,78.36,2297,46.3,2,Carlos Harris,derrick77@example.org,26,0,0,0,2024-11-28,Machine Learning Course 18,0,0,25
2584,398,19,2025-01-22,83.28,4374,71.65,5,Ricardo Garcia,tmorris@example.net,31,0,0,5,2025-10-18,Machine Learning Course 19,0,0,37
2585,804,9,2025-04-18,36.84,3239,81.04,1,Jacob Jackson,james88@example.com,26,0,1,5,2026-03-01,SQL Course 9,6,0,47
2586,496,26,2025-10-10,68.67,3753,68.07,5,Brandon Mitchell,leroygordon@example.org,33,1,2,4,2025-12-12,Computer Vision Course 26,7,1,22
2587,624,10,2026-06-21,94.27,3803,70.23,3,Deborah Walker,joseph14@example.net,29,1,2,2,2026-06-16,Python Course 10,6,2,10
2588,705,46,2024-09-07,51.05,952,93.8,1,Miranda Stephens,aprilhall@example.com,26,1,2,7,2025-03-22,NLP Course 46,3,0,48
2589,729,17,2024-10-24,36.28,2672,40.29,3,Miss Crystal Lee,johnsonshawn@example.org,33,1,2,1,2026-04-20,Deep Learning Course 17,1,0,22
2590,329,36,2026-03-08,46.87,2193,46.19,4,James Stevenson,cathy21@example.com,29,0,2,1,2025-05-07,Computer Vision Course 36,2,0,77
2591,658,10,2024-11-03,29.86,2211,88.94,2,Emily Small,jacqueline94@example.com,22,0,1,3,2025-06-26,Python Course 10,6,2,10
2592,896,20,2026-03-24,50.11,2676,55.24,4,Linda Collins,starkamanda@example.com,21,0,2,7,2025-01-15,Data Science Course 20,3,1,50
2593,984,34,2026-06-24,97.72,2019,50.03,1,Brian Hall,samanthaodom@example.org,27,1,0,5,2024-07-27,SQL Course 34,6,2,57
2594,559,5,2025-11-14,61.25,1912,59.93,2,Teresa Pearson,walterrubio@example.net,29,0,2,5,2025-10-29,Computer Vision Course 5,6,1,55
2595,872,15,2025-07-19,78.82,4939,95.68,2,Michelle Garcia,gouldjessica@example.net,18,0,2,5,2024-07-28,Data Science Course 15,6,1,75
2596,132,48,2025-01-02,94.62,4406,55.88,2,Andrew Campos,christopherharrington@example.org,35,0,1,2,2024-12-30,Power BI Course 48,7,2,62
2597,239,5,2024-07-30,73.71,2620,84.31,5,Juan Johnson,jonesgary@example.com,28,0,0,5,2025-04-07,Computer Vision Course 5,6,1,55
2598,153,9,2026-01-13,38.6,3547,57.83,1,Shannon Wilkerson,thomasstephanie@example.org,33,1,1,0,2024-12-07,SQL Course 9,6,0,47
2599,15,50,2025-08-14,97.23,3456,97.28,4,John Rice,jasonho@example.com,27,1,1,6,2024-12-14,Python Course 50,3,1,46
2600,994,14,2024-10-03,23.43,715,85.18,3,Peter Maxwell,evansmaria@example.net,29,1,2,0,2025-11-15,Python Course 14,1,1,43
2601,254,45,2024-08-25,83.9,2209,41.1,1,Kyle Hobbs,jesse87@example.com,24,0,0,3,2026-03-15,Power BI Course 45,0,1,69
2602,553,36,2026-07-02,59.39,853,97.62,3,Martha Lee,hcampbell@example.net,32,0,2,1,2025-11-07,Computer Vision Course 36,2,0,77
2603,178,48,2026-04-13,55.46,3606,67.77,4,Mallory Maldonado,acostatrevor@example.net,33,0,1,1,2024-09-05,Power BI Course 48,7,2,62
2604,552,39,2025-01-29,66.46,2721,75.32,1,Leslie Alvarado,riveramariah@example.net,21,0,0,4,2026-02-16,Power BI Course 39,4,2,33
2605,156,40,2024-11-12,79.11,4818,96.1,4,Sarah Griffin,nancy95@example.net,24,0,0,0,2026-02-20,Machine Learning Course 40,2,2,64
2606,193,39,2026-04-19,91.83,2736,55.19,4,Gregory Maldonado,reyesjoseph@example.com,35,0,0,3,2025-02-14,Power BI Course 39,4,2,33
2607,116,42,2025-04-21,48.1,1293,59.31,4,Christopher Williams,ellisricardo@example.com,27,0,1,3,2026-01-11,NLP Course 42,0,0,75
2608,988,33,2025-04-22,94.01,2360,55.53,1,Jonathan Jackson,kelly34@example.net,34,1,1,1,2025-08-28,Power BI Course 33,7,1,58
2609,332,30,2024-12-23,38.91,1359,54.68,5,Drew Osborne,martinjulie@example.org,32,1,0,5,2025-10-13,Machine Learning Course 30,1,2,60
2610,759,48,2025-01-19,25.45,2482,62.64,1,Matthew Lopez,janetbrown@example.net,32,0,0,7,2026-02-11,Power BI Course 48,7,2,62
2611,306,49,2025-03-31,89.51,4499,81.28,3,Timothy Buckley,warewesley@example.org,18,1,1,4,2025-09-07,SQL Course 49,4,1,62
2612,828,10,2025-08-15,62.06,1611,62.92,3,Melissa Moore,bryanthompson@example.org,29,1,0,5,2025-11-26,Python Course 10,6,2,10
2613,2,18,2025-07-01,24.87,4188,56.6,2,Sandra Gonzalez,amandacampos@example.org,32,0,1,7,2024-10-04,Machine Learning Course 18,0,0,25
2614,47,25,2026-03-29,80.01,381,46.12,2,Shannon Martinez,karensampson@example.net,28,1,0,2,2026-04-13,Data Science Course 25,7,1,51
2615,748,35,2024-09-17,73.94,4368,98.91,2,Denise Phillips,mmontgomery@example.com,27,0,2,3,2025-07-26,NLP Course 35,1,0,70
2616,276,30,2026-01-10,41.36,1121,78.37,1,Brandon White,lisamunoz@example.net,35,1,0,4,2025-03-05,Machine Learning Course 30,1,2,60
2617,209,15,2026-02-19,49.53,3079,89.72,4,Brenda Lopez,lindseygonzalez@example.net,32,0,0,2,2025-04-09,Data Science Course 15,6,1,75
2618,941,44,2024-09-12,76.25,2515,99.14,3,Christian Thompson,cooleymichael@example.net,20,1,0,6,2026-04-02,Computer Vision Course 44,1,2,29
2619,305,17,2026-02-11,27.26,3080,92.39,5,Brandon Miller,autumnlynch@example.net,25,1,0,3,2024-08-23,Deep Learning Course 17,1,0,22
2620,634,31,2025-11-21,59.45,1027,56.71,3,Bryce Middleton,smithtom@example.net,20,0,1,2,2025-10-25,Computer Vision Course 31,4,0,67
2621,297,10,2024-08-26,96.9,900,79.63,3,Heather Brady,jmartin@example.org,27,0,2,1,2025-02-28,Python Course 10,6,2,10
2622,31,42,2025-07-29,95.15,1972,43.29,2,Theresa Stephenson,zhull@example.org,31,0,2,1,2024-09-05,NLP Course 42,0,0,75
2623,599,50,2026-05-29,62.95,3532,45.38,4,Tina Black,laura24@example.com,27,1,2,4,2025-11-18,Python Course 50,3,1,46
2624,888,15,2025-06-17,70.28,2994,62.15,3,Terry Bell,kwilliams@example.org,23,0,0,6,2024-09-15,Data Science Course 15,6,1,75
2625,931,44,2026-07-02,87.16,1939,72.86,5,Mary Baker,ltorres@example.org,34,1,1,6,2024-08-29,Computer Vision Course 44,1,2,29
2626,686,21,2025-05-26,39.04,359,80.79,5,Stacey Deleon,wgarcia@example.com,25,0,1,7,2026-04-04,Data Science Course 21,0,0,66
2627,524,24,2024-10-03,61.7,917,68.23,5,Lauren Howard,walter27@example.org,19,1,0,1,2024-09-10,Computer Vision Course 24,5,2,21
2628,707,31,2025-01-11,85.65,1524,97.31,2,Kenneth Pitts,susanpage@example.org,29,0,1,4,2024-12-02,Computer Vision Course 31,4,0,67
2629,829,31,2025-09-01,50.64,2859,80.82,3,Michele Green,christine13@example.org,23,0,1,3,2024-08-29,Computer Vision Course 31,4,0,67
2630,400,10,2026-06-15,37.53,1360,86.6,4,Joseph Garza,cesarnunez@example.com,29,0,0,1,2024-08-15,Python Course 10,6,2,10
2631,691,33,2025-01-25,29.75,1661,48.63,2,Dean Preston,keith25@example.net,25,0,1,5,2025-06-01,Power BI Course 33,7,1,58
2632,553,38,2024-09-27,59.38,3470,66.1,3,Martha Lee,hcampbell@example.net,32,0,2,1,2025-11-07,Computer Vision Course 38,4,0,32
2633,184,48,2026-05-29,89.1,389,99.28,4,Francisco Mcclain,rowebethany@example.org,22,0,0,3,2024-09-10,Power BI Course 48,7,2,62
2634,717,32,2024-11-09,97.95,895,42.4,1,Ryan Williams,xmarks@example.com,32,0,2,7,2026-01-28,SQL Course 32,2,1,41
2635,375,37,2026-03-06,50.64,3532,63.03,5,Jose George,hernandezrichard@example.com,25,1,0,5,2025-06-11,SQL Course 37,0,0,38
2636,387,32,2024-11-08,29.21,3494,92.08,5,Robert Wright,allisondavis@example.org,27,1,2,2,2026-02-13,SQL Course 32,2,1,41
2637,347,28,2026-03-23,30.75,1877,41.35,2,Paul Haynes,amanda82@example.com,18,1,2,4,2025-11-16,SQL Course 28,5,0,57
2638,90,20,2025-08-01,33.48,353,65.94,1,Marissa Young,waterscassie@example.com,28,1,0,6,2024-07-18,Data Science Course 20,3,1,50
2639,104,39,2025-04-14,47.75,2913,65.97,2,Steven Goodman,dillon30@example.net,29,0,1,6,2025-08-19,Power BI Course 39,4,2,33
2640,368,32,2024-12-19,88.54,715,50.21,2,Tammy Ibarra,cynthiamorris@example.net,20,1,0,3,2025-09-18,SQL Course 32,2,1,41
2641,561,4,2025-03-28,56.47,1002,98.19,5,Edward Benson,gskinner@example.net,18,1,0,6,2025-03-01,Power BI Course 4,1,0,23
2642,594,15,2025-07-01,96.17,3577,43.56,5,Jennifer Greene,nrusso@example.org,34,0,0,3,2025-07-27,Data Science Course 15,6,1,75
2643,221,7,2026-01-08,96.22,2217,61.02,5,Denise Davis,lisa35@example.net,27,0,0,1,2024-10-23,Data Science Course 7,6,1,62
2644,407,16,2025-04-08,67.66,4437,65.47,5,Claire Shaw,dlynn@example.net,33,1,1,5,2025-05-20,Deep Learning Course 16,5,0,68
2645,48,12,2025-07-09,37.12,3026,46.63,3,Gabriela Smith,cookdaniel@example.net,32,0,2,6,2024-08-27,Deep Learning Course 12,5,2,57
2646,957,6,2024-10-26,99.26,1972,90.32,3,Megan Cooper,sheila97@example.com,22,1,1,3,2024-12-30,Python Course 6,2,1,11
2647,700,14,2026-06-23,49.84,2780,65.34,3,Lisa Gonzalez,freemandawn@example.org,20,1,0,0,2025-06-27,Python Course 14,1,1,43
2648,10,40,2025-10-11,63.94,2808,88.89,1,Jennifer Mayer,yschaefer@example.org,23,1,1,5,2024-12-02,Machine Learning Course 40,2,2,64
2649,933,34,2025-02-19,43.19,4328,75.15,5,Katie Allen,ortizchristine@example.net,31,1,0,1,2025-04-02,SQL Course 34,6,2,57
2650,133,18,2026-01-07,31.49,1927,79.38,3,Kevin Ward,kimberly51@example.org,21,0,2,3,2025-01-10,Machine Learning Course 18,0,0,25
2651,927,15,2025-04-27,58.4,3992,70.97,5,Kevin Brown,qjohnson@example.net,23,0,0,7,2026-06-05,Data Science Course 15,6,1,75
2652,3,50,2026-07-09,92.29,865,65.15,4,Ashley Osborne DDS,michaelsanchez@example.org,22,1,0,5,2024-10-18,Python Course 50,3,1,46
2653,972,16,2026-05-25,67.12,1705,65.1,1,Kelly Webb,jenniferboone@example.com,28,0,1,1,2025-11-22,Deep Learning Course 16,5,0,68
2654,510,29,2026-07-01,21.73,948,46.4,1,Bradley Jenkins,lindakelly@example.net,22,0,2,2,2026-02-26,Data Science Course 29,2,2,62
2655,510,35,2025-07-11,28.34,413,54.57,4,Bradley Jenkins,lindakelly@example.net,22,0,2,2,2026-02-26,NLP Course 35,1,0,70
2656,348,2,2025-05-21,50.67,3547,77.73,3,Michael Johnson,waustin@example.org,24,1,1,5,2024-09-18,Data Science Course 2,1,0,41
2657,618,26,2025-11-29,59.26,3075,51.1,2,Samantha Jimenez,annhicks@example.com,29,0,0,5,2024-08-18,Computer Vision Course 26,7,1,22
2658,41,24,2026-06-04,35.13,4903,55.76,2,Kelly Harris,amandahall@example.com,29,1,2,3,2025-10-31,Computer Vision Course 24,5,2,21
2659,661,40,2025-06-21,33.24,2987,78.5,5,Nathan Luna,lferguson@example.org,22,0,2,2,2025-12-31,Machine Learning Course 40,2,2,64
2660,667,16,2026-04-14,98.31,1203,95.51,1,James Thompson,melissa31@example.net,20,1,1,1,2025-04-30,Deep Learning Course 16,5,0,68
2661,520,7,2026-06-17,30.6,3256,40.14,2,Kyle Proctor,catherine45@example.net,35,0,1,1,2026-07-09,Data Science Course 7,6,1,62
2662,327,28,2026-04-28,85.71,3871,69.63,2,Denise Mclaughlin,derek59@example.org,18,0,0,7,2025-12-25,SQL Course 28,5,0,57
2663,51,22,2025-11-01,22.7,4880,78.29,4,Shannon Sullivan,iturner@example.org,26,0,2,6,2025-07-25,Computer Vision Course 22,0,2,49
2664,950,19,2024-08-11,35.93,2569,47.58,3,Jennifer Martinez,jonestodd@example.org,23,1,2,4,2026-07-06,Machine Learning Course 19,0,0,37
2665,378,35,2024-08-25,44.51,381,97.65,5,Julie Thornton,sgriffin@example.com,29,0,0,0,2025-10-07,NLP Course 35,1,0,70
2666,845,5,2025-02-24,94.46,1534,47.3,3,John Rodgers,natalie21@example.org,19,1,1,6,2025-05-23,Computer Vision Course 5,6,1,55
2667,220,19,2024-08-20,77.46,3430,62.84,5,Robert Hughes,qmcintosh@example.org,22,1,1,3,2026-03-10,Machine Learning Course 19,0,0,37
2668,238,1,2025-03-04,26.66,2342,91.68,2,Raymond Johnson,petersonryan@example.net,35,0,1,7,2024-08-01,Power BI Course 1,3,1,21
2669,964,34,2026-03-17,88.37,4870,41.16,4,Matthew Townsend MD,blackjames@example.com,34,1,2,7,2025-02-09,SQL Course 34,6,2,57
2670,839,27,2026-02-01,58.38,1526,74.42,3,Annette Miller,randyoneal@example.net,35,0,1,6,2025-08-11,Computer Vision Course 27,5,0,70
2671,180,26,2024-12-16,71.55,360,84.35,2,Shawn Owens,michael81@example.net,32,0,2,7,2026-06-24,Computer Vision Course 26,7,1,22
2672,715,18,2025-11-15,51.59,773,60.97,5,Jessica Walters,james98@example.org,33,1,2,6,2025-05-26,Machine Learning Course 18,0,0,25
2673,116,39,2025-03-13,88.74,96,48.97,1,Christopher Williams,ellisricardo@example.com,27,0,1,3,2026-01-11,Power BI Course 39,4,2,33
2674,51,5,2024-10-11,42.9,467,81.17,1,Shannon Sullivan,iturner@example.org,26,0,2,6,2025-07-25,Computer Vision Course 5,6,1,55
2675,237,7,2025-07-30,30.82,1401,94.57,1,Robert Nelson,teresaallen@example.com,22,0,2,1,2024-09-18,Data Science Course 7,6,1,62
2676,391,10,2025-04-26,89.14,4049,82.95,1,Ricky Gonzalez,terrence79@example.org,32,1,0,1,2025-03-27,Python Course 10,6,2,10
2677,113,27,2026-07-01,91.65,3518,48.0,2,Linda Moreno,joshua95@example.net,25,0,1,1,2025-10-11,Computer Vision Course 27,5,0,70
2678,448,15,2025-10-29,44.73,646,59.32,1,Gary Green,michaelcoleman@example.com,22,0,0,7,2025-05-04,Data Science Course 15,6,1,75
2679,468,39,2024-07-21,82.31,1497,73.26,2,Christopher Murphy,ohenson@example.net,29,1,1,7,2025-05-08,Power BI Course 39,4,2,33
2680,349,28,2025-01-09,54.16,4046,59.3,1,Mark Elliott,hendersonsean@example.org,27,0,2,5,2025-06-23,SQL Course 28,5,0,57
2681,19,13,2026-03-22,29.05,1002,71.6,5,Troy Jones,lcallahan@example.com,25,1,0,6,2024-12-10,SQL Course 13,7,1,41
2682,814,16,2026-04-29,27.09,361,88.5,5,Lauren Jackson,savannahhoover@example.com,20,0,1,6,2025-10-29,Deep Learning Course 16,5,0,68
2683,259,40,2024-12-22,62.04,4847,80.19,5,Monica Andrews,susan00@example.net,29,1,2,5,2025-11-11,Machine Learning Course 40,2,2,64
2684,412,25,2024-09-10,63.86,376,80.59,5,Zachary Torres,michaelclark@example.com,23,1,2,0,2025-02-03,Data Science Course 25,7,1,51
2685,432,26,2024-08-15,41.51,1058,43.47,3,Thomas Ward,larrysantiago@example.com,34,1,0,0,2026-02-27,Computer Vision Course 26,7,1,22
2686,365,8,2024-12-22,42.46,434,51.25,4,Curtis Stevenson,diana11@example.net,33,0,0,5,2025-06-07,Python Course 8,1,2,38
2687,337,18,2024-10-13,71.76,4143,44.56,2,Andrea Davidson,cherylsherman@example.net,33,0,1,6,2025-07-17,Machine Learning Course 18,0,0,25
2688,654,3,2025-04-02,92.15,1125,43.2,2,Lisa Parker,william38@example.net,35,1,1,0,2026-07-08,Python Course 3,3,2,52
2689,636,33,2025-02-23,33.38,2476,49.6,4,Jamie Becker,cbentley@example.net,21,1,2,3,2024-11-27,Power BI Course 33,7,1,58
2690,113,25,2025-10-17,49.31,4747,74.13,1,Linda Moreno,joshua95@example.net,25,0,1,1,2025-10-11,Data Science Course 25,7,1,51
2691,25,8,2025-05-14,73.3,3400,48.81,4,Yolanda Sosa,christopherdaniels@example.com,25,0,2,5,2025-03-21,Python Course 8,1,2,38
2692,284,5,2025-09-12,92.26,3366,73.96,5,Kathleen Horn,daniel52@example.com,18,1,0,6,2026-06-10,Computer Vision Course 5,6,1,55
2693,27,27,2026-06-14,61.76,3116,69.74,3,Ashley Lawrence,claytonwilliam@example.com,28,0,0,1,2025-03-13,Computer Vision Course 27,5,0,70
2694,595,8,2025-07-26,97.97,2085,90.68,2,Charles Chen,rdavis@example.org,24,0,2,6,2024-10-18,Python Course 8,1,2,38
2695,458,5,2024-07-20,99.33,986,64.71,5,Jeanette Montes,tiffanymiller@example.com,20,1,0,6,2026-02-18,Computer Vision Course 5,6,1,55
2696,563,19,2024-09-28,74.04,3482,68.6,3,Philip White,vcortez@example.com,35,1,1,1,2024-10-22,Machine Learning Course 19,0,0,37
2697,741,40,2025-05-25,41.22,505,79.01,5,Alyssa Thomas,ryan56@example.net,19,1,2,6,2024-09-07,Machine Learning Course 40,2,2,64
2698,298,11,2026-01-15,35.68,3233,74.44,1,Heather Silva,brittany91@example.com,19,1,2,7,2026-06-13,SQL Course 11,0,0,15
2699,335,10,2026-04-24,97.53,2752,57.93,3,Julia Villanueva,fredericknicole@example.org,21,0,0,4,2024-09-09,Python Course 10,6,2,10
2700,710,35,2025-03-08,21.09,4709,48.34,2,Daniel Miller,madams@example.org,20,0,2,0,2024-10-18,NLP Course 35,1,0,70
2701,682,4,2025-12-26,43.63,3919,40.96,2,Sharon Gill,joshua92@example.net,33,1,0,4,2025-03-10,Power BI Course 4,1,0,23
2702,940,19,2025-12-17,54.06,4016,57.06,5,Hailey Wheeler,garzajennifer@example.com,30,0,2,6,2026-03-23,Machine Learning Course 19,0,0,37
2703,734,20,2024-12-04,97.25,1526,71.51,3,Robert Richmond,williamsrichard@example.net,20,0,0,3,2024-08-01,Data Science Course 20,3,1,50
2704,221,1,2025-11-23,86.93,2998,62.75,3,Denise Davis,lisa35@example.net,27,0,0,1,2024-10-23,Power BI Course 1,3,1,21
2705,845,33,2026-06-05,68.79,1603,45.38,4,John Rodgers,natalie21@example.org,19,1,1,6,2025-05-23,Power BI Course 33,7,1,58
2706,349,39,2026-01-24,40.71,2255,84.31,5,Mark Elliott,hendersonsean@example.org,27,0,2,5,2025-06-23,Power BI Course 39,4,2,33
2707,595,5,2026-01-07,22.57,1493,84.83,4,Charles Chen,rdavis@example.org,24,0,2,6,2024-10-18,Computer Vision Course 5,6,1,55
2708,174,30,2025-02-05,96.55,201,42.01,4,Laura Wolfe,alejandrowalton@example.com,29,1,1,5,2026-02-01,Machine Learning Course 30,1,2,60
2709,721,45,2026-01-25,95.3,1237,67.8,3,Victoria Herrera,taylorallison@example.net,32,0,0,2,2024-12-25,Power BI Course 45,0,1,69
2710,963,49,2024-07-17,89.26,3530,48.28,3,Gina Collins,bakertheresa@example.org,26,1,1,1,2024-09-07,SQL Course 49,4,1,62
2711,635,40,2026-01-16,98.61,1144,77.1,4,Ralph Carpenter,tiffany02@example.net,30,0,1,7,2025-10-08,Machine Learning Course 40,2,2,64
2712,467,42,2025-02-11,24.48,1337,77.43,5,Ms. Sandra Perez,mmcdonald@example.com,33,0,2,7,2025-08-27,NLP Course 42,0,0,75
2713,779,49,2024-09-02,46.2,393,79.35,5,Jennifer Stevenson,jennifer01@example.org,29,1,0,0,2025-11-13,SQL Course 49,4,1,62
2714,181,26,2026-06-13,62.16,3761,44.44,5,Brian Mcconnell,jamesdixon@example.net,28,1,1,7,2026-04-02,Computer Vision Course 26,7,1,22
2715,741,2,2025-01-20,96.52,2644,96.84,4,Alyssa Thomas,ryan56@example.net,19,1,2,6,2024-09-07,Data Science Course 2,1,0,41
2716,541,13,2025-06-03,84.96,2077,50.16,2,William Jimenez,andrew32@example.com,29,0,1,5,2026-01-18,SQL Course 13,7,1,41
2717,4,27,2026-02-25,67.49,1226,99.03,3,Donna Bennett DDS,analewis@example.net,20,1,0,7,2025-07-28,Computer Vision Course 27,5,0,70
2718,943,34,2026-04-11,75.85,4438,71.45,3,Mark Ayala,xbenton@example.org,20,0,1,0,2024-07-23,SQL Course 34,6,2,57
2719,959,3,2025-11-21,40.32,1446,99.12,3,Brandon Hansen,nicole94@example.org,32,1,2,0,2025-04-19,Python Course 3,3,2,52
2720,688,32,2025-03-31,53.42,2091,89.29,3,Kelly Torres,shawn80@example.org,27,1,1,3,2025-08-21,SQL Course 32,2,1,41
2721,744,17,2025-05-21,51.82,4463,86.62,4,Brenda Rose,blankenshipmatthew@example.net,20,0,2,0,2026-06-24,Deep Learning Course 17,1,0,22
2722,315,50,2026-02-25,71.48,4989,99.89,5,Katie Morse,bryan97@example.org,24,0,0,2,2025-01-01,Python Course 50,3,1,46
2723,420,35,2024-09-02,45.98,4574,76.05,3,Samantha Cooper,sandraedwards@example.com,21,0,1,2,2026-06-04,NLP Course 35,1,0,70
2724,297,28,2024-11-12,93.46,2494,62.69,1,Heather Brady,jmartin@example.org,27,0,2,1,2025-02-28,SQL Course 28,5,0,57
2725,244,14,2024-12-25,70.97,2298,62.94,1,Todd Myers,don31@example.org,19,0,2,3,2026-01-24,Python Course 14,1,1,43
2726,722,7,2025-12-26,45.78,4643,83.19,4,Craig Brooks,voliver@example.net,28,0,1,2,2025-10-19,Data Science Course 7,6,1,62
2727,745,4,2024-12-11,33.29,1259,95.25,5,Christopher Collins,kayla05@example.com,22,1,0,1,2025-01-03,Power BI Course 4,1,0,23
2728,808,28,2025-04-18,24.03,1754,75.64,3,Matthew Reid,thompsonchristy@example.com,35,1,0,6,2025-07-13,SQL Course 28,5,0,57
2729,350,16,2026-04-21,95.16,306,75.78,5,Hunter Wallace,greenbryan@example.com,20,1,2,5,2025-03-09,Deep Learning Course 16,5,0,68
2730,801,4,2026-04-09,59.08,891,55.61,2,Sabrina Zavala,charles03@example.net,29,1,0,7,2025-04-07,Power BI Course 4,1,0,23
2731,587,25,2026-04-21,96.81,4680,70.22,3,Sarah Bender,wspencer@example.net,33,1,1,0,2026-05-17,Data Science Course 25,7,1,51
2732,916,10,2024-10-10,99.97,1112,93.13,4,Carlos Hardy,mroy@example.net,28,1,2,6,2025-09-27,Python Course 10,6,2,10
2733,506,15,2025-08-14,28.36,3089,41.87,5,Ricky Rodriguez,jatkinson@example.org,34,1,0,0,2026-04-08,Data Science Course 15,6,1,75
2734,266,30,2024-08-23,73.42,944,42.34,4,James Bonilla,jeffery90@example.org,18,0,0,3,2025-03-19,Machine Learning Course 30,1,2,60
2735,787,21,2025-06-22,69.24,4925,42.42,1,Amy Rose,robertsonanna@example.net,27,1,0,6,2025-02-13,Data Science Course 21,0,0,66
2736,531,36,2026-04-07,49.43,4967,46.26,5,Heather Kelly,justincombs@example.net,35,0,1,5,2024-12-15,Computer Vision Course 36,2,0,77
2737,940,33,2025-08-13,23.98,669,84.88,4,Hailey Wheeler,garzajennifer@example.com,30,0,2,6,2026-03-23,Power BI Course 33,7,1,58
2738,213,20,2026-06-13,35.09,4264,66.27,4,Jessica Oliver,thomasallison@example.com,25,0,0,5,2025-08-10,Data Science Course 20,3,1,50
2739,798,9,2025-01-30,47.82,1543,62.08,3,Carlos Nelson,xkelly@example.net,22,1,0,6,2026-01-16,SQL Course 9,6,0,47
2740,256,48,2026-06-04,92.28,2862,85.28,5,Shannon Rogers,mark58@example.org,34,0,2,1,2025-09-14,Power BI Course 48,7,2,62
2741,420,36,2025-02-07,66.96,183,54.63,5,Samantha Cooper,sandraedwards@example.com,21,0,1,2,2026-06-04,Computer Vision Course 36,2,0,77
2742,306,2,2024-10-30,39.3,3741,89.64,4,Timothy Buckley,warewesley@example.org,18,1,1,4,2025-09-07,Data Science Course 2,1,0,41
2743,406,18,2025-12-23,53.08,2856,65.7,3,Michael White,joshua19@example.com,30,0,1,5,2025-07-04,Machine Learning Course 18,0,0,25
2744,115,40,2026-04-28,86.21,209,83.64,2,Tiffany Thompson,john91@example.com,23,0,0,6,2025-10-18,Machine Learning Course 40,2,2,64
2745,562,8,2025-02-24,63.13,1726,95.12,1,Christina Wise,williamsray@example.org,31,0,1,4,2025-10-05,Python Course 8,1,2,38
2746,811,1,2025-03-27,39.61,331,66.08,4,Bryan Silva,nfigueroa@example.net,21,1,2,6,2025-09-21,Power BI Course 1,3,1,21
2747,578,44,2024-09-30,40.71,2494,46.52,3,Victoria Williams,kellis@example.com,32,0,2,1,2024-08-15,Computer Vision Course 44,1,2,29
2748,954,44,2025-05-24,83.7,560,57.09,4,Stephen Johnson,dominiquethomas@example.net,22,0,1,1,2024-11-02,Computer Vision Course 44,1,2,29
2749,281,40,2026-05-11,40.9,564,74.09,5,Jennifer Dunlap,michellenorris@example.net,19,0,2,2,2024-10-27,Machine Learning Course 40,2,2,64
2750,78,19,2026-03-09,48.94,4232,91.41,2,Nicole Moore,lewisashley@example.org,32,0,1,6,2026-01-04,Machine Learning Course 19,0,0,37
2751,954,10,2025-04-13,84.61,2577,82.88,5,Stephen Johnson,dominiquethomas@example.net,22,0,1,1,2024-11-02,Python Course 10,6,2,10
2752,84,44,2025-09-15,89.5,3880,96.29,4,Teresa Brown,wilsonjoshua@example.net,28,0,1,5,2025-12-07,Computer Vision Course 44,1,2,29
2753,734,15,2026-05-13,86.21,284,55.44,3,Robert Richmond,williamsrichard@example.net,20,0,0,3,2024-08-01,Data Science Course 15,6,1,75
2754,80,21,2026-05-29,45.52,377,53.19,1,Kathy Snyder,mccoyjeremiah@example.net,25,0,2,4,2026-01-29,Data Science Course 21,0,0,66
2755,630,18,2025-03-05,66.22,1420,71.71,4,Patricia Clark,coopertravis@example.org,31,1,1,6,2024-10-14,Machine Learning Course 18,0,0,25
2756,431,32,2026-01-27,56.76,4345,48.96,2,Kelly Galloway,edwardmartin@example.com,25,0,1,2,2025-08-21,SQL Course 32,2,1,41
2757,653,43,2025-04-08,30.67,2823,89.76,4,Jason Kennedy,eduardo15@example.org,28,0,2,5,2024-11-25,Data Science Course 43,3,2,73
2758,530,43,2026-01-29,60.8,2154,94.5,2,John Smith,haynesstephanie@example.com,25,0,0,0,2025-03-23,Data Science Course 43,3,2,73
2759,332,43,2026-05-01,34.28,3393,76.34,2,Drew Osborne,martinjulie@example.org,32,1,0,5,2025-10-13,Data Science Course 43,3,2,73
2760,344,1,2026-03-27,22.39,494,53.95,5,Alison Campbell,bdixon@example.net,27,0,2,0,2026-02-12,Power BI Course 1,3,1,21
2761,804,15,2025-02-18,82.58,3232,56.97,3,Jacob Jackson,james88@example.com,26,0,1,5,2026-03-01,Data Science Course 15,6,1,75
2762,381,19,2025-01-18,74.26,3553,74.59,1,Patricia Fowler,watsonbarbara@example.org,19,0,0,7,2024-10-03,Machine Learning Course 19,0,0,37
2763,790,19,2024-11-05,69.0,3598,65.66,1,Stephen Weaver,jgamble@example.org,31,1,1,3,2025-11-15,Machine Learning Course 19,0,0,37
2764,264,45,2026-03-02,98.66,2091,87.01,4,Rebecca Whitehead,jonesjacqueline@example.net,34,0,0,1,2026-07-03,Power BI Course 45,0,1,69
2765,987,4,2026-04-11,71.26,3688,67.15,1,Jackie Trujillo,longclinton@example.org,19,1,2,3,2026-05-29,Power BI Course 4,1,0,23
2766,385,44,2025-01-14,50.07,564,44.91,3,Harold Manning,rbarnes@example.net,29,1,0,2,2024-12-08,Computer Vision Course 44,1,2,29
2767,218,10,2024-11-10,88.21,1683,63.88,4,Jonathan Valencia,antonioparks@example.org,23,1,0,7,2025-03-22,Python Course 10,6,2,10
2768,600,5,2025-11-05,25.12,484,53.3,3,Jennifer Burke,christinebrown@example.com,21,0,0,4,2025-04-16,Computer Vision Course 5,6,1,55
2769,413,33,2024-09-19,35.03,2522,89.62,2,Andrea Fowler,butlerdarlene@example.org,19,1,1,7,2026-01-31,Power BI Course 33,7,1,58
2770,16,39,2026-02-16,96.36,2582,57.61,4,Nicole Hendricks,elizabeth27@example.com,24,0,0,2,2024-09-28,Power BI Course 39,4,2,33
2771,608,48,2024-12-30,30.86,3630,87.12,2,Beth Carrillo,simpsonalexandra@example.com,23,0,0,5,2024-09-16,Power BI Course 48,7,2,62
2772,611,5,2025-10-02,93.96,846,46.62,4,Meghan Henry,jeffshaw@example.com,20,0,2,5,2025-08-11,Computer Vision Course 5,6,1,55
2773,18,48,2026-02-09,83.21,691,78.02,5,Linda Webster,andrew18@example.net,19,1,2,1,2025-08-16,Power BI Course 48,7,2,62
2774,595,50,2024-12-14,37.94,2080,69.58,4,Charles Chen,rdavis@example.org,24,0,2,6,2024-10-18,Python Course 50,3,1,46
2775,777,1,2025-11-03,45.97,4527,50.64,5,Jennifer Scott,gcampbell@example.com,31,1,0,5,2024-12-19,Power BI Course 1,3,1,21
2776,81,33,2026-04-18,93.8,702,65.56,5,Christina Larson,sprince@example.org,27,0,2,6,2024-10-23,Power BI Course 33,7,1,58
2777,474,36,2025-10-14,62.77,4676,73.73,1,Jennifer Hall,xbauer@example.com,22,1,1,1,2026-05-17,Computer Vision Course 36,2,0,77
2778,803,1,2024-11-25,92.6,4505,82.21,1,Casey Martinez,zhogan@example.net,24,1,2,5,2025-01-20,Power BI Course 1,3,1,21
2779,197,29,2025-12-19,92.18,3699,59.9,1,Sherry Maynard,william07@example.com,30,0,1,7,2025-09-15,Data Science Course 29,2,2,62
2780,641,4,2026-01-19,73.1,4827,79.24,4,Jeremy Sims,basslori@example.com,30,1,0,7,2025-10-26,Power BI Course 4,1,0,23
2781,275,45,2025-05-12,78.48,1238,96.21,5,Gabriella Wilson,iortiz@example.org,19,0,2,4,2026-04-12,Power BI Course 45,0,1,69
2782,85,44,2024-09-15,89.61,180,81.04,5,Marcus Stanley,williamkrueger@example.org,22,0,1,6,2025-06-06,Computer Vision Course 44,1,2,29
2783,952,31,2024-07-25,37.08,2634,51.98,2,Elizabeth Hester,moniquegilbert@example.net,28,1,2,1,2025-06-12,Computer Vision Course 31,4,0,67
2784,416,40,2026-07-01,58.02,2634,97.34,4,Ashley Brown,jesse37@example.org,18,0,1,6,2026-01-17,Machine Learning Course 40,2,2,64
2785,463,21,2024-08-23,90.21,2110,67.48,4,Lisa Kim,chelseydiaz@example.net,34,1,1,1,2025-06-25,Data Science Course 21,0,0,66
2786,457,8,2026-04-03,30.11,4264,64.43,4,Melissa Moran,zking@example.org,30,0,2,7,2026-04-13,Python Course 8,1,2,38
2787,995,26,2025-08-17,68.44,2113,88.49,3,Leonard Rocha,andrea76@example.com,34,0,1,4,2025-07-26,Computer Vision Course 26,7,1,22
2788,149,37,2025-06-14,63.28,3568,80.99,5,Laura Mejia,jack82@example.org,28,0,1,3,2025-10-22,SQL Course 37,0,0,38
2789,750,9,2024-12-17,55.46,3263,74.67,5,Jill Frye,richard44@example.net,21,0,0,6,2026-05-12,SQL Course 9,6,0,47
2790,807,50,2025-02-23,70.6,3550,92.56,4,Benjamin Nunez,plewis@example.com,27,1,0,0,2026-03-02,Python Course 50,3,1,46
2791,551,38,2025-04-20,71.99,4711,50.12,5,Christopher Barnes,kristina69@example.com,33,1,1,0,2025-11-13,Computer Vision Course 38,4,0,32
2792,929,12,2026-03-04,23.4,4439,44.26,4,Savannah Cline,jose29@example.com,22,0,0,2,2024-11-09,Deep Learning Course 12,5,2,57
2793,112,42,2025-05-12,72.42,4708,86.51,1,Tyler May,rduncan@example.net,28,0,1,7,2024-08-26,NLP Course 42,0,0,75
2794,678,27,2026-04-25,22.35,153,95.29,4,Brandon Rhodes Jr.,catherinepittman@example.net,19,1,2,6,2025-08-26,Computer Vision Course 27,5,0,70
2795,635,23,2026-02-27,34.15,2141,47.95,1,Ralph Carpenter,tiffany02@example.net,30,0,1,7,2025-10-08,SQL Course 23,6,1,47
2796,645,38,2025-06-26,39.19,1373,78.38,5,Jennifer May,carolmartin@example.com,35,1,2,2,2025-12-18,Computer Vision Course 38,4,0,32
2797,95,33,2025-02-16,41.99,257,80.72,3,Shannon Caldwell,martineznatalie@example.org,32,0,2,0,2024-12-05,Power BI Course 33,7,1,58
2798,768,36,2024-10-30,49.44,3621,40.15,2,Dr. Cynthia Huerta MD,jeremycole@example.org,20,1,1,1,2025-12-23,Computer Vision Course 36,2,0,77
2799,509,19,2024-10-17,61.34,1273,81.84,3,Courtney Andrews,fdavenport@example.com,27,0,0,5,2026-04-17,Machine Learning Course 19,0,0,37
2800,386,20,2025-01-31,88.6,3001,90.9,5,Christopher Thompson,greid@example.org,20,0,0,0,2024-12-23,Data Science Course 20,3,1,50
2801,922,10,2024-11-23,84.43,1861,70.83,5,Adrian Jenkins,villanuevazachary@example.com,30,1,1,5,2024-09-16,Python Course 10,6,2,10
2802,333,9,2026-01-17,83.25,3619,56.58,5,Joshua Houston,ecraig@example.net,18,0,1,6,2024-10-15,SQL Course 9,6,0,47
2803,513,24,2025-10-16,60.86,4688,83.09,3,Sarah Donovan,catherinewhite@example.com,30,1,0,0,2025-06-21,Computer Vision Course 24,5,2,21
2804,881,9,2026-06-10,40.82,4367,58.62,3,Emily Koch,hcochran@example.net,30,1,1,6,2024-11-08,SQL Course 9,6,0,47
2805,118,28,2024-12-06,72.54,196,63.39,1,Alicia Williams,zcunningham@example.com,23,1,2,5,2025-09-20,SQL Course 28,5,0,57
2806,23,20,2025-09-26,23.46,2289,56.6,3,Nicholas Rivera,longcasey@example.org,24,0,2,7,2025-08-24,Data Science Course 20,3,1,50
2807,433,8,2025-04-26,41.98,365,97.51,2,Jose Rocha,james79@example.org,19,1,1,4,2026-01-18,Python Course 8,1,2,38
2808,974,8,2026-06-10,23.43,2402,69.22,2,Herbert Jones,summersjames@example.org,22,1,2,3,2024-10-05,Python Course 8,1,2,38
2809,241,9,2025-08-19,33.24,234,93.49,2,Ashley Wilson,davidlopez@example.com,29,1,1,5,2025-11-15,SQL Course 9,6,0,47
2810,913,1,2025-11-19,86.37,4636,95.95,5,Christopher Smith,harveykelly@example.net,18,1,0,3,2026-04-06,Power BI Course 1,3,1,21
2811,136,13,2025-02-07,26.59,4013,85.95,3,Dawn Hoover,troy35@example.com,24,0,2,3,2025-08-23,SQL Course 13,7,1,41
2812,91,15,2025-10-26,92.92,2348,74.45,2,Lynn White,wnichols@example.com,24,1,2,3,2024-09-10,Data Science Course 15,6,1,75
2813,337,35,2025-11-30,98.7,3496,76.24,4,Andrea Davidson,cherylsherman@example.net,33,0,1,6,2025-07-17,NLP Course 35,1,0,70
2814,416,37,2025-07-20,32.96,4376,42.27,5,Ashley Brown,jesse37@example.org,18,0,1,6,2026-01-17,SQL Course 37,0,0,38
2815,404,7,2025-06-01,79.4,3768,40.92,2,Jennifer Hughes,jessesmith@example.net,31,0,2,5,2025-11-06,Data Science Course 7,6,1,62
2816,399,11,2025-10-14,27.35,4201,64.22,4,John Massey,davidmontgomery@example.com,33,0,2,1,2025-02-22,SQL Course 11,0,0,15
2817,299,20,2026-01-09,28.23,4838,46.2,5,Jamie Perkins,johnsonbenjamin@example.com,35,1,0,1,2025-11-09,Data Science Course 20,3,1,50
2818,374,40,2026-02-04,24.74,2557,54.69,4,Kellie Williams,teresasanchez@example.org,25,1,2,5,2025-11-12,Machine Learning Course 40,2,2,64
2819,947,11,2024-08-07,42.39,1367,51.93,4,Yolanda Johnson,campbellbrian@example.net,19,1,1,3,2025-03-09,SQL Course 11,0,0,15
2820,640,31,2024-08-14,99.41,140,67.8,5,Kenneth Cameron,msimmons@example.net,34,1,1,4,2025-06-25,Computer Vision Course 31,4,0,67
2821,43,15,2025-03-24,55.89,4705,40.96,2,Jennifer Newman,jacobcooper@example.com,23,1,1,3,2025-11-01,Data Science Course 15,6,1,75
2822,927,38,2026-06-08,31.26,3791,55.76,4,Kevin Brown,qjohnson@example.net,23,0,0,7,2026-06-05,Computer Vision Course 38,4,0,32
2823,570,27,2024-11-21,68.47,1166,96.31,2,Matthew Brown,williamrodriguez@example.net,25,0,0,3,2024-08-20,Computer Vision Course 27,5,0,70
2824,153,3,2026-01-30,41.22,3443,56.55,4,Shannon Wilkerson,thomasstephanie@example.org,33,1,1,0,2024-12-07,Python Course 3,3,2,52
2825,345,7,2025-11-25,77.76,564,82.47,1,Michele Glover,zdavis@example.net,29,0,1,0,2025-06-09,Data Science Course 7,6,1,62
2826,969,30,2024-09-29,79.14,4661,43.23,3,Cindy Copeland,ellisonjennifer@example.org,21,1,1,0,2025-11-11,Machine Learning Course 30,1,2,60
2827,338,38,2025-08-09,85.34,4458,73.98,3,Michael Trevino,toni63@example.org,29,0,2,6,2025-07-11,Computer Vision Course 38,4,0,32
2828,616,37,2024-09-23,92.74,2877,79.77,1,Carla Johnson MD,juarezwhitney@example.net,27,0,1,3,2025-05-22,SQL Course 37,0,0,38
2829,469,15,2024-12-29,28.35,3270,53.45,5,Cory Mcdowell,michael02@example.com,22,0,0,5,2025-08-05,Data Science Course 15,6,1,75
2830,16,31,2025-02-22,62.27,512,58.46,5,Nicole Hendricks,elizabeth27@example.com,24,0,0,2,2024-09-28,Computer Vision Course 31,4,0,67
2831,606,18,2025-11-09,25.74,3277,93.84,5,Michelle Buckley,zhoward@example.org,34,0,2,3,2024-07-22,Machine Learning Course 18,0,0,25
2832,608,29,2025-12-06,22.28,3560,70.18,3,Beth Carrillo,simpsonalexandra@example.com,23,0,0,5,2024-09-16,Data Science Course 29,2,2,62
2833,698,1,2025-09-04,64.38,670,70.28,2,Robert Young,nicole47@example.com,29,1,2,7,2024-07-27,Power BI Course 1,3,1,21
2834,951,30,2025-03-05,40.24,2917,83.24,1,Jennifer Flores,mpayne@example.org,35,0,0,6,2025-04-22,Machine Learning Course 30,1,2,60
2835,842,24,2025-09-09,76.64,564,56.81,4,April Barrett,paulwhite@example.com,18,0,0,4,2026-01-23,Computer Vision Course 24,5,2,21
2836,280,16,2025-11-08,25.06,655,92.81,4,Susan Davis,yolandabrown@example.com,32,1,1,3,2025-12-21,Deep Learning Course 16,5,0,68
2837,569,6,2025-07-10,61.95,3161,88.9,4,Renee Jones,chandlerjoseph@example.com,28,1,1,5,2025-04-21,Python Course 6,2,1,11
2838,822,5,2026-06-17,89.01,1957,52.29,2,Isaiah Meyer,colonmelissa@example.com,32,0,2,4,2025-12-12,Computer Vision Course 5,6,1,55
2839,617,14,2024-12-13,36.84,3247,95.94,4,Margaret Howell,margarethorton@example.org,30,0,2,0,2026-06-29,Python Course 14,1,1,43
2840,528,11,2024-09-22,22.43,3793,46.04,5,Teresa White,sallyharris@example.com,25,0,1,4,2025-01-29,SQL Course 11,0,0,15
2841,465,23,2026-06-26,92.49,3089,75.9,2,Daniel Lang,ibarker@example.net,35,0,2,7,2024-07-19,SQL Course 23,6,1,47
2842,115,5,2024-07-29,41.61,3162,46.67,5,Tiffany Thompson,john91@example.com,23,0,0,6,2025-10-18,Computer Vision Course 5,6,1,55
2843,401,48,2025-12-25,44.67,862,68.32,5,Amanda Andrade,johnglover@example.org,26,1,1,7,2025-06-01,Power BI Course 48,7,2,62
2844,683,4,2026-03-15,85.95,605,58.96,3,Andres Thomas,ohernandez@example.org,26,1,2,1,2025-04-12,Power BI Course 4,1,0,23
2845,5,2,2026-02-06,53.81,2768,84.93,2,Mary Valentine,grodriguez@example.net,25,0,0,2,2025-08-15,Data Science Course 2,1,0,41
2846,27,4,2025-11-20,54.26,1817,48.1,3,Ashley Lawrence,claytonwilliam@example.com,28,0,0,1,2025-03-13,Power BI Course 4,1,0,23
2847,347,33,2024-08-25,50.45,1994,93.79,4,Paul Haynes,amanda82@example.com,18,1,2,4,2025-11-16,Power BI Course 33,7,1,58
2848,31,28,2025-12-11,90.47,1358,75.21,4,Theresa Stephenson,zhull@example.org,31,0,2,1,2024-09-05,SQL Course 28,5,0,57
2849,478,30,2025-04-16,26.5,3928,53.27,1,Sean Garcia,barbara91@example.org,27,1,0,4,2024-10-05,Machine Learning Course 30,1,2,60
2850,721,37,2025-02-25,48.99,1131,64.56,5,Victoria Herrera,taylorallison@example.net,32,0,0,2,2024-12-25,SQL Course 37,0,0,38
2851,902,38,2026-02-05,58.89,808,42.66,3,Monica Brooks,kleinchristopher@example.net,24,0,1,3,2024-11-16,Computer Vision Course 38,4,0,32
2852,900,38,2026-05-19,22.39,4822,89.14,4,Ashley Young,zachary88@example.com,21,0,2,3,2026-02-24,Computer Vision Course 38,4,0,32
2853,15,45,2024-11-12,91.17,3820,69.55,4,John Rice,jasonho@example.com,27,1,1,6,2024-12-14,Power BI Course 45,0,1,69
2854,681,30,2026-03-07,69.51,4424,53.69,2,Mrs. Betty Kim,lawrencesimpson@example.com,34,1,1,1,2024-08-31,Machine Learning Course 30,1,2,60
2855,11,14,2026-04-01,29.36,4171,64.78,3,George Durham,hansenanna@example.net,26,0,2,4,2025-10-05,Python Course 14,1,1,43
2856,908,31,2025-12-24,57.08,1352,88.04,2,Brian Chung,rashley@example.org,23,1,0,5,2026-04-08,Computer Vision Course 31,4,0,67
2857,678,36,2025-03-09,50.85,983,80.09,2,Brandon Rhodes Jr.,catherinepittman@example.net,19,1,2,6,2025-08-26,Computer Vision Course 36,2,0,77
2858,366,7,2024-10-15,69.94,4251,77.86,4,Tracey Clark,harrisstephen@example.org,25,1,1,2,2026-05-07,Data Science Course 7,6,1,62
2859,975,24,2025-02-04,34.08,1853,96.23,2,Dean Bailey,salazarrichard@example.com,30,0,0,4,2025-07-04,Computer Vision Course 24,5,2,21
2860,419,16,2025-10-13,89.36,2682,72.98,2,Robert Davidson,briannaphillips@example.com,24,0,0,1,2025-02-17,Deep Learning Course 16,5,0,68
2861,385,11,2025-05-02,56.16,2903,81.17,4,Harold Manning,rbarnes@example.net,29,1,0,2,2024-12-08,SQL Course 11,0,0,15
2862,713,4,2026-06-14,33.61,4483,40.25,3,Darlene Turner,jonesjames@example.net,31,1,2,3,2026-07-12,Power BI Course 4,1,0,23
2863,372,7,2026-03-04,32.86,2505,86.06,4,Haley Thompson,yrogers@example.net,35,0,1,2,2025-05-24,Data Science Course 7,6,1,62
2864,242,35,2025-05-11,97.88,4554,41.59,5,Morgan Diaz,sandra09@example.com,35,0,1,2,2026-04-21,NLP Course 35,1,0,70
2865,888,4,2026-05-18,21.6,1945,84.85,4,Terry Bell,kwilliams@example.org,23,0,0,6,2024-09-15,Power BI Course 4,1,0,23
2866,130,19,2026-03-02,47.99,2788,69.32,3,Paul Moore,mikaylakirk@example.net,28,1,0,3,2025-06-18,Machine Learning Course 19,0,0,37
2867,682,25,2026-01-03,27.69,1030,74.04,5,Sharon Gill,joshua92@example.net,33,1,0,4,2025-03-10,Data Science Course 25,7,1,51
2868,619,44,2024-11-25,20.03,3922,51.59,2,Cynthia Elliott,wcook@example.com,31,1,0,7,2025-05-05,Computer Vision Course 44,1,2,29
2869,807,20,2025-04-15,97.03,2883,66.04,2,Benjamin Nunez,plewis@example.com,27,1,0,0,2026-03-02,Data Science Course 20,3,1,50
2870,949,28,2024-08-24,48.61,720,99.76,5,Jamie Moore,michelle42@example.com,26,1,2,7,2025-08-01,SQL Course 28,5,0,57
2871,835,4,2025-12-21,82.43,2143,79.93,5,Mr. Thomas Huang MD,rpatterson@example.org,31,0,0,4,2025-02-21,Power BI Course 4,1,0,23
2872,123,27,2024-10-26,49.63,3493,83.41,5,Justin Bennett,steven14@example.org,28,1,0,6,2026-04-07,Computer Vision Course 27,5,0,70
2873,285,6,2025-06-03,70.8,1351,46.1,4,Angela Chambers,gelliott@example.net,25,0,1,4,2025-03-29,Python Course 6,2,1,11
2874,574,46,2024-12-22,78.46,2085,88.41,3,Brenda Mejia,nicholaswilson@example.org,25,1,1,7,2025-09-23,NLP Course 46,3,0,48
2875,539,33,2024-11-26,43.93,3062,97.56,3,Jennifer Byrd,kmoody@example.com,34,0,0,3,2026-02-14,Power BI Course 33,7,1,58
2876,918,14,2025-12-12,90.69,1492,60.65,2,Janet Spencer,courtneywall@example.com,24,1,2,1,2025-12-29,Python Course 14,1,1,43
2877,232,39,2026-05-08,65.82,3862,85.41,4,Brianna Thomas,megan65@example.org,33,0,1,5,2026-02-19,Power BI Course 39,4,2,33
2878,353,24,2026-02-17,85.0,1686,42.95,4,Stacy Arroyo,silvaanthony@example.net,25,1,1,6,2024-08-25,Computer Vision Course 24,5,2,21
2879,588,24,2025-02-07,61.46,1646,68.45,4,Dustin Knight,smithlinda@example.org,22,1,2,1,2024-11-09,Computer Vision Course 24,5,2,21
2880,532,48,2026-04-21,71.21,2247,63.08,2,George Clark,jordanjill@example.net,32,0,1,7,2024-12-17,Power BI Course 48,7,2,62
2881,331,39,2024-09-08,32.4,1941,80.87,1,Amy Jones,uhoward@example.com,29,1,0,5,2025-09-19,Power BI Course 39,4,2,33
2882,975,39,2026-03-28,94.62,4505,40.42,1,Dean Bailey,salazarrichard@example.com,30,0,0,4,2025-07-04,Power BI Course 39,4,2,33
2883,823,21,2025-08-11,68.79,586,83.48,5,David Torres,fburnett@example.com,31,0,1,0,2025-03-09,Data Science Course 21,0,0,66
2884,558,37,2024-11-10,21.91,2691,88.75,1,Stephen Vaughan,oturner@example.com,22,1,0,6,2025-10-20,SQL Course 37,0,0,38
2885,90,15,2025-11-11,40.86,1113,68.29,2,Marissa Young,waterscassie@example.com,28,1,0,6,2024-07-18,Data Science Course 15,6,1,75
2886,707,39,2024-10-24,93.78,2584,96.09,5,Kenneth Pitts,susanpage@example.org,29,0,1,4,2024-12-02,Power BI Course 39,4,2,33
2887,627,11,2024-07-15,94.81,777,79.77,3,Amy Hunter,tracy90@example.com,31,1,0,3,2026-03-20,SQL Course 11,0,0,15
2888,648,47,2026-05-12,35.22,939,59.96,5,Jessica Woods,jasmine92@example.com,25,1,0,2,2025-06-18,SQL Course 47,5,2,40
2889,520,33,2026-05-03,91.75,2627,42.2,3,Kyle Proctor,catherine45@example.net,35,0,1,1,2026-07-09,Power BI Course 33,7,1,58
2890,810,33,2025-04-30,72.97,2323,66.66,1,Sara Wright,gwolfe@example.com,26,0,1,1,2024-12-02,Power BI Course 33,7,1,58
2891,843,22,2025-02-28,92.31,3620,69.35,2,Sherri Norton,jennifermcconnell@example.net,23,0,0,3,2024-08-04,Computer Vision Course 22,0,2,49
2892,522,39,2025-12-10,87.46,708,85.81,1,Michael Carpenter,aandersen@example.org,20,0,2,1,2025-08-08,Power BI Course 39,4,2,33
2893,661,19,2025-06-04,88.43,759,72.98,3,Nathan Luna,lferguson@example.org,22,0,2,2,2025-12-31,Machine Learning Course 19,0,0,37
2894,767,49,2025-09-22,68.64,3627,81.98,3,Danielle Duncan,ljackson@example.com,28,0,1,2,2024-07-30,SQL Course 49,4,1,62
2895,881,15,2026-05-28,74.36,2076,59.17,3,Emily Koch,hcochran@example.net,30,1,1,6,2024-11-08,Data Science Course 15,6,1,75
2896,325,35,2025-11-16,24.31,2803,73.63,2,Kathryn Johnson,crystal09@example.net,31,1,1,7,2026-03-27,NLP Course 35,1,0,70
2897,506,3,2025-07-26,46.18,4015,82.96,2,Ricky Rodriguez,jatkinson@example.org,34,1,0,0,2026-04-08,Python Course 3,3,2,52
2898,64,42,2025-05-18,71.7,4012,67.22,3,Rachel Little,joshua90@example.net,18,1,2,5,2025-07-09,NLP Course 42,0,0,75
2899,773,10,2025-01-03,30.43,1046,53.06,3,Gina Burch,michaelwu@example.com,35,0,1,2,2025-10-14,Python Course 10,6,2,10
2900,480,19,2026-02-08,92.68,3394,68.33,1,Gregg Jensen,cdaniels@example.org,18,1,2,1,2025-09-16,Machine Learning Course 19,0,0,37
2901,971,24,2025-11-29,94.55,4742,56.76,2,Robert Smith,megannorton@example.org,22,0,2,4,2025-07-30,Computer Vision Course 24,5,2,21
2902,513,36,2026-02-18,60.89,2192,68.24,2,Sarah Donovan,catherinewhite@example.com,30,1,0,0,2025-06-21,Computer Vision Course 36,2,0,77
2903,917,6,2025-11-23,71.08,957,58.59,4,Christopher Foster,yford@example.org,23,1,1,7,2025-12-21,Python Course 6,2,1,11
2904,826,31,2025-06-16,22.49,1770,55.97,1,Diana Meyer,natashagarcia@example.org,23,0,2,0,2026-02-08,Computer Vision Course 31,4,0,67
2905,677,12,2025-07-29,40.67,3428,64.61,2,James Vasquez,thompsoneddie@example.org,31,0,1,3,2024-08-26,Deep Learning Course 12,5,2,57
2906,573,16,2026-01-01,43.98,2011,78.08,1,Alejandro Webb,hbrewer@example.net,25,0,0,2,2025-04-09,Deep Learning Course 16,5,0,68
2907,887,49,2024-11-26,51.44,146,71.48,4,Jeremiah Perez,nashevan@example.org,33,0,1,6,2025-01-24,SQL Course 49,4,1,62
2908,243,50,2024-09-15,95.01,1050,98.33,1,Lisa Watkins,angela01@example.org,20,1,2,1,2025-08-04,Python Course 50,3,1,46
2909,388,16,2025-06-26,95.33,2464,55.17,2,Brandon Oliver,xcarter@example.org,25,0,1,5,2026-03-30,Deep Learning Course 16,5,0,68
2910,726,17,2024-09-03,45.85,860,63.91,1,Beth Acosta,erinavery@example.org,22,1,0,2,2024-12-14,Deep Learning Course 17,1,0,22
2911,999,46,2024-07-14,58.56,2906,55.58,2,Brittany Hall,washingtoncynthia@example.net,28,0,0,4,2026-03-20,NLP Course 46,3,0,48
2912,912,10,2025-11-08,21.42,2989,63.89,3,Mark Neal,xdavis@example.org,20,0,0,2,2025-04-15,Python Course 10,6,2,10
2913,298,26,2026-04-03,52.54,2512,88.65,2,Heather Silva,brittany91@example.com,19,1,2,7,2026-06-13,Computer Vision Course 26,7,1,22
2914,950,33,2024-07-27,86.35,396,63.4,4,Jennifer Martinez,jonestodd@example.org,23,1,2,4,2026-07-06,Power BI Course 33,7,1,58
2915,176,45,2024-10-13,79.39,4814,82.29,4,Caitlin Hodges,daryljohnson@example.org,22,1,2,2,2025-11-22,Power BI Course 45,0,1,69
2916,915,37,2025-11-03,76.27,600,83.72,3,Erik Booth,psmith@example.net,34,1,2,4,2024-12-04,SQL Course 37,0,0,38
2917,137,31,2026-02-06,83.29,3505,40.07,2,Alison Taylor,gamblejasmine@example.org,26,0,1,3,2026-06-16,Computer Vision Course 31,4,0,67
2918,26,21,2026-01-29,32.27,4361,86.49,5,Jasmine Perry,david03@example.net,31,1,0,1,2025-06-24,Data Science Course 21,0,0,66
2919,767,3,2025-08-03,83.04,3736,66.7,4,Danielle Duncan,ljackson@example.com,28,0,1,2,2024-07-30,Python Course 3,3,2,52
2920,791,48,2026-06-28,82.67,922,70.17,5,Dylan Martin,michellestewart@example.net,24,1,2,0,2025-01-02,Power BI Course 48,7,2,62
2921,747,8,2024-10-20,45.18,502,68.74,3,Patrick Wagner,ifoster@example.com,34,0,2,0,2025-01-29,Python Course 8,1,2,38
2922,443,23,2025-06-26,69.53,478,96.52,3,Margaret Hall,klamb@example.com,23,1,2,4,2026-07-04,SQL Course 23,6,1,47
2923,378,41,2026-04-19,78.23,4565,98.46,4,Julie Thornton,sgriffin@example.com,29,0,0,0,2025-10-07,Machine Learning Course 41,1,2,72
2924,307,48,2025-09-14,65.32,4457,50.67,2,Phillip Cervantes,teresalane@example.com,22,0,1,3,2025-11-14,Power BI Course 48,7,2,62
2925,734,18,2025-11-23,43.36,3281,79.42,2,Robert Richmond,williamsrichard@example.net,20,0,0,3,2024-08-01,Machine Learning Course 18,0,0,25
2926,408,22,2024-12-21,52.91,4322,48.94,4,Shannon Stewart,tfranco@example.org,23,0,2,6,2024-12-09,Computer Vision Course 22,0,2,49
2927,897,20,2026-07-02,96.06,3512,71.49,5,Jacob Leonard,austinbaxter@example.com,34,0,0,1,2026-05-02,Data Science Course 20,3,1,50
2928,43,21,2025-09-06,75.68,1221,58.08,1,Jennifer Newman,jacobcooper@example.com,23,1,1,3,2025-11-01,Data Science Course 21,0,0,66
2929,887,50,2025-10-09,30.19,3378,53.6,3,Jeremiah Perez,nashevan@example.org,33,0,1,6,2025-01-24,Python Course 50,3,1,46
2930,439,25,2025-04-26,47.24,1833,50.19,4,Jeremy Bishop,daniel46@example.net,21,1,1,3,2024-07-28,Data Science Course 25,7,1,51
2931,347,4,2025-02-05,82.47,2781,73.46,4,Paul Haynes,amanda82@example.com,18,1,2,4,2025-11-16,Power BI Course 4,1,0,23
2932,378,33,2025-05-04,99.5,3558,73.02,1,Julie Thornton,sgriffin@example.com,29,0,0,0,2025-10-07,Power BI Course 33,7,1,58
2933,703,20,2025-04-17,73.33,2000,81.18,3,John Harper,yvillegas@example.org,25,1,2,0,2025-05-25,Data Science Course 20,3,1,50
2934,733,27,2025-05-17,65.42,1263,64.79,3,David Wise,melissabrown@example.com,34,0,1,0,2024-08-13,Computer Vision Course 27,5,0,70
2935,746,38,2026-04-01,91.94,2143,69.47,3,Justin Jefferson,catherinewolfe@example.net,26,0,1,4,2026-03-30,Computer Vision Course 38,4,0,32
2936,728,48,2025-06-10,28.95,2471,42.69,1,Jesse West,cmorgan@example.org,25,1,1,2,2025-09-03,Power BI Course 48,7,2,62
2937,520,45,2024-12-11,48.18,765,61.76,4,Kyle Proctor,catherine45@example.net,35,0,1,1,2026-07-09,Power BI Course 45,0,1,69
2938,450,34,2026-01-22,42.5,457,99.86,4,Mrs. Cassandra Fernandez DVM,joycemichael@example.com,30,1,2,4,2025-11-28,SQL Course 34,6,2,57
2939,16,25,2024-10-03,27.53,1373,47.4,3,Nicole Hendricks,elizabeth27@example.com,24,0,0,2,2024-09-28,Data Science Course 25,7,1,51
2940,783,11,2025-11-15,77.05,1205,84.67,2,Shane Bentley,lindsaypruitt@example.org,27,0,2,7,2025-03-09,SQL Course 11,0,0,15
2941,6,31,2024-09-21,89.27,249,79.02,2,Gerald Oliver,ann79@example.com,31,1,1,7,2025-01-26,Computer Vision Course 31,4,0,67
2942,286,4,2024-12-31,30.92,2180,45.8,1,Lisa Hopkins,joseph32@example.net,22,1,2,1,2024-09-26,Power BI Course 4,1,0,23
2943,454,41,2026-02-11,93.1,2166,97.57,1,Carl Kirby,floydchristina@example.org,22,1,0,5,2025-10-19,Machine Learning Course 41,1,2,72
2944,980,2,2026-05-03,78.59,2768,44.33,4,Carlos Harris,derrick77@example.org,26,0,0,0,2024-11-28,Data Science Course 2,1,0,41
2945,862,25,2026-04-12,51.73,1439,90.38,3,Greg Martin,matthewcollins@example.net,32,1,0,6,2025-10-28,Data Science Course 25,7,1,51
2946,949,36,2026-06-20,94.57,3226,94.9,1,Jamie Moore,michelle42@example.com,26,1,2,7,2025-08-01,Computer Vision Course 36,2,0,77
2947,393,19,2024-10-14,27.86,3749,54.1,4,Tiffany Welch,haroldpowell@example.org,31,0,0,1,2024-09-02,Machine Learning Course 19,0,0,37
2948,172,34,2025-03-14,40.98,3511,45.37,4,Matthew Hernandez,fsimmons@example.org,22,0,1,5,2025-07-01,SQL Course 34,6,2,57
2949,436,44,2026-05-28,78.84,1563,87.4,1,William Moore,holmesedward@example.com,19,0,0,4,2026-01-11,Computer Vision Course 44,1,2,29
2950,736,25,2025-08-04,83.94,4667,43.27,3,Jennifer Peters,heather38@example.net,22,1,0,6,2025-02-26,Data Science Course 25,7,1,51
2951,60,25,2026-06-25,27.75,955,88.71,4,Kenneth Rice,zfaulkner@example.net,26,0,0,4,2025-05-14,Data Science Course 25,7,1,51
2952,5,32,2026-03-26,28.93,3877,48.7,3,Mary Valentine,grodriguez@example.net,25,0,0,2,2025-08-15,SQL Course 32,2,1,41
2953,942,23,2025-03-12,79.75,3175,53.13,1,Jill Webb,rasmussenmorgan@example.org,21,1,1,3,2025-04-13,SQL Course 23,6,1,47
2954,307,31,2026-04-13,59.16,3237,68.63,1,Phillip Cervantes,teresalane@example.com,22,0,1,3,2025-11-14,Computer Vision Course 31,4,0,67
2955,782,24,2024-11-12,98.26,3911,46.5,2,Matthew Marshall,anthonyolson@example.net,28,1,0,4,2024-09-23,Computer Vision Course 24,5,2,21
2956,515,24,2026-02-27,43.88,4914,80.13,4,Timothy Lewis,iramirez@example.org,32,1,0,6,2025-11-14,Computer Vision Course 24,5,2,21
2957,449,22,2025-08-08,64.57,3377,53.14,3,Christian Burke,ubailey@example.net,35,1,2,3,2026-05-13,Computer Vision Course 22,0,2,49
2958,136,37,2025-08-10,62.59,2322,68.39,5,Dawn Hoover,troy35@example.com,24,0,2,3,2025-08-23,SQL Course 37,0,0,38
2959,295,35,2026-02-01,26.55,147,61.43,1,Stacey Baker,thomasrice@example.com,19,1,2,7,2026-04-13,NLP Course 35,1,0,70
2960,673,38,2025-01-27,62.66,4142,68.02,1,Lori Greer,strongmadison@example.org,25,1,0,3,2025-11-24,Computer Vision Course 38,4,0,32
2961,397,10,2026-05-04,49.51,4232,75.09,2,Anna Stewart,maria39@example.org,31,0,1,7,2026-04-09,Python Course 10,6,2,10
2962,147,44,2025-03-25,62.03,2640,95.8,2,David James,obennett@example.org,21,1,0,0,2024-12-28,Computer Vision Course 44,1,2,29
2963,806,18,2026-02-08,71.0,2627,59.68,4,Timothy Alexander,rwebster@example.com,32,0,2,5,2025-06-24,Machine Learning Course 18,0,0,25
2964,938,43,2026-06-02,54.79,1732,45.89,1,Jacqueline Rodriguez,peter10@example.net,33,0,0,6,2026-01-09,Data Science Course 43,3,2,73
2965,377,16,2025-11-02,66.52,3732,90.6,5,Carrie Duncan,jcoffey@example.org,24,0,0,3,2025-02-09,Deep Learning Course 16,5,0,68
2966,968,13,2025-04-13,78.65,2215,71.5,1,Laura Reynolds,robertsnicole@example.com,32,0,2,0,2024-09-29,SQL Course 13,7,1,41
2967,514,43,2026-04-19,40.16,260,95.08,5,Samantha Gomez,racheljackson@example.com,19,0,2,0,2025-03-16,Data Science Course 43,3,2,73
2968,49,50,2026-07-12,68.86,1105,52.43,2,Carly Reese,clarkestacey@example.net,21,0,2,4,2025-05-08,Python Course 50,3,1,46
2969,826,3,2025-06-25,42.06,810,43.25,1,Diana Meyer,natashagarcia@example.org,23,0,2,0,2026-02-08,Python Course 3,3,2,52
2970,785,21,2024-10-09,56.21,4039,88.84,1,John Anthony,lozanojessica@example.org,25,1,2,5,2026-06-10,Data Science Course 21,0,0,66
2971,977,34,2025-05-12,43.91,1588,91.49,4,Brian Sheppard,williamharris@example.com,20,1,1,1,2025-01-20,SQL Course 34,6,2,57
2972,958,36,2026-05-18,90.6,2043,46.11,4,Ronald Chen,natalie64@example.com,29,1,2,7,2026-07-09,Computer Vision Course 36,2,0,77
2973,196,44,2026-03-21,88.78,2169,99.9,5,Andre Nguyen,pjackson@example.org,20,0,0,0,2025-01-09,Computer Vision Course 44,1,2,29
2974,104,43,2025-10-02,72.09,3625,48.53,1,Steven Goodman,dillon30@example.net,29,0,1,6,2025-08-19,Data Science Course 43,3,2,73
2975,909,49,2025-12-14,40.88,4269,88.58,4,Marvin Zamora,george64@example.net,33,1,1,4,2025-10-14,SQL Course 49,4,1,62
2976,990,13,2026-05-31,97.2,2905,89.66,4,Daniel Mcfarland,qaguilar@example.com,19,1,2,6,2025-01-01,SQL Course 13,7,1,41
2977,84,9,2024-11-18,39.86,1086,78.0,4,Teresa Brown,wilsonjoshua@example.net,28,0,1,5,2025-12-07,SQL Course 9,6,0,47
2978,316,33,2025-01-07,53.4,4140,81.03,3,Alyssa Thompson,marysuarez@example.net,26,0,1,3,2026-03-02,Power BI Course 33,7,1,58
2979,739,47,2026-01-04,59.11,3290,65.61,1,James Friedman,vrodriguez@example.net,33,0,2,4,2026-02-09,SQL Course 47,5,2,40
2980,682,44,2026-07-07,57.76,2063,93.33,3,Sharon Gill,joshua92@example.net,33,1,0,4,2025-03-10,Computer Vision Course 44,1,2,29
2981,467,21,2025-02-23,96.93,760,72.73,4,Ms. Sandra Perez,mmcdonald@example.com,33,0,2,7,2025-08-27,Data Science Course 21,0,0,66
2982,950,25,2025-04-01,89.37,292,98.31,2,Jennifer Martinez,jonestodd@example.org,23,1,2,4,2026-07-06,Data Science Course 25,7,1,51
2983,981,28,2025-04-10,44.79,1365,41.55,5,Juan Carey,nknight@example.net,28,1,0,3,2025-07-23,SQL Course 28,5,0,57
2984,778,4,2025-05-15,63.55,577,70.51,5,Lee Martin,sarah67@example.com,20,1,0,3,2025-06-14,Power BI Course 4,1,0,23
2985,285,16,2025-03-06,67.29,4683,58.88,4,Angela Chambers,gelliott@example.net,25,0,1,4,2025-03-29,Deep Learning Course 16,5,0,68
2986,334,6,2024-10-06,21.2,1565,55.45,4,John Kelly,mortonmatthew@example.com,28,1,1,3,2025-03-13,Python Course 6,2,1,11
2987,433,4,2025-10-16,82.53,1490,74.2,2,Jose Rocha,james79@example.org,19,1,1,4,2026-01-18,Power BI Course 4,1,0,23
2988,301,46,2026-06-30,74.76,3594,73.29,3,Carol Miller,hwatson@example.com,35,1,0,6,2025-09-14,NLP Course 46,3,0,48
2989,915,12,2024-09-29,28.17,372,46.75,5,Erik Booth,psmith@example.net,34,1,2,4,2024-12-04,Deep Learning Course 12,5,2,57
2990,500,23,2025-11-18,70.29,4731,66.58,5,Katie Roth,bsanchez@example.net,19,1,1,7,2024-12-10,SQL Course 23,6,1,47
2991,759,13,2024-10-05,97.97,3783,67.95,5,Matthew Lopez,janetbrown@example.net,32,0,0,7,2026-02-11,SQL Course 13,7,1,41
2992,267,25,2025-05-28,91.56,955,87.13,2,Stephen Hogan,aliciakhan@example.org,20,0,2,2,2025-04-06,Data Science Course 25,7,1,51
2993,122,26,2025-06-07,91.28,2752,72.42,1,Reginald Russell,carcher@example.com,19,0,1,0,2026-01-11,Computer Vision Course 26,7,1,22
2994,370,9,2026-06-01,56.18,74,45.61,4,Maria Webster,tdennis@example.org,23,1,0,1,2025-07-26,SQL Course 9,6,0,47
2995,360,1,2024-08-10,82.26,4338,43.57,3,Abigail White,megansmith@example.com,35,1,1,2,2025-07-21,Power BI Course 1,3,1,21
2996,587,10,2026-07-02,45.64,818,58.61,5,Sarah Bender,wspencer@example.net,33,1,1,0,2026-05-17,Python Course 10,6,2,10
2997,425,6,2025-08-28,48.58,1139,57.45,3,Daniel Cherry,herbert42@example.org,20,0,2,5,2025-12-12,Python Course 6,2,1,11
2998,725,46,2025-01-03,64.66,2673,58.91,5,Jenny Collins MD,tduke@example.net,18,1,2,1,2024-12-21,NLP Course 46,3,0,48
2999,881,21,2024-10-26,78.54,4172,75.17,3,Emily Koch,hcochran@example.net,30,1,1,6,2024-11-08,Data Science Course 21,0,0,66
3000,775,27,2026-04-03,61.47,948,73.52,3,John Wilson,melinda38@example.com,22,1,0,0,2026-06-19,Computer Vision Course 27,5,0,70
3001,729,22,2026-02-18,89.51,1839,76.23,3,Miss Crystal Lee,johnsonshawn@example.org,33,1,2,1,2026-04-20,Computer Vision Course 22,0,2,49
3002,140,11,2026-01-04,82.3,4156,84.75,1,Cheyenne Jones,xgarcia@example.org,23,0,2,0,2026-02-02,SQL Course 11,0,0,15
3003,227,14,2025-10-17,80.1,3712,51.29,2,Christine Nelson,fjohnson@example.net,24,0,0,4,2025-10-09,Python Course 14,1,1,43
3004,750,48,2025-02-25,87.92,1997,46.7,1,Jill Frye,richard44@example.net,21,0,0,6,2026-05-12,Power BI Course 48,7,2,62
3005,238,14,2026-05-09,37.36,1711,71.78,1,Raymond Johnson,petersonryan@example.net,35,0,1,7,2024-08-01,Python Course 14,1,1,43
3006,629,6,2026-02-12,74.32,1199,98.08,2,George Butler,leahparker@example.org,29,1,1,4,2026-04-18,Python Course 6,2,1,11
3007,358,29,2025-01-12,47.33,1092,66.94,2,James Riley,arobinson@example.com,23,0,0,0,2026-02-02,Data Science Course 29,2,2,62
3008,346,31,2025-12-03,92.04,3663,82.73,1,Nicholas Lee,amy51@example.org,34,1,2,0,2026-02-12,Computer Vision Course 31,4,0,67
3009,197,5,2026-01-10,50.72,1535,74.17,2,Sherry Maynard,william07@example.com,30,0,1,7,2025-09-15,Computer Vision Course 5,6,1,55
3010,66,21,2026-07-10,20.96,3546,89.48,3,Joel Potter,kwhitney@example.net,25,1,0,4,2026-06-02,Data Science Course 21,0,0,66
3011,925,41,2026-03-11,42.73,177,83.16,1,Ronald Campbell,rebeccahampton@example.org,22,0,0,1,2024-08-08,Machine Learning Course 41,1,2,72
3012,474,9,2025-09-28,67.35,1873,61.13,5,Jennifer Hall,xbauer@example.com,22,1,1,1,2026-05-17,SQL Course 9,6,0,47
3013,772,10,2026-05-02,64.12,2123,91.02,4,Pamela Pineda,ksullivan@example.net,18,0,1,7,2025-09-26,Python Course 10,6,2,10
3014,77,39,2026-06-07,45.89,343,85.64,5,Clifford Robbins,gloria07@example.com,20,0,0,7,2025-12-06,Power BI Course 39,4,2,33
3015,657,23,2024-12-25,38.31,3745,99.63,3,Anthony Le,anthonyhunter@example.net,25,1,0,4,2026-04-17,SQL Course 23,6,1,47
3016,559,41,2026-06-25,28.38,1293,54.82,5,Teresa Pearson,walterrubio@example.net,29,0,2,5,2025-10-29,Machine Learning Course 41,1,2,72
3017,644,46,2025-06-18,93.45,869,54.17,1,Christopher Mayo,brian68@example.org,23,1,0,4,2025-12-05,NLP Course 46,3,0,48
3018,763,50,2024-08-03,93.02,4174,58.47,2,Julian Wallace,millergary@example.net,35,0,1,2,2025-09-12,Python Course 50,3,1,46
3019,407,37,2025-08-08,68.8,158,70.89,1,Claire Shaw,dlynn@example.net,33,1,1,5,2025-05-20,SQL Course 37,0,0,38
3020,345,20,2025-07-30,38.18,4907,83.47,4,Michele Glover,zdavis@example.net,29,0,1,0,2025-06-09,Data Science Course 20,3,1,50
3021,185,2,2025-04-19,36.15,4451,76.89,3,Gary Martinez,alowe@example.com,32,0,0,6,2025-01-14,Data Science Course 2,1,0,41
3022,872,26,2024-08-24,21.0,4258,92.64,4,Michelle Garcia,gouldjessica@example.net,18,0,2,5,2024-07-28,Computer Vision Course 26,7,1,22
3023,379,10,2025-03-14,27.39,655,57.23,2,Travis Hatfield,wbush@example.org,18,1,1,4,2025-03-17,Python Course 10,6,2,10
3024,37,8,2025-07-25,99.97,1241,53.07,1,Cameron Wood Jr.,ashleyvaldez@example.org,29,1,2,3,2024-09-06,Python Course 8,1,2,38
3025,541,3,2026-03-16,32.8,4761,46.92,4,William Jimenez,andrew32@example.com,29,0,1,5,2026-01-18,Python Course 3,3,2,52
3026,549,14,2024-09-02,21.59,1435,60.37,5,Paul Smith,erinsalazar@example.com,21,0,1,0,2026-06-20,Python Course 14,1,1,43
3027,447,6,2025-07-09,49.4,2983,67.34,5,Mallory Coleman,gregorysmith@example.com,34,0,2,0,2025-07-18,Python Course 6,2,1,11
3028,161,7,2026-05-05,26.86,946,87.36,1,Keith Bryant,jacobsonkeith@example.net,20,1,2,6,2024-10-27,Data Science Course 7,6,1,62
3029,358,43,2025-10-16,67.41,4593,40.32,4,James Riley,arobinson@example.com,23,0,0,0,2026-02-02,Data Science Course 43,3,2,73
3030,983,18,2024-08-10,84.21,4862,55.78,5,Robert Barnes,robertmorgan@example.net,26,1,2,0,2025-03-05,Machine Learning Course 18,0,0,25
3031,86,44,2026-03-04,64.1,1941,98.52,5,Robin Woods,wilcoxtimothy@example.net,21,0,0,1,2025-04-28,Computer Vision Course 44,1,2,29
3032,704,27,2026-03-16,94.3,1617,43.74,3,Tamara Blake,matthewsjoe@example.com,30,0,2,2,2024-09-16,Computer Vision Course 27,5,0,70
3033,83,31,2025-08-29,70.74,4012,78.72,4,Gary Leonard,jimenezcharles@example.com,24,1,1,4,2026-03-09,Computer Vision Course 31,4,0,67
3034,103,13,2026-06-08,29.88,286,83.19,1,Amy Russell,michaelyoung@example.com,35,1,1,6,2024-11-13,SQL Course 13,7,1,41
3035,609,29,2025-10-06,61.09,732,43.58,5,Tina Moore,hollanddebra@example.com,25,1,0,7,2025-02-02,Data Science Course 29,2,2,62
3036,314,42,2025-05-09,75.97,4584,65.3,5,Stephanie Davenport,jjohnson@example.net,18,0,1,1,2025-02-27,NLP Course 42,0,0,75
3037,926,10,2024-11-22,89.78,3486,95.04,3,Reginald Moore,tammyhicks@example.org,22,0,1,0,2025-03-19,Python Course 10,6,2,10
3038,533,4,2024-07-29,54.9,122,95.58,2,Daisy Torres,john71@example.org,18,1,1,6,2024-12-11,Power BI Course 4,1,0,23
3039,334,21,2026-03-14,52.24,4988,98.46,3,John Kelly,mortonmatthew@example.com,28,1,1,3,2025-03-13,Data Science Course 21,0,0,66
3040,291,1,2024-12-02,86.6,4025,61.96,2,Stanley Coleman,jstanton@example.com,26,0,1,2,2026-01-17,Power BI Course 1,3,1,21
3041,228,13,2026-06-08,32.61,2302,94.62,4,Renee Thompson,thompsonlauren@example.org,22,0,1,6,2025-09-07,SQL Course 13,7,1,41
3042,799,2,2025-10-19,46.59,1447,45.61,4,Matthew Taylor,herrerajamie@example.org,30,1,1,7,2026-04-15,Data Science Course 2,1,0,41
3043,732,20,2024-07-22,81.94,1253,84.89,5,Jordan Richard,carl83@example.net,30,1,2,1,2024-10-15,Data Science Course 20,3,1,50
3044,951,9,2024-09-24,32.61,1057,88.77,5,Jennifer Flores,mpayne@example.org,35,0,0,6,2025-04-22,SQL Course 9,6,0,47
3045,994,48,2024-11-05,56.65,4256,48.94,4,Peter Maxwell,evansmaria@example.net,29,1,2,0,2025-11-15,Power BI Course 48,7,2,62
3046,99,3,2026-04-03,66.28,2675,63.48,2,Kimberly Williams,hicksanthony@example.com,20,0,0,3,2025-09-06,Python Course 3,3,2,52
3047,378,21,2025-02-26,28.36,565,49.66,3,Julie Thornton,sgriffin@example.com,29,0,0,0,2025-10-07,Data Science Course 21,0,0,66
3048,751,22,2025-01-06,91.5,3395,47.27,5,John Gay,cbartlett@example.org,34,1,1,2,2025-05-09,Computer Vision Course 22,0,2,49
3049,34,50,2026-01-29,42.05,4094,95.22,3,Shawn Tapia,alec76@example.org,31,0,1,1,2024-08-12,Python Course 50,3,1,46
3050,263,18,2025-07-01,51.07,682,84.93,4,Kathy Mejia,kimlisa@example.com,32,1,1,7,2026-02-01,Machine Learning Course 18,0,0,25
3051,368,19,2025-04-05,97.09,429,80.16,2,Tammy Ibarra,cynthiamorris@example.net,20,1,0,3,2025-09-18,Machine Learning Course 19,0,0,37
3052,322,26,2025-10-31,21.16,4012,90.42,3,Benjamin Vaughn,martinmelinda@example.net,33,0,0,2,2024-07-18,Computer Vision Course 26,7,1,22
3053,176,6,2026-01-15,64.17,3721,48.77,1,Caitlin Hodges,daryljohnson@example.org,22,1,2,2,2025-11-22,Python Course 6,2,1,11
3054,15,25,2024-11-05,70.12,4904,42.59,1,John Rice,jasonho@example.com,27,1,1,6,2024-12-14,Data Science Course 25,7,1,51
3055,793,14,2026-02-24,51.28,3475,56.81,4,Brian Perez,smithjulia@example.net,21,1,1,0,2025-10-22,Python Course 14,1,1,43
3056,823,37,2025-04-21,28.2,4966,56.4,5,David Torres,fburnett@example.com,31,0,1,0,2025-03-09,SQL Course 37,0,0,38
3057,123,36,2025-02-08,65.44,2851,71.96,4,Justin Bennett,steven14@example.org,28,1,0,6,2026-04-07,Computer Vision Course 36,2,0,77
3058,387,50,2026-03-14,89.13,834,46.84,2,Robert Wright,allisondavis@example.org,27,1,2,2,2026-02-13,Python Course 50,3,1,46
3059,633,47,2025-10-16,21.63,2923,97.37,2,Natalie Bonilla,watsonandrea@example.net,22,0,2,2,2025-05-07,SQL Course 47,5,2,40
3060,630,7,2026-03-29,50.35,3874,42.42,4,Patricia Clark,coopertravis@example.org,31,1,1,6,2024-10-14,Data Science Course 7,6,1,62
3061,894,18,2024-08-23,50.46,797,82.93,2,Adam Little,lhurley@example.net,27,0,0,2,2025-10-04,Machine Learning Course 18,0,0,25
3062,293,37,2024-09-24,78.31,2492,51.6,3,Tammy Leblanc,johngrant@example.org,21,1,0,6,2026-06-27,SQL Course 37,0,0,38
3063,942,12,2025-04-01,88.37,1022,78.67,3,Jill Webb,rasmussenmorgan@example.org,21,1,1,3,2025-04-13,Deep Learning Course 12,5,2,57
3064,367,50,2025-03-20,63.32,1492,87.56,3,Jason Ball,oharrell@example.com,30,0,1,1,2025-10-28,Python Course 50,3,1,46
3065,536,24,2025-01-07,99.6,4727,51.11,1,Jason Calderon,dawntodd@example.org,19,0,1,1,2024-08-23,Computer Vision Course 24,5,2,21
3066,611,29,2024-07-17,42.2,1804,48.8,5,Meghan Henry,jeffshaw@example.com,20,0,2,5,2025-08-11,Data Science Course 29,2,2,62
3067,384,19,2025-01-02,60.69,1270,94.44,4,Dawn Moran,ivega@example.com,20,0,1,3,2025-11-26,Machine Learning Course 19,0,0,37
3068,108,13,2025-01-24,46.58,2369,47.8,4,Christopher Grimes,teresacohen@example.com,22,0,0,1,2024-09-18,SQL Course 13,7,1,41
3069,586,24,2025-08-17,74.37,2489,54.84,4,Derek Ellis,cgarcia@example.com,19,0,2,2,2025-10-05,Computer Vision Course 24,5,2,21
3070,908,9,2024-09-26,66.59,2139,97.68,2,Brian Chung,rashley@example.org,23,1,0,5,2026-04-08,SQL Course 9,6,0,47
3071,751,7,2025-11-13,64.22,856,87.5,4,John Gay,cbartlett@example.org,34,1,1,2,2025-05-09,Data Science Course 7,6,1,62
3072,714,34,2025-05-21,96.24,1384,43.56,2,Carl Robertson,johndaniel@example.org,19,1,1,6,2026-04-17,SQL Course 34,6,2,57
3073,822,10,2025-03-20,30.64,2102,77.82,4,Isaiah Meyer,colonmelissa@example.com,32,0,2,4,2025-12-12,Python Course 10,6,2,10
3074,333,49,2026-01-26,97.26,4396,91.16,5,Joshua Houston,ecraig@example.net,18,0,1,6,2024-10-15,SQL Course 49,4,1,62
3075,8,46,2025-06-25,56.62,3744,84.87,2,Greg Shaw,daniel29@example.org,24,1,2,7,2024-11-21,NLP Course 46,3,0,48
3076,761,26,2025-05-11,45.45,4012,99.35,5,Gina Smith,moodyjessica@example.net,28,1,2,5,2024-11-09,Computer Vision Course 26,7,1,22
3077,808,5,2025-01-22,92.0,1952,52.39,4,Matthew Reid,thompsonchristy@example.com,35,1,0,6,2025-07-13,Computer Vision Course 5,6,1,55
3078,920,48,2024-12-01,75.08,1559,98.48,2,James Black,riggsrobert@example.com,28,0,1,5,2025-04-02,Power BI Course 48,7,2,62
3079,988,12,2025-04-02,76.99,1032,91.99,1,Jonathan Jackson,kelly34@example.net,34,1,1,1,2025-08-28,Deep Learning Course 12,5,2,57
3080,139,23,2026-02-19,21.17,927,92.54,1,Benjamin Romero,mcrawford@example.com,33,1,2,5,2024-12-11,SQL Course 23,6,1,47
3081,310,18,2025-06-21,42.1,1863,40.3,3,Meghan Lopez,patrickchoi@example.net,32,0,2,0,2025-12-07,Machine Learning Course 18,0,0,25
3082,99,4,2026-05-19,44.99,966,85.39,4,Kimberly Williams,hicksanthony@example.com,20,0,0,3,2025-09-06,Power BI Course 4,1,0,23
3083,539,35,2026-04-16,62.34,4484,44.68,4,Jennifer Byrd,kmoody@example.com,34,0,0,3,2026-02-14,NLP Course 35,1,0,70
3084,158,18,2025-04-10,78.61,1256,51.69,2,Andrew Arnold,steven55@example.org,30,0,2,3,2025-05-08,Machine Learning Course 18,0,0,25
3085,495,1,2025-03-06,59.44,907,98.01,3,Nicolas Hernandez,cindy80@example.net,30,0,0,0,2025-12-28,Power BI Course 1,3,1,21
3086,226,36,2026-03-30,79.5,2785,64.48,4,Susan Schroeder,pwilson@example.net,29,0,0,6,2025-04-25,Computer Vision Course 36,2,0,77
3087,638,23,2024-10-11,94.16,330,97.68,5,Austin Flores,ryan04@example.com,18,1,2,1,2025-08-01,SQL Course 23,6,1,47
3088,301,40,2025-05-24,95.06,2230,90.03,5,Carol Miller,hwatson@example.com,35,1,0,6,2025-09-14,Machine Learning Course 40,2,2,64
3089,655,22,2026-01-23,38.76,3694,77.43,3,Steven Curtis,williamware@example.net,34,0,1,3,2025-06-16,Computer Vision Course 22,0,2,49
3090,173,34,2024-08-31,68.65,4490,60.08,1,Kelly Salinas,smithchristine@example.org,20,0,0,7,2025-05-16,SQL Course 34,6,2,57
3091,30,41,2026-02-19,22.92,1457,77.47,5,Rebecca Herrera,jacquelinedavis@example.org,31,1,2,5,2025-04-25,Machine Learning Course 41,1,2,72
3092,188,25,2025-08-24,64.29,1624,75.08,3,Phillip Nunez,jesse93@example.com,31,0,1,2,2025-05-16,Data Science Course 25,7,1,51
3093,903,31,2024-12-21,85.6,1479,97.85,5,Lee Ramirez,jenkinscaitlin@example.com,34,0,2,1,2024-10-28,Computer Vision Course 31,4,0,67
3094,789,32,2025-06-21,65.14,3931,62.21,3,Brandy Joseph,wellstravis@example.org,22,1,2,7,2024-10-09,SQL Course 32,2,1,41
3095,677,44,2024-10-07,56.6,2147,82.11,1,James Vasquez,thompsoneddie@example.org,31,0,1,3,2024-08-26,Computer Vision Course 44,1,2,29
3096,36,6,2025-06-22,83.17,4206,66.05,5,Joseph Willis,lynn51@example.com,29,0,0,5,2025-11-12,Python Course 6,2,1,11
3097,861,48,2025-04-06,60.14,600,81.59,2,William Brown,mmorales@example.org,30,1,2,5,2025-03-12,Power BI Course 48,7,2,62
3098,283,44,2025-05-18,97.73,163,64.64,4,Jesus Rocha,newmanjoanna@example.net,31,0,0,1,2026-01-30,Computer Vision Course 44,1,2,29
3099,516,24,2025-02-12,47.12,2909,80.03,5,Ryan Olson,camposheather@example.com,19,0,0,7,2024-11-28,Computer Vision Course 24,5,2,21
3100,454,41,2025-02-26,79.02,3758,41.41,4,Carl Kirby,floydchristina@example.org,22,1,0,5,2025-10-19,Machine Learning Course 41,1,2,72
3101,254,12,2026-06-28,39.9,3268,80.65,3,Kyle Hobbs,jesse87@example.com,24,0,0,3,2026-03-15,Deep Learning Course 12,5,2,57
3102,84,22,2024-08-24,24.53,4743,47.08,3,Teresa Brown,wilsonjoshua@example.net,28,0,1,5,2025-12-07,Computer Vision Course 22,0,2,49
3103,780,37,2026-02-01,37.64,1460,69.62,3,Tina Padilla,michaelcooper@example.net,29,0,0,0,2025-09-26,SQL Course 37,0,0,38
3104,360,8,2024-08-23,95.67,2126,47.06,2,Abigail White,megansmith@example.com,35,1,1,2,2025-07-21,Python Course 8,1,2,38
3105,990,19,2026-04-19,69.95,176,67.67,3,Daniel Mcfarland,qaguilar@example.com,19,1,2,6,2025-01-01,Machine Learning Course 19,0,0,37
3106,129,17,2025-12-12,45.44,4392,82.57,1,Ashley Bond,emilygibson@example.com,18,0,0,1,2026-03-27,Deep Learning Course 17,1,0,22
3107,699,28,2024-11-25,59.15,2437,66.65,2,Tiffany Esparza,millersally@example.net,19,0,2,3,2025-06-15,SQL Course 28,5,0,57
3108,962,21,2025-11-20,32.23,2400,70.68,1,Joseph Richardson,ronald83@example.org,22,1,0,6,2024-09-08,Data Science Course 21,0,0,66
3109,334,8,2025-03-31,63.9,4075,63.05,4,John Kelly,mortonmatthew@example.com,28,1,1,3,2025-03-13,Python Course 8,1,2,38
3110,965,37,2025-10-25,30.53,1901,70.75,3,Elizabeth Richards,davidclark@example.org,18,0,1,1,2026-01-13,SQL Course 37,0,0,38
3111,868,22,2025-07-13,97.52,3948,67.36,4,Vanessa Ross,qhudson@example.org,28,1,0,7,2025-01-23,Computer Vision Course 22,0,2,49
3112,872,43,2026-04-17,45.38,874,71.92,3,Michelle Garcia,gouldjessica@example.net,18,0,2,5,2024-07-28,Data Science Course 43,3,2,73
3113,311,6,2026-02-20,70.33,405,72.71,4,Joseph Shaw,hannahfernandez@example.net,29,1,2,2,2024-12-22,Python Course 6,2,1,11
3114,665,21,2026-05-10,28.32,4596,87.83,4,William Schroeder,karen58@example.org,25,1,2,7,2026-02-24,Data Science Course 21,0,0,66
3115,824,34,2025-02-08,49.4,3542,63.71,1,Bruce Hunter,hgentry@example.net,25,0,0,4,2026-05-29,SQL Course 34,6,2,57
3116,396,25,2026-01-21,32.13,3349,99.05,1,Dr. Christopher Warren DDS,jcrane@example.net,24,1,0,5,2025-05-25,Data Science Course 25,7,1,51
3117,970,19,2025-06-12,39.28,2948,63.75,1,Douglas Scott,staceyestrada@example.com,23,1,1,3,2025-03-19,Machine Learning Course 19,0,0,37
3118,54,33,2026-04-29,99.42,2784,60.95,3,Alyssa Klein,wattscrystal@example.com,21,0,2,1,2024-07-30,Power BI Course 33,7,1,58
3119,207,45,2025-09-05,60.25,1316,99.28,5,Carrie Jones,efoster@example.org,25,1,0,1,2025-11-26,Power BI Course 45,0,1,69
3120,38,42,2025-06-16,41.13,3014,82.66,1,Benjamin Silva,wallaceisaiah@example.net,19,1,0,2,2025-11-26,NLP Course 42,0,0,75
3121,589,2,2025-02-24,95.13,1094,95.18,3,Makayla Hardin,gatesheather@example.org,21,1,1,1,2026-06-07,Data Science Course 2,1,0,41
3122,182,25,2024-10-10,37.18,2438,91.21,5,Susan Nguyen,mcgeetracy@example.com,18,1,1,1,2025-08-18,Data Science Course 25,7,1,51
3123,509,34,2025-02-10,76.53,1691,76.33,2,Courtney Andrews,fdavenport@example.com,27,0,0,5,2026-04-17,SQL Course 34,6,2,57
3124,1,40,2026-06-16,68.66,3020,51.16,4,Clifford Dickerson,johnsonrita@example.com,32,0,1,1,2025-07-23,Machine Learning Course 40,2,2,64
3125,501,13,2025-03-18,32.77,2962,96.32,5,Barbara Simmons,charlene23@example.com,19,0,2,3,2024-10-02,SQL Course 13,7,1,41
3126,789,27,2024-09-08,66.6,2403,67.47,1,Brandy Joseph,wellstravis@example.org,22,1,2,7,2024-10-09,Computer Vision Course 27,5,0,70
3127,494,29,2024-11-22,47.28,985,88.69,4,John Lee,lisa57@example.net,21,1,1,6,2024-07-17,Data Science Course 29,2,2,62
3128,932,44,2025-02-02,38.27,4764,68.57,4,Debra Knight,jacksongregory@example.org,31,0,0,4,2025-09-12,Computer Vision Course 44,1,2,29
3129,713,17,2024-07-16,49.14,782,73.74,4,Darlene Turner,jonesjames@example.net,31,1,2,3,2026-07-12,Deep Learning Course 17,1,0,22
3130,650,50,2024-09-28,84.28,4545,75.76,5,Richard Aguirre,beth49@example.net,32,0,2,5,2026-01-04,Python Course 50,3,1,46
3131,362,47,2025-05-20,21.34,4866,82.68,2,Michael Carter,jamesrobinson@example.com,33,0,1,1,2025-07-14,SQL Course 47,5,2,40
3132,527,50,2025-10-04,75.38,2543,50.16,1,Sara Maldonado,lindseynichols@example.net,33,0,2,0,2026-06-25,Python Course 50,3,1,46
3133,539,16,2025-01-05,88.1,867,94.75,4,Jennifer Byrd,kmoody@example.com,34,0,0,3,2026-02-14,Deep Learning Course 16,5,0,68
3134,650,32,2026-05-19,66.84,2913,98.44,3,Richard Aguirre,beth49@example.net,32,0,2,5,2026-01-04,SQL Course 32,2,1,41
3135,291,43,2025-04-19,45.53,1318,83.36,5,Stanley Coleman,jstanton@example.com,26,0,1,2,2026-01-17,Data Science Course 43,3,2,73
3136,452,30,2024-12-27,59.63,760,96.31,2,Adam White,calvin30@example.net,31,1,0,7,2025-07-02,Machine Learning Course 30,1,2,60
3137,112,27,2025-06-20,47.55,710,45.55,5,Tyler May,rduncan@example.net,28,0,1,7,2024-08-26,Computer Vision Course 27,5,0,70
3138,471,33,2026-06-05,26.04,2943,41.64,3,Dominic Lynn,tmartin@example.net,33,1,2,0,2026-04-10,Power BI Course 33,7,1,58
3139,352,43,2025-08-10,54.91,3174,64.33,2,Kevin Chandler,kimberlyjohnson@example.net,25,0,1,3,2025-06-26,Data Science Course 43,3,2,73
3140,597,44,2024-10-31,59.48,3763,95.19,3,Katherine Willis,jeffreycabrera@example.org,28,1,1,3,2025-06-02,Computer Vision Course 44,1,2,29
3141,67,10,2025-11-08,26.24,217,56.33,2,Calvin Ryan,plopez@example.org,20,0,0,3,2024-09-29,Python Course 10,6,2,10
3142,333,29,2025-12-24,73.29,1538,46.31,1,Joshua Houston,ecraig@example.net,18,0,1,6,2024-10-15,Data Science Course 29,2,2,62
3143,440,49,2026-06-03,57.18,1518,89.13,2,Anthony Elliott,tlee@example.org,33,1,2,0,2025-11-08,SQL Course 49,4,1,62
3144,599,28,2025-03-25,79.03,2061,73.45,3,Tina Black,laura24@example.com,27,1,2,4,2025-11-18,SQL Course 28,5,0,57
3145,925,14,2025-02-19,59.72,4386,53.08,2,Ronald Campbell,rebeccahampton@example.org,22,0,0,1,2024-08-08,Python Course 14,1,1,43
3146,412,50,2026-06-21,57.09,3071,76.6,2,Zachary Torres,michaelclark@example.com,23,1,2,0,2025-02-03,Python Course 50,3,1,46
3147,977,19,2025-04-28,61.2,1266,91.66,5,Brian Sheppard,williamharris@example.com,20,1,1,1,2025-01-20,Machine Learning Course 19,0,0,37
3148,592,15,2024-07-14,65.14,1188,97.14,5,Megan Horn,saraberry@example.com,29,1,1,7,2025-08-13,Data Science Course 15,6,1,75
3149,18,30,2025-02-13,71.55,2131,97.65,4,Linda Webster,andrew18@example.net,19,1,2,1,2025-08-16,Machine Learning Course 30,1,2,60
3150,873,29,2025-06-30,72.35,3648,96.35,4,Linda Rose,joshua02@example.org,25,1,0,3,2025-07-20,Data Science Course 29,2,2,62
3151,814,6,2026-01-03,74.93,764,48.03,4,Lauren Jackson,savannahhoover@example.com,20,0,1,6,2025-10-29,Python Course 6,2,1,11
3152,307,37,2026-02-09,45.77,2981,41.33,4,Phillip Cervantes,teresalane@example.com,22,0,1,3,2025-11-14,SQL Course 37,0,0,38
3153,446,12,2025-07-29,94.35,645,51.15,1,Crystal Kim,ktaylor@example.org,30,1,0,0,2026-06-20,Deep Learning Course 12,5,2,57
3154,912,34,2025-11-04,73.07,806,63.74,4,Mark Neal,xdavis@example.org,20,0,0,2,2025-04-15,SQL Course 34,6,2,57
3155,927,20,2026-05-29,81.41,469,73.66,2,Kevin Brown,qjohnson@example.net,23,0,0,7,2026-06-05,Data Science Course 20,3,1,50
3156,173,25,2025-12-14,57.89,4456,77.92,2,Kelly Salinas,smithchristine@example.org,20,0,0,7,2025-05-16,Data Science Course 25,7,1,51
3157,333,10,2025-06-06,91.45,740,54.38,1,Joshua Houston,ecraig@example.net,18,0,1,6,2024-10-15,Python Course 10,6,2,10
3158,911,3,2025-10-31,31.03,3284,99.15,3,Eddie Jones,margaret32@example.net,23,1,0,6,2025-01-28,Python Course 3,3,2,52
3159,914,26,2025-09-01,68.31,4537,91.36,1,Emily Benson,knoxrebecca@example.org,20,0,0,0,2025-03-05,Computer Vision Course 26,7,1,22
3160,837,29,2025-07-23,81.91,2426,70.87,5,David Peterson,kristin79@example.org,34,0,1,1,2025-07-23,Data Science Course 29,2,2,62
3161,310,35,2026-01-20,94.56,246,53.09,1,Meghan Lopez,patrickchoi@example.net,32,0,2,0,2025-12-07,NLP Course 35,1,0,70
3162,223,37,2024-09-19,41.92,752,69.95,4,Margaret Ballard,ferrelldaniel@example.com,34,1,1,7,2024-07-14,SQL Course 37,0,0,38
3163,353,38,2025-03-04,69.07,854,80.5,3,Stacy Arroyo,silvaanthony@example.net,25,1,1,6,2024-08-25,Computer Vision Course 38,4,0,32
3164,575,12,2024-08-10,70.13,4478,75.96,3,Erin May,nortondeanna@example.com,33,1,0,4,2025-01-30,Deep Learning Course 12,5,2,57
3165,911,13,2024-09-09,75.33,1391,98.19,1,Eddie Jones,margaret32@example.net,23,1,0,6,2025-01-28,SQL Course 13,7,1,41
3166,26,35,2026-03-23,78.52,4102,77.26,4,Jasmine Perry,david03@example.net,31,1,0,1,2025-06-24,NLP Course 35,1,0,70
3167,507,48,2025-12-17,69.02,4713,60.63,3,Chad Stone,jasonroberts@example.com,29,0,2,5,2024-11-23,Power BI Course 48,7,2,62
3168,346,49,2025-01-10,54.65,2974,40.77,5,Nicholas Lee,amy51@example.org,34,1,2,0,2026-02-12,SQL Course 49,4,1,62
3169,494,26,2025-12-27,94.54,3414,49.38,3,John Lee,lisa57@example.net,21,1,1,6,2024-07-17,Computer Vision Course 26,7,1,22
3170,754,14,2026-01-24,73.62,1737,98.9,1,Margaret Allison,nicolaswright@example.net,24,1,1,1,2026-04-10,Python Course 14,1,1,43
3171,20,34,2024-12-01,38.93,3409,57.69,1,Rebecca Rosales,blakecharles@example.net,28,1,0,6,2025-09-30,SQL Course 34,6,2,57
3172,635,1,2026-06-04,96.02,4805,69.09,2,Ralph Carpenter,tiffany02@example.net,30,0,1,7,2025-10-08,Power BI Course 1,3,1,21
3173,658,40,2025-04-22,75.06,184,93.35,2,Emily Small,jacqueline94@example.com,22,0,1,3,2025-06-26,Machine Learning Course 40,2,2,64
3174,21,4,2025-10-21,22.63,4606,53.96,2,Jeffrey Lynn,sarapruitt@example.org,32,1,0,2,2024-07-15,Power BI Course 4,1,0,23
3175,128,24,2026-03-08,90.32,3177,76.73,4,Kathryn Ruiz,mossjoseph@example.net,32,0,0,2,2025-11-11,Computer Vision Course 24,5,2,21
3176,659,25,2025-12-05,58.52,4500,45.23,5,Sarah Malone,joel77@example.net,31,0,1,0,2025-05-02,Data Science Course 25,7,1,51
3177,159,50,2025-09-28,22.6,2202,59.96,5,Michael Clark,michaelford@example.net,21,0,0,0,2024-12-04,Python Course 50,3,1,46
3178,430,39,2024-10-12,73.02,3612,69.97,4,Robert White,michael44@example.org,35,0,0,3,2026-03-10,Power BI Course 39,4,2,33
3179,675,3,2025-03-31,31.4,1614,86.9,3,Phyllis French,elizabeth69@example.org,26,0,0,0,2025-01-23,Python Course 3,3,2,52
3180,107,41,2024-09-20,58.9,318,52.64,3,Robert Moon,webbchristopher@example.org,24,0,2,5,2025-05-17,Machine Learning Course 41,1,2,72
3181,60,8,2026-01-26,67.17,4061,64.64,1,Kenneth Rice,zfaulkner@example.net,26,0,0,4,2025-05-14,Python Course 8,1,2,38
3182,277,29,2025-09-03,37.0,4907,69.69,1,Cory Roy,deborahwalters@example.net,27,1,2,4,2026-01-08,Data Science Course 29,2,2,62
3183,778,8,2025-06-03,43.35,3938,44.07,2,Lee Martin,sarah67@example.com,20,1,0,3,2025-06-14,Python Course 8,1,2,38
3184,749,48,2025-11-22,55.5,4219,65.31,3,Lindsay Clark,cameron53@example.com,34,1,0,0,2025-06-14,Power BI Course 48,7,2,62
3185,55,12,2026-03-23,96.52,3798,73.66,4,Mr. Paul Lucero,millerchristine@example.org,26,0,1,4,2025-09-21,Deep Learning Course 12,5,2,57
3186,318,28,2026-06-30,59.21,2729,82.67,1,David Wilson,anthony58@example.com,29,1,2,7,2025-06-28,SQL Course 28,5,0,57
3187,805,22,2025-08-04,76.68,1791,87.47,5,Madison Green,sarahosborn@example.com,20,1,0,1,2025-11-09,Computer Vision Course 22,0,2,49
3188,394,39,2024-08-19,93.65,1702,98.89,1,Vanessa Cabrera,jaredwalker@example.net,24,0,0,4,2025-06-30,Power BI Course 39,4,2,33
3189,4,27,2026-05-30,29.95,2275,82.23,2,Donna Bennett DDS,analewis@example.net,20,1,0,7,2025-07-28,Computer Vision Course 27,5,0,70
3190,229,2,2026-02-06,65.31,3648,72.76,3,Rodney Johnson,nicholasphillips@example.net,34,1,0,2,2025-08-14,Data Science Course 2,1,0,41
3191,236,42,2025-02-04,92.94,3107,63.35,1,Kyle Foley,wdominguez@example.com,25,0,1,4,2026-01-04,NLP Course 42,0,0,75
3192,121,30,2025-01-23,27.55,4528,82.24,5,Jennifer Cowan,butlerjames@example.org,24,1,2,4,2024-11-15,Machine Learning Course 30,1,2,60
3193,735,16,2026-01-18,28.29,1407,42.91,3,Troy Brown,aimee96@example.org,29,1,2,1,2026-02-04,Deep Learning Course 16,5,0,68
3194,406,47,2025-01-23,39.54,1921,81.2,2,Michael White,joshua19@example.com,30,0,1,5,2025-07-04,SQL Course 47,5,2,40
3195,507,10,2024-10-22,84.78,1470,87.25,1,Chad Stone,jasonroberts@example.com,29,0,2,5,2024-11-23,Python Course 10,6,2,10
3196,46,27,2026-04-05,20.93,3459,50.75,3,Cassandra Sherman,barberdonna@example.net,31,1,1,2,2025-05-07,Computer Vision Course 27,5,0,70
3197,97,2,2025-04-17,57.61,368,50.65,4,Colton Swanson,michaelhale@example.com,21,0,1,2,2024-07-16,Data Science Course 2,1,0,41
3198,106,35,2025-09-14,47.08,2418,94.94,2,Tracie Price,timothy95@example.com,26,0,2,6,2025-06-13,NLP Course 35,1,0,70
3199,614,27,2024-11-25,47.02,671,70.1,4,Jessica Martinez,ymeyers@example.org,35,1,2,7,2025-05-16,Computer Vision Course 27,5,0,70
3200,168,3,2025-11-23,37.84,4469,89.42,2,Sharon Massey,kurt90@example.org,32,1,2,0,2025-06-10,Python Course 3,3,2,52
3201,434,3,2025-08-30,65.32,2351,62.32,2,Charles Melton,wendynguyen@example.com,19,0,0,7,2026-01-18,Python Course 3,3,2,52
3202,635,18,2026-04-19,34.11,373,62.24,1,Ralph Carpenter,tiffany02@example.net,30,0,1,7,2025-10-08,Machine Learning Course 18,0,0,25
3203,957,9,2026-07-02,50.76,835,80.7,4,Megan Cooper,sheila97@example.com,22,1,1,3,2024-12-30,SQL Course 9,6,0,47
3204,229,23,2026-03-31,97.48,3142,85.97,1,Rodney Johnson,nicholasphillips@example.net,34,1,0,2,2025-08-14,SQL Course 23,6,1,47
3205,124,10,2026-01-01,48.03,4791,91.54,5,Cheryl Wolfe,lori58@example.org,24,1,2,4,2024-11-16,Python Course 10,6,2,10
3206,703,2,2025-02-17,50.81,872,73.94,3,John Harper,yvillegas@example.org,25,1,2,0,2025-05-25,Data Science Course 2,1,0,41
3207,498,14,2025-10-21,52.86,1060,83.24,2,Isabella Alvarez,erin84@example.net,27,1,2,0,2025-07-25,Python Course 14,1,1,43
3208,95,36,2025-02-27,96.61,849,98.3,2,Shannon Caldwell,martineznatalie@example.org,32,0,2,0,2024-12-05,Computer Vision Course 36,2,0,77
3209,578,44,2025-08-27,55.32,2065,73.22,1,Victoria Williams,kellis@example.com,32,0,2,1,2024-08-15,Computer Vision Course 44,1,2,29
3210,840,5,2025-03-30,93.38,649,46.22,3,Andrew Olson,smithwilliam@example.com,20,0,0,4,2025-04-11,Computer Vision Course 5,6,1,55
3211,679,47,2025-02-12,66.43,4122,82.98,3,John Williams,nrogers@example.com,22,1,1,2,2024-11-15,SQL Course 47,5,2,40
3212,556,3,2026-03-22,76.68,2973,70.77,2,Molly Stewart,jennifer85@example.org,18,0,1,5,2026-03-13,Python Course 3,3,2,52
3213,884,16,2025-10-01,69.18,3452,42.92,4,Misty Smith,michaellee@example.com,31,1,2,6,2025-11-26,Deep Learning Course 16,5,0,68
3214,792,2,2026-01-03,21.69,4682,73.51,2,Alison Wagner,amydickson@example.net,32,1,2,7,2026-04-15,Data Science Course 2,1,0,41
3215,982,21,2025-12-23,98.72,4835,73.58,5,Troy Rodriguez,rickyvasquez@example.com,28,1,2,4,2026-06-05,Data Science Course 21,0,0,66
3216,666,23,2024-10-22,32.51,1077,46.39,5,Dawn Griffith,peterhernandez@example.com,31,1,1,6,2025-07-18,SQL Course 23,6,1,47
3217,711,3,2024-10-02,58.75,1219,53.42,2,Andrea Mccoy,bradley99@example.org,22,0,1,7,2024-07-13,Python Course 3,3,2,52
3218,136,49,2026-06-11,70.31,3662,81.34,4,Dawn Hoover,troy35@example.com,24,0,2,3,2025-08-23,SQL Course 49,4,1,62
3219,954,46,2024-11-14,87.8,4302,63.75,3,Stephen Johnson,dominiquethomas@example.net,22,0,1,1,2024-11-02,NLP Course 46,3,0,48
3220,536,2,2026-06-16,98.01,191,74.7,2,Jason Calderon,dawntodd@example.org,19,0,1,1,2024-08-23,Data Science Course 2,1,0,41
3221,986,34,2026-07-04,21.38,370,54.73,5,Willie Martinez,steven69@example.net,34,1,1,4,2026-06-20,SQL Course 34,6,2,57
3222,7,34,2024-07-18,29.42,2847,98.15,5,Anna Wilson,rsanchez@example.org,26,0,0,7,2025-01-24,SQL Course 34,6,2,57
3223,185,31,2024-11-21,24.76,1401,78.91,5,Gary Martinez,alowe@example.com,32,0,0,6,2025-01-14,Computer Vision Course 31,4,0,67
3224,343,23,2024-12-05,70.37,4952,54.5,2,Grant Jones,susan33@example.com,19,1,0,6,2025-12-19,SQL Course 23,6,1,47
3225,669,42,2026-01-27,91.17,3482,53.6,4,Erin Wall,rduncan@example.org,21,0,2,3,2026-01-12,NLP Course 42,0,0,75
3226,489,38,2025-05-15,51.66,3273,55.89,5,Jonathon Cox,jwilson@example.com,25,0,2,7,2024-10-07,Computer Vision Course 38,4,0,32
3227,850,23,2024-11-07,23.33,515,83.61,3,Kelli Hawkins,valerie86@example.com,30,1,2,1,2025-11-30,SQL Course 23,6,1,47
3228,68,19,2025-04-12,49.41,4534,77.4,1,Michele Garcia,hblair@example.com,25,1,2,3,2026-05-05,Machine Learning Course 19,0,0,37
3229,772,47,2025-12-24,59.67,2680,62.45,5,Pamela Pineda,ksullivan@example.net,18,0,1,7,2025-09-26,SQL Course 47,5,2,40
3230,595,38,2024-10-16,39.39,3227,67.77,5,Charles Chen,rdavis@example.org,24,0,2,6,2024-10-18,Computer Vision Course 38,4,0,32
3231,199,47,2026-01-03,55.81,3780,43.93,2,Lisa Sullivan,omitchell@example.org,27,1,2,5,2025-10-17,SQL Course 47,5,2,40
3232,53,4,2025-06-29,27.8,3835,41.75,3,Robin Hughes,grimestyler@example.org,34,1,1,4,2025-07-12,Power BI Course 4,1,0,23
3233,366,19,2024-09-17,24.33,3087,49.3,4,Tracey Clark,harrisstephen@example.org,25,1,1,2,2026-05-07,Machine Learning Course 19,0,0,37
3234,435,17,2024-09-23,97.91,2044,54.59,1,Judy Bennett,dquinn@example.org,22,1,1,0,2024-12-19,Deep Learning Course 17,1,0,22
3235,777,30,2025-02-05,85.11,562,53.39,4,Jennifer Scott,gcampbell@example.com,31,1,0,5,2024-12-19,Machine Learning Course 30,1,2,60
3236,526,2,2025-01-25,26.77,4918,78.35,1,Jonathan Edwards,richard56@example.com,34,1,2,5,2025-09-18,Data Science Course 2,1,0,41
3237,43,5,2024-08-03,47.86,3039,73.44,4,Jennifer Newman,jacobcooper@example.com,23,1,1,3,2025-11-01,Computer Vision Course 5,6,1,55
3238,620,19,2025-03-09,46.54,3401,84.05,4,Melvin Mitchell,jonesdonna@example.net,25,1,2,7,2024-09-27,Machine Learning Course 19,0,0,37
3239,173,47,2025-07-05,79.18,1317,96.77,1,Kelly Salinas,smithchristine@example.org,20,0,0,7,2025-05-16,SQL Course 47,5,2,40
3240,768,26,2026-01-15,49.79,3467,81.96,5,Dr. Cynthia Huerta MD,jeremycole@example.org,20,1,1,1,2025-12-23,Computer Vision Course 26,7,1,22
3241,168,16,2024-11-17,99.65,2172,92.57,2,Sharon Massey,kurt90@example.org,32,1,2,0,2025-06-10,Deep Learning Course 16,5,0,68
3242,137,25,2024-11-28,32.02,4359,87.43,4,Alison Taylor,gamblejasmine@example.org,26,0,1,3,2026-06-16,Data Science Course 25,7,1,51
3243,183,2,2026-04-21,42.45,3375,64.11,4,Ashley Brown,hinesstephen@example.org,32,0,1,3,2025-12-16,Data Science Course 2,1,0,41
3244,901,27,2025-03-15,34.64,4808,83.22,2,Michael Gonzalez,landryjohn@example.org,20,1,2,4,2024-10-20,Computer Vision Course 27,5,0,70
3245,258,39,2026-01-23,55.16,387,78.74,2,Robert Hall,vgallagher@example.org,22,0,1,6,2025-01-09,Power BI Course 39,4,2,33
3246,569,15,2025-09-21,56.23,4254,90.64,2,Renee Jones,chandlerjoseph@example.com,28,1,1,5,2025-04-21,Data Science Course 15,6,1,75
3247,979,30,2025-05-27,29.75,4395,50.64,2,Isaiah Ramos,spencebryan@example.net,26,0,0,2,2025-04-29,Machine Learning Course 30,1,2,60
3248,564,35,2025-01-04,90.34,2244,60.4,1,Christian Smith,grahambrenda@example.com,28,0,2,5,2024-08-23,NLP Course 35,1,0,70
3249,512,19,2025-10-30,44.73,2029,50.8,4,Beth Whitney,paulmcmahon@example.com,30,0,1,0,2024-09-09,Machine Learning Course 19,0,0,37
3250,410,20,2024-09-05,64.96,1103,69.94,5,Lisa Jones,alexandrapena@example.com,20,0,2,0,2024-08-25,Data Science Course 20,3,1,50
3251,255,22,2026-06-10,67.19,3927,69.79,4,Emily Carpenter,davistyler@example.org,34,1,0,5,2026-03-03,Computer Vision Course 22,0,2,49
3252,201,36,2026-06-16,69.21,3661,93.84,4,Andrew Delacruz,flynnmarcus@example.com,20,0,2,3,2025-07-30,Computer Vision Course 36,2,0,77
3253,112,34,2024-12-24,33.2,3569,90.14,1,Tyler May,rduncan@example.net,28,0,1,7,2024-08-26,SQL Course 34,6,2,57
3254,16,7,2024-10-07,51.98,355,77.9,4,Nicole Hendricks,elizabeth27@example.com,24,0,0,2,2024-09-28,Data Science Course 7,6,1,62
3255,638,28,2025-09-29,20.94,4283,97.92,3,Austin Flores,ryan04@example.com,18,1,2,1,2025-08-01,SQL Course 28,5,0,57
3256,597,39,2025-04-06,45.3,556,80.03,5,Katherine Willis,jeffreycabrera@example.org,28,1,1,3,2025-06-02,Power BI Course 39,4,2,33
3257,869,30,2025-08-04,54.41,3513,90.61,3,Cheryl Jacobs,wyattmitchell@example.net,18,1,1,7,2026-04-01,Machine Learning Course 30,1,2,60
3258,409,6,2024-08-17,38.91,1102,97.78,1,Christina Reynolds,yvonnemartinez@example.net,24,1,1,2,2026-07-04,Python Course 6,2,1,11
3259,826,42,2025-08-16,57.63,612,55.51,1,Diana Meyer,natashagarcia@example.org,23,0,2,0,2026-02-08,NLP Course 42,0,0,75
3260,108,18,2025-08-09,30.91,191,91.73,2,Christopher Grimes,teresacohen@example.com,22,0,0,1,2024-09-18,Machine Learning Course 18,0,0,25
3261,868,37,2025-08-06,93.05,4939,65.67,5,Vanessa Ross,qhudson@example.org,28,1,0,7,2025-01-23,SQL Course 37,0,0,38
3262,707,15,2025-02-18,92.78,4794,93.39,1,Kenneth Pitts,susanpage@example.org,29,0,1,4,2024-12-02,Data Science Course 15,6,1,75
3263,712,31,2024-09-05,55.68,4306,80.82,2,Nathan Lara,thomas51@example.net,29,0,1,4,2025-01-21,Computer Vision Course 31,4,0,67
3264,46,32,2025-09-12,44.38,4747,96.98,3,Cassandra Sherman,barberdonna@example.net,31,1,1,2,2025-05-07,SQL Course 32,2,1,41
3265,127,20,2024-08-22,44.85,4227,55.24,2,Sara Rodriguez,denniswatson@example.com,34,0,2,3,2026-01-13,Data Science Course 20,3,1,50
3266,688,41,2025-06-09,72.01,4182,97.13,3,Kelly Torres,shawn80@example.org,27,1,1,3,2025-08-21,Machine Learning Course 41,1,2,72
3267,548,17,2026-06-19,46.16,2880,84.15,4,Cheryl Brown,rodriguezeric@example.org,22,0,2,5,2026-03-07,Deep Learning Course 17,1,0,22
3268,775,32,2025-08-05,48.11,4646,78.17,4,John Wilson,melinda38@example.com,22,1,0,0,2026-06-19,SQL Course 32,2,1,41
3269,190,8,2024-07-29,90.78,2155,85.55,5,Justin Williams,raymond25@example.net,34,0,0,7,2024-11-11,Python Course 8,1,2,38
3270,340,30,2026-06-04,59.43,1661,69.96,3,Christopher Watts,tyler39@example.net,33,0,0,6,2024-10-25,Machine Learning Course 30,1,2,60
3271,822,44,2025-03-17,57.54,4860,78.71,2,Isaiah Meyer,colonmelissa@example.com,32,0,2,4,2025-12-12,Computer Vision Course 44,1,2,29
3272,577,8,2025-06-16,68.81,4740,43.78,5,John Wright,brittany20@example.org,35,0,2,3,2025-02-01,Python Course 8,1,2,38
3273,53,11,2026-05-01,95.41,4893,66.68,4,Robin Hughes,grimestyler@example.org,34,1,1,4,2025-07-12,SQL Course 11,0,0,15
3274,315,19,2024-11-17,93.05,4973,52.07,4,Katie Morse,bryan97@example.org,24,0,0,2,2025-01-01,Machine Learning Course 19,0,0,37
3275,34,38,2026-03-02,22.06,4171,40.55,4,Shawn Tapia,alec76@example.org,31,0,1,1,2024-08-12,Computer Vision Course 38,4,0,32
3276,696,38,2026-07-13,28.12,1320,42.52,3,Joshua Calderon,epowers@example.net,33,1,0,4,2025-03-28,Computer Vision Course 38,4,0,32
3277,672,23,2025-10-17,57.93,2013,79.5,1,Tammy Mcgrath,jessica07@example.org,35,0,1,3,2024-09-15,SQL Course 23,6,1,47
3278,231,41,2024-12-20,35.74,1565,46.79,3,Emily Lester,ogardner@example.org,18,1,0,2,2025-04-10,Machine Learning Course 41,1,2,72
3279,239,3,2025-12-21,34.27,2648,91.05,5,Juan Johnson,jonesgary@example.com,28,0,0,5,2025-04-07,Python Course 3,3,2,52
3280,934,19,2024-12-31,79.78,3857,57.31,2,Harold Duran,epacheco@example.com,18,0,1,1,2025-10-19,Machine Learning Course 19,0,0,37
3281,966,16,2026-01-16,65.24,953,63.69,4,James Sanchez,pthomas@example.org,18,1,2,1,2025-04-12,Deep Learning Course 16,5,0,68
3282,666,9,2024-12-16,47.1,198,82.99,2,Dawn Griffith,peterhernandez@example.com,31,1,1,6,2025-07-18,SQL Course 9,6,0,47
3283,910,12,2025-07-29,83.87,4598,81.1,3,John Miller,karen13@example.org,20,0,0,7,2025-10-18,Deep Learning Course 12,5,2,57
3284,207,16,2026-01-12,80.12,634,45.39,1,Carrie Jones,efoster@example.org,25,1,0,1,2025-11-26,Deep Learning Course 16,5,0,68
3285,123,50,2025-09-12,49.88,4286,51.46,2,Justin Bennett,steven14@example.org,28,1,0,6,2026-04-07,Python Course 50,3,1,46
3286,88,5,2024-10-30,28.48,1581,87.06,3,Brandi Rodriguez,jacobtate@example.com,21,1,0,2,2026-04-19,Computer Vision Course 5,6,1,55
3287,186,26,2025-06-17,84.92,4573,44.76,1,Jennifer Parks,williamsjason@example.net,27,1,2,6,2025-08-16,Computer Vision Course 26,7,1,22
3288,385,3,2026-05-15,58.0,4720,42.2,4,Harold Manning,rbarnes@example.net,29,1,0,2,2024-12-08,Python Course 3,3,2,52
3289,763,39,2026-05-11,63.07,2616,57.28,3,Julian Wallace,millergary@example.net,35,0,1,2,2025-09-12,Power BI Course 39,4,2,33
3290,687,5,2025-11-18,67.97,1832,86.53,2,Denise Young,brian67@example.com,33,1,2,2,2025-09-14,Computer Vision Course 5,6,1,55
3291,140,38,2024-07-15,20.87,4770,92.16,3,Cheyenne Jones,xgarcia@example.org,23,0,2,0,2026-02-02,Computer Vision Course 38,4,0,32
3292,704,3,2024-09-25,33.8,2168,52.1,4,Tamara Blake,matthewsjoe@example.com,30,0,2,2,2024-09-16,Python Course 3,3,2,52
3293,994,21,2025-02-17,32.05,2149,58.23,2,Peter Maxwell,evansmaria@example.net,29,1,2,0,2025-11-15,Data Science Course 21,0,0,66
3294,262,19,2026-04-26,64.63,2239,48.76,2,Anna Lane,aaron18@example.org,27,1,0,6,2025-07-10,Machine Learning Course 19,0,0,37
3295,490,14,2026-06-29,58.6,3500,99.32,2,Devin Clark,dustinlindsey@example.net,34,1,0,5,2025-07-12,Python Course 14,1,1,43
3296,260,50,2026-06-22,86.65,2940,76.7,4,Christine Williams,yrodriguez@example.org,32,1,0,3,2026-05-29,Python Course 50,3,1,46
3297,492,15,2025-04-18,36.98,2935,84.53,4,Mario Lopez,clementssean@example.com,21,0,1,4,2025-12-23,Data Science Course 15,6,1,75
3298,371,15,2024-09-21,97.77,2194,46.61,5,Heather Kelley,angiewagner@example.com,35,1,2,7,2025-08-12,Data Science Course 15,6,1,75
3299,567,50,2026-06-20,92.26,3061,93.2,2,Kenneth Payne,donna49@example.com,18,1,1,6,2025-03-08,Python Course 50,3,1,46
3300,187,29,2025-04-21,73.49,1830,56.14,5,Calvin Jenkins,bonnie24@example.net,19,1,0,3,2025-08-27,Data Science Course 29,2,2,62
3301,649,11,2026-07-13,55.2,2367,92.75,2,Patrick Johnson,solomonjennifer@example.net,33,0,1,0,2026-04-15,SQL Course 11,0,0,15
3302,808,42,2024-08-13,65.67,996,94.28,1,Matthew Reid,thompsonchristy@example.com,35,1,0,6,2025-07-13,NLP Course 42,0,0,75
3303,554,22,2024-07-25,99.83,4684,63.17,1,Morgan Clark,johnjones@example.org,21,1,0,6,2025-03-30,Computer Vision Course 22,0,2,49
3304,375,2,2024-12-20,84.49,987,99.6,1,Jose George,hernandezrichard@example.com,25,1,0,5,2025-06-11,Data Science Course 2,1,0,41
3305,587,19,2026-05-24,95.77,1907,77.06,1,Sarah Bender,wspencer@example.net,33,1,1,0,2026-05-17,Machine Learning Course 19,0,0,37
3306,648,47,2026-06-20,58.8,2020,83.97,4,Jessica Woods,jasmine92@example.com,25,1,0,2,2025-06-18,SQL Course 47,5,2,40
3307,727,47,2025-09-19,24.58,693,61.21,5,Sandy Hicks,gregoryholland@example.com,26,1,2,7,2026-03-14,SQL Course 47,5,2,40
3308,709,17,2026-03-23,65.85,2727,70.16,1,Lisa Cole,andreamoss@example.net,22,1,0,7,2025-10-22,Deep Learning Course 17,1,0,22
3309,579,14,2025-06-19,61.84,2720,54.28,1,Julie Moore,jamesraymond@example.org,33,0,2,7,2026-01-17,Python Course 14,1,1,43
3310,764,2,2024-12-26,75.11,2747,76.27,2,Michael Schroeder,lewisvanessa@example.net,19,0,2,1,2025-01-06,Data Science Course 2,1,0,41
3311,463,25,2025-06-27,25.99,439,75.28,4,Lisa Kim,chelseydiaz@example.net,34,1,1,1,2025-06-25,Data Science Course 25,7,1,51
3312,81,47,2024-07-20,47.21,3569,54.41,2,Christina Larson,sprince@example.org,27,0,2,6,2024-10-23,SQL Course 47,5,2,40
3313,300,15,2025-08-17,62.48,87,83.01,3,Nicole Edwards,davidbrown@example.com,30,0,2,3,2025-07-18,Data Science Course 15,6,1,75
3314,808,2,2026-04-08,48.68,3657,92.35,4,Matthew Reid,thompsonchristy@example.com,35,1,0,6,2025-07-13,Data Science Course 2,1,0,41
3315,160,34,2024-12-26,60.55,441,64.62,1,William Martinez,kwheeler@example.org,35,0,1,6,2026-03-04,SQL Course 34,6,2,57
3316,535,13,2025-04-24,73.0,3898,92.1,5,John Smith,melissa10@example.org,21,1,0,7,2026-04-11,SQL Course 13,7,1,41
3317,266,41,2024-09-23,74.77,1711,84.12,4,James Bonilla,jeffery90@example.org,18,0,0,3,2025-03-19,Machine Learning Course 41,1,2,72
3318,703,2,2024-09-11,84.3,4584,61.73,5,John Harper,yvillegas@example.org,25,1,2,0,2025-05-25,Data Science Course 2,1,0,41
3319,70,45,2025-12-05,31.98,4125,64.63,5,Jeremy Powell,wmurphy@example.net,27,1,2,5,2025-05-07,Power BI Course 45,0,1,69
3320,7,30,2025-06-24,43.01,221,94.46,4,Anna Wilson,rsanchez@example.org,26,0,0,7,2025-01-24,Machine Learning Course 30,1,2,60
3321,89,44,2024-12-26,83.99,632,73.77,1,Andrew Cannon,maryhaynes@example.com,26,1,0,3,2024-12-08,Computer Vision Course 44,1,2,29
3322,651,20,2025-01-14,73.59,1296,50.36,3,Charles Moore,susan61@example.net,30,0,0,7,2025-06-29,Data Science Course 20,3,1,50
3323,755,30,2025-03-01,55.84,4613,73.96,5,Brianna Moreno DVM,lovepamela@example.com,27,1,0,4,2024-07-17,Machine Learning Course 30,1,2,60
3324,212,1,2026-05-22,40.33,1208,42.26,1,Kimberly Woodard,douglasking@example.com,27,0,1,4,2024-08-20,Power BI Course 1,3,1,21
3325,517,3,2024-10-16,87.97,4929,68.25,4,Elizabeth Harding,wrichardson@example.com,33,0,0,7,2025-04-14,Python Course 3,3,2,52
3326,655,49,2025-02-12,33.67,2790,51.25,3,Steven Curtis,williamware@example.net,34,0,1,3,2025-06-16,SQL Course 49,4,1,62
3327,751,3,2024-10-07,24.32,1104,56.16,1,John Gay,cbartlett@example.org,34,1,1,2,2025-05-09,Python Course 3,3,2,52
3328,315,4,2024-11-24,39.62,2667,41.74,3,Katie Morse,bryan97@example.org,24,0,0,2,2025-01-01,Power BI Course 4,1,0,23
3329,935,12,2025-07-15,89.76,410,59.14,4,Tiffany Hunter,conniejimenez@example.com,20,0,1,2,2025-03-28,Deep Learning Course 12,5,2,57
3330,673,16,2025-11-01,80.84,2745,78.81,3,Lori Greer,strongmadison@example.org,25,1,0,3,2025-11-24,Deep Learning Course 16,5,0,68
3331,329,28,2025-12-28,84.56,1467,40.7,3,James Stevenson,cathy21@example.com,29,0,2,1,2025-05-07,SQL Course 28,5,0,57
3332,657,32,2025-11-29,83.85,3366,47.0,4,Anthony Le,anthonyhunter@example.net,25,1,0,4,2026-04-17,SQL Course 32,2,1,41
3333,962,6,2025-08-20,56.23,464,99.64,2,Joseph Richardson,ronald83@example.org,22,1,0,6,2024-09-08,Python Course 6,2,1,11
3334,485,14,2026-04-06,91.49,636,56.8,4,Douglas Thompson,jodicooper@example.org,29,0,1,4,2025-09-28,Python Course 14,1,1,43
3335,535,20,2025-01-15,94.27,3328,50.7,2,John Smith,melissa10@example.org,21,1,0,7,2026-04-11,Data Science Course 20,3,1,50
3336,661,42,2026-05-17,63.15,1353,51.3,4,Nathan Luna,lferguson@example.org,22,0,2,2,2025-12-31,NLP Course 42,0,0,75
3337,414,46,2026-05-18,23.94,143,58.61,1,Timothy Lopez,paul75@example.com,29,0,1,4,2024-09-25,NLP Course 46,3,0,48
3338,374,47,2025-03-07,51.71,4780,56.85,4,Kellie Williams,teresasanchez@example.org,25,1,2,5,2025-11-12,SQL Course 47,5,2,40
3339,815,24,2025-10-15,40.19,1487,65.7,2,Kara Hayes,william88@example.com,31,1,0,0,2025-08-01,Computer Vision Course 24,5,2,21
3340,781,44,2025-07-16,65.13,4933,99.07,2,Glenn Hanson,owensshannon@example.net,21,1,1,6,2025-12-15,Computer Vision Course 44,1,2,29
3341,936,7,2025-10-12,86.16,4520,78.7,3,Michelle Rich MD,sydney86@example.org,34,0,2,4,2026-03-20,Data Science Course 7,6,1,62
3342,997,38,2026-07-06,53.42,711,65.71,5,Jamie Gonzalez,denise91@example.org,31,0,1,7,2025-08-25,Computer Vision Course 38,4,0,32
3343,108,22,2025-05-26,84.68,3163,56.19,2,Christopher Grimes,teresacohen@example.com,22,0,0,1,2024-09-18,Computer Vision Course 22,0,2,49
3344,797,47,2025-12-14,76.12,2818,48.88,1,Steven Carpenter,fballard@example.org,30,1,1,6,2026-04-10,SQL Course 47,5,2,40
3345,614,38,2025-02-25,34.75,2216,70.37,3,Jessica Martinez,ymeyers@example.org,35,1,2,7,2025-05-16,Computer Vision Course 38,4,0,32
3346,637,49,2025-04-26,78.77,4535,99.48,4,James Anderson,smithjulie@example.net,34,0,0,2,2025-01-17,SQL Course 49,4,1,62
3347,137,43,2025-12-10,49.48,4236,45.71,3,Alison Taylor,gamblejasmine@example.org,26,0,1,3,2026-06-16,Data Science Course 43,3,2,73
3348,476,13,2026-05-18,27.1,3146,95.73,1,Debra Anderson,wilsonjonathon@example.org,34,0,0,1,2026-03-11,SQL Course 13,7,1,41
3349,487,21,2025-07-26,56.75,4094,85.97,4,George Brown,amberchang@example.com,29,0,1,1,2024-07-30,Data Science Course 21,0,0,66
3350,344,36,2024-09-14,64.36,4033,91.42,4,Alison Campbell,bdixon@example.net,27,0,2,0,2026-02-12,Computer Vision Course 36,2,0,77
3351,179,46,2024-12-17,75.78,1398,84.07,2,Jennifer Roberts,jenniferjones@example.org,31,1,2,0,2025-07-17,NLP Course 46,3,0,48
3352,289,8,2026-03-14,79.69,2363,52.88,1,Anna Holmes,erik98@example.net,28,0,0,1,2026-01-07,Python Course 8,1,2,38
3353,361,24,2024-07-16,63.31,3445,65.82,3,Kevin Richardson,kyoung@example.com,28,1,2,1,2025-02-22,Computer Vision Course 24,5,2,21
3354,76,40,2026-04-26,46.82,195,79.21,2,Glenn Davis,lisacollier@example.net,34,1,1,0,2025-10-20,Machine Learning Course 40,2,2,64
3355,155,42,2025-03-10,65.54,404,97.85,5,Charles Davis,weberjeffery@example.org,31,1,0,7,2025-02-10,NLP Course 42,0,0,75
3356,387,20,2025-09-04,49.72,1494,77.77,4,Robert Wright,allisondavis@example.org,27,1,2,2,2026-02-13,Data Science Course 20,3,1,50
3357,907,36,2025-02-01,71.41,4457,52.05,2,Robert Smith,jacksonbrian@example.org,20,0,0,5,2025-09-16,Computer Vision Course 36,2,0,77
3358,551,49,2025-03-18,30.2,3191,98.72,4,Christopher Barnes,kristina69@example.com,33,1,1,0,2025-11-13,SQL Course 49,4,1,62
3359,632,33,2025-05-21,43.8,1061,98.15,1,Misty Stewart,cferguson@example.com,26,1,1,2,2026-06-14,Power BI Course 33,7,1,58
3360,293,48,2026-04-26,83.61,1807,76.14,4,Tammy Leblanc,johngrant@example.org,21,1,0,6,2026-06-27,Power BI Course 48,7,2,62
3361,459,48,2025-01-17,49.27,932,92.03,2,Thomas Wood,heatherphillips@example.net,34,0,1,6,2026-02-26,Power BI Course 48,7,2,62
3362,706,42,2026-06-27,43.97,1427,93.66,3,John Richardson,angela49@example.com,33,0,2,7,2025-02-18,NLP Course 42,0,0,75
3363,52,34,2026-03-20,62.72,2334,67.93,5,Kyle Acosta,nicole41@example.org,18,0,1,2,2025-07-14,SQL Course 34,6,2,57
3364,818,41,2026-04-10,26.06,1299,55.13,4,Larry Crawford,morrisjeremy@example.org,22,1,0,0,2026-01-20,Machine Learning Course 41,1,2,72
3365,521,23,2025-01-03,28.75,3382,74.97,4,Brandon Crawford,wesleymckee@example.org,21,0,1,3,2026-06-24,SQL Course 23,6,1,47
3366,332,49,2025-12-09,66.56,3343,98.32,4,Drew Osborne,martinjulie@example.org,32,1,0,5,2025-10-13,SQL Course 49,4,1,62
3367,87,20,2024-08-12,37.85,1338,41.17,2,Paul Burgess,pcooper@example.org,27,1,2,1,2026-01-09,Data Science Course 20,3,1,50
3368,83,24,2025-04-27,34.61,2502,59.64,1,Gary Leonard,jimenezcharles@example.com,24,1,1,4,2026-03-09,Computer Vision Course 24,5,2,21
3369,484,44,2025-10-28,82.32,278,53.06,4,Scott Bradley,cpeterson@example.com,25,0,1,6,2025-01-12,Computer Vision Course 44,1,2,29
3370,733,44,2025-08-06,37.85,2471,86.5,4,David Wise,melissabrown@example.com,34,0,1,0,2024-08-13,Computer Vision Course 44,1,2,29
3371,875,6,2026-05-24,66.14,2685,45.96,5,Cynthia Pena,hodgestimothy@example.org,23,0,1,5,2025-12-20,Python Course 6,2,1,11
3372,795,1,2025-11-06,40.07,3242,86.96,4,Ashley Price,gonzalezmike@example.org,31,0,1,6,2025-04-01,Power BI Course 1,3,1,21
3373,186,14,2025-07-07,74.4,3617,79.76,2,Jennifer Parks,williamsjason@example.net,27,1,2,6,2025-08-16,Python Course 14,1,1,43
3374,50,16,2026-04-19,47.38,4355,42.92,5,Christopher Gomez,dcantrell@example.net,29,1,2,6,2024-08-13,Deep Learning Course 16,5,0,68
3375,636,9,2025-08-18,87.86,1260,71.73,4,Jamie Becker,cbentley@example.net,21,1,2,3,2024-11-27,SQL Course 9,6,0,47
3376,545,48,2025-02-03,90.28,2184,66.18,3,Lynn Christensen,paulsharp@example.net,33,0,1,7,2025-11-17,Power BI Course 48,7,2,62
3377,226,21,2025-11-29,33.23,3301,95.78,5,Susan Schroeder,pwilson@example.net,29,0,0,6,2025-04-25,Data Science Course 21,0,0,66
3378,441,11,2025-10-01,33.93,3481,54.64,5,Steven Warner,jennifercarr@example.org,30,0,1,6,2026-05-20,SQL Course 11,0,0,15
3379,904,5,2024-10-28,29.87,1802,53.18,3,Gregory Dixon,goodwinterry@example.com,21,1,1,4,2025-03-24,Computer Vision Course 5,6,1,55
3380,636,1,2025-01-23,40.74,4037,58.41,4,Jamie Becker,cbentley@example.net,21,1,2,3,2024-11-27,Power BI Course 1,3,1,21
3381,253,32,2025-11-24,26.99,3530,63.9,1,Cynthia Taylor,kayla36@example.net,26,0,0,1,2025-11-11,SQL Course 32,2,1,41
3382,166,4,2025-10-17,44.84,4255,79.01,3,Matthew Gibson,obarnes@example.com,33,1,1,3,2026-04-23,Power BI Course 4,1,0,23
3383,822,33,2025-10-08,27.73,1312,87.38,5,Isaiah Meyer,colonmelissa@example.com,32,0,2,4,2025-12-12,Power BI Course 33,7,1,58
3384,751,11,2026-06-07,79.29,3908,85.33,2,John Gay,cbartlett@example.org,34,1,1,2,2025-05-09,SQL Course 11,0,0,15
3385,77,44,2025-07-28,71.88,801,83.01,3,Clifford Robbins,gloria07@example.com,20,0,0,7,2025-12-06,Computer Vision Course 44,1,2,29
3386,50,2,2026-01-06,22.56,2807,54.35,4,Christopher Gomez,dcantrell@example.net,29,1,2,6,2024-08-13,Data Science Course 2,1,0,41
3387,394,7,2025-10-21,66.06,3779,83.71,3,Vanessa Cabrera,jaredwalker@example.net,24,0,0,4,2025-06-30,Data Science Course 7,6,1,62
3388,84,31,2025-08-03,44.78,3229,85.74,2,Teresa Brown,wilsonjoshua@example.net,28,0,1,5,2025-12-07,Computer Vision Course 31,4,0,67
3389,742,10,2025-06-02,99.74,3517,88.68,3,Megan Mckee,dixoncarolyn@example.org,25,0,0,4,2026-06-17,Python Course 10,6,2,10
3390,186,37,2026-07-07,84.36,753,79.47,5,Jennifer Parks,williamsjason@example.net,27,1,2,6,2025-08-16,SQL Course 37,0,0,38
3391,672,44,2024-09-23,29.25,1714,88.96,4,Tammy Mcgrath,jessica07@example.org,35,0,1,3,2024-09-15,Computer Vision Course 44,1,2,29
3392,876,50,2025-03-14,22.57,3761,72.93,1,Brittany Lester,johnsonrobert@example.com,27,0,1,7,2026-05-09,Python Course 50,3,1,46
3393,926,22,2025-10-30,39.13,3849,87.72,4,Reginald Moore,tammyhicks@example.org,22,0,1,0,2025-03-19,Computer Vision Course 22,0,2,49
3394,773,46,2025-07-12,66.6,579,94.72,1,Gina Burch,michaelwu@example.com,35,0,1,2,2025-10-14,NLP Course 46,3,0,48
3395,85,28,2025-05-17,83.1,1506,85.59,5,Marcus Stanley,williamkrueger@example.org,22,0,1,6,2025-06-06,SQL Course 28,5,0,57
3396,870,8,2024-10-04,38.18,3995,70.88,4,Rebecca Briggs,brianburnett@example.org,32,1,0,4,2024-11-13,Python Course 8,1,2,38
3397,179,25,2026-01-10,89.41,3173,99.1,3,Jennifer Roberts,jenniferjones@example.org,31,1,2,0,2025-07-17,Data Science Course 25,7,1,51
3398,501,26,2025-09-05,39.47,121,71.57,1,Barbara Simmons,charlene23@example.com,19,0,2,3,2024-10-02,Computer Vision Course 26,7,1,22
3399,861,39,2025-09-06,81.21,1993,92.32,2,William Brown,mmorales@example.org,30,1,2,5,2025-03-12,Power BI Course 39,4,2,33
3400,963,3,2026-03-09,24.44,3493,63.86,2,Gina Collins,bakertheresa@example.org,26,1,1,1,2024-09-07,Python Course 3,3,2,52
3401,664,12,2024-09-05,66.33,180,95.8,2,Ashley Ward,huberchristina@example.com,23,0,0,1,2024-09-02,Deep Learning Course 12,5,2,57
3402,150,32,2025-05-14,86.25,4600,86.89,3,Veronica Harris,madison69@example.net,28,0,1,0,2024-10-09,SQL Course 32,2,1,41
3403,154,16,2025-06-29,95.72,1290,89.42,2,Hunter Terry,anthonyguerrero@example.net,18,0,0,7,2025-05-30,Deep Learning Course 16,5,0,68
3404,450,9,2026-03-19,61.96,3131,40.09,3,Mrs. Cassandra Fernandez DVM,joycemichael@example.com,30,1,2,4,2025-11-28,SQL Course 9,6,0,47
3405,160,37,2025-12-09,42.68,3972,77.2,1,William Martinez,kwheeler@example.org,35,0,1,6,2026-03-04,SQL Course 37,0,0,38
3406,29,33,2024-08-31,76.67,2734,75.37,4,Joshua Wilson,campbellmelissa@example.com,18,1,0,1,2025-09-16,Power BI Course 33,7,1,58
3407,521,38,2025-04-05,50.49,2214,87.5,3,Brandon Crawford,wesleymckee@example.org,21,0,1,3,2026-06-24,Computer Vision Course 38,4,0,32
3408,210,31,2025-05-03,53.57,1985,73.51,2,Nicholas Moore,galexander@example.net,31,1,1,4,2025-12-30,Computer Vision Course 31,4,0,67
3409,276,7,2025-11-21,23.87,493,68.87,1,Brandon White,lisamunoz@example.net,35,1,0,4,2025-03-05,Data Science Course 7,6,1,62
3410,756,14,2026-01-21,72.97,830,95.83,4,Robert Mccoy,kwilson@example.org,31,0,2,7,2025-09-12,Python Course 14,1,1,43
3411,770,5,2025-07-08,78.7,1972,86.99,3,Susan Nixon,xtrevino@example.com,34,1,1,2,2024-08-04,Computer Vision Course 5,6,1,55
3412,493,28,2024-08-25,79.64,4065,96.97,2,Kyle Hull,awilliams@example.com,31,1,1,4,2026-01-20,SQL Course 28,5,0,57
3413,597,16,2025-11-05,54.53,3820,93.47,1,Katherine Willis,jeffreycabrera@example.org,28,1,1,3,2025-06-02,Deep Learning Course 16,5,0,68
3414,255,9,2025-04-21,34.28,2706,63.65,5,Emily Carpenter,davistyler@example.org,34,1,0,5,2026-03-03,SQL Course 9,6,0,47
3415,107,11,2025-01-15,24.91,3712,67.49,3,Robert Moon,webbchristopher@example.org,24,0,2,5,2025-05-17,SQL Course 11,0,0,15
3416,763,20,2025-07-04,62.97,3881,85.79,1,Julian Wallace,millergary@example.net,35,0,1,2,2025-09-12,Data Science Course 20,3,1,50
3417,626,34,2025-02-25,20.05,332,80.82,3,Taylor Lamb,aguilartroy@example.org,30,1,1,0,2025-06-27,SQL Course 34,6,2,57
3418,589,24,2026-05-30,34.26,3073,95.84,1,Makayla Hardin,gatesheather@example.org,21,1,1,1,2026-06-07,Computer Vision Course 24,5,2,21
3419,98,13,2025-02-05,70.58,3058,58.0,3,Robert Johnson,vsmith@example.org,24,0,2,5,2026-03-11,SQL Course 13,7,1,41
3420,589,45,2024-09-23,73.75,2688,83.78,2,Makayla Hardin,gatesheather@example.org,21,1,1,1,2026-06-07,Power BI Course 45,0,1,69
3421,561,24,2026-06-11,45.22,3521,94.58,1,Edward Benson,gskinner@example.net,18,1,0,6,2025-03-01,Computer Vision Course 24,5,2,21
3422,814,21,2024-11-15,82.98,2738,48.83,3,Lauren Jackson,savannahhoover@example.com,20,0,1,6,2025-10-29,Data Science Course 21,0,0,66
3423,581,37,2024-12-18,58.26,1003,72.37,5,Joshua Bradford,bblair@example.com,27,1,0,1,2025-05-28,SQL Course 37,0,0,38
3424,841,18,2025-08-28,84.95,4654,77.14,3,John Webster,michelle12@example.net,33,1,1,4,2024-09-03,Machine Learning Course 18,0,0,25
3425,520,42,2025-03-08,33.47,504,88.52,5,Kyle Proctor,catherine45@example.net,35,0,1,1,2026-07-09,NLP Course 42,0,0,75
3426,568,16,2025-02-03,40.14,717,93.94,4,Carolyn Watson,davidtyler@example.com,20,0,1,2,2024-08-03,Deep Learning Course 16,5,0,68
3427,770,8,2024-12-19,52.58,2312,68.36,3,Susan Nixon,xtrevino@example.com,34,1,1,2,2024-08-04,Python Course 8,1,2,38
3428,815,34,2025-07-27,32.67,4650,63.29,3,Kara Hayes,william88@example.com,31,1,0,0,2025-08-01,SQL Course 34,6,2,57
3429,877,1,2025-11-04,34.87,3692,88.31,3,Jacqueline Middleton,smithchristine@example.net,24,0,2,7,2024-12-21,Power BI Course 1,3,1,21
3430,598,14,2025-05-14,59.8,4265,56.45,2,John Horne,perezkelli@example.net,26,0,2,1,2024-08-25,Python Course 14,1,1,43
3431,688,2,2024-08-25,45.25,1080,46.7,3,Kelly Torres,shawn80@example.org,27,1,1,3,2025-08-21,Data Science Course 2,1,0,41
3432,760,35,2025-06-25,42.8,156,95.92,3,Michelle Hanna,fuenteskyle@example.net,33,0,2,4,2024-10-01,NLP Course 35,1,0,70
3433,19,11,2025-04-06,96.57,3145,93.62,5,Troy Jones,lcallahan@example.com,25,1,0,6,2024-12-10,SQL Course 11,0,0,15
3434,885,15,2025-08-05,93.22,2321,80.35,4,Laura Miller,briansuarez@example.com,35,0,2,3,2025-11-29,Data Science Course 15,6,1,75
3435,658,36,2026-06-19,98.47,4400,91.59,2,Emily Small,jacqueline94@example.com,22,0,1,3,2025-06-26,Computer Vision Course 36,2,0,77
3436,755,44,2025-06-07,43.91,3059,74.76,3,Brianna Moreno DVM,lovepamela@example.com,27,1,0,4,2024-07-17,Computer Vision Course 44,1,2,29
3437,680,29,2025-08-07,29.81,2150,96.55,1,Jackie Frank,elizabethnguyen@example.org,21,1,1,2,2024-12-11,Data Science Course 29,2,2,62
3438,45,32,2025-04-23,61.44,3797,79.5,4,Maria Fernandez,matthew27@example.org,34,0,2,7,2025-09-20,SQL Course 32,2,1,41
3439,714,7,2024-10-04,60.89,4031,99.7,1,Carl Robertson,johndaniel@example.org,19,1,1,6,2026-04-17,Data Science Course 7,6,1,62
3440,101,33,2026-07-04,69.83,700,99.29,3,Frank Vaughn,sarah14@example.net,20,0,2,2,2025-08-21,Power BI Course 33,7,1,58
3441,734,1,2026-05-17,65.91,789,92.28,2,Robert Richmond,williamsrichard@example.net,20,0,0,3,2024-08-01,Power BI Course 1,3,1,21
3442,185,45,2025-05-29,27.28,2377,70.13,2,Gary Martinez,alowe@example.com,32,0,0,6,2025-01-14,Power BI Course 45,0,1,69
3443,791,46,2024-07-30,56.15,293,61.2,4,Dylan Martin,michellestewart@example.net,24,1,2,0,2025-01-02,NLP Course 46,3,0,48
3444,348,28,2025-08-30,38.72,616,53.12,5,Michael Johnson,waustin@example.org,24,1,1,5,2024-09-18,SQL Course 28,5,0,57
3445,530,32,2025-07-25,43.35,756,97.68,3,John Smith,haynesstephanie@example.com,25,0,0,0,2025-03-23,SQL Course 32,2,1,41
3446,324,7,2026-02-10,53.85,2376,61.08,3,Janice Brown,matthewcooley@example.org,26,1,0,6,2026-07-06,Data Science Course 7,6,1,62
3447,72,40,2024-09-05,51.66,533,86.54,3,Jon Williams,martinlisa@example.org,18,0,2,7,2026-04-04,Machine Learning Course 40,2,2,64
3448,213,4,2025-11-17,22.17,2224,62.43,4,Jessica Oliver,thomasallison@example.com,25,0,0,5,2025-08-10,Power BI Course 4,1,0,23
3449,81,8,2024-12-12,32.63,1806,42.69,1,Christina Larson,sprince@example.org,27,0,2,6,2024-10-23,Python Course 8,1,2,38
3450,649,5,2026-03-14,42.68,2004,86.73,5,Patrick Johnson,solomonjennifer@example.net,33,0,1,0,2026-04-15,Computer Vision Course 5,6,1,55
3451,2,42,2024-10-19,25.59,2194,57.59,2,Sandra Gonzalez,amandacampos@example.org,32,0,1,7,2024-10-04,NLP Course 42,0,0,75
3452,381,26,2026-03-08,85.35,869,45.54,5,Patricia Fowler,watsonbarbara@example.org,19,0,0,7,2024-10-03,Computer Vision Course 26,7,1,22
3453,719,49,2025-06-28,94.13,1479,42.57,5,Lorraine Monroe,lauriewilliams@example.net,19,1,1,3,2026-06-28,SQL Course 49,4,1,62
3454,169,13,2025-08-28,45.86,3800,57.6,5,Brandon Shepherd,hughesjames@example.org,30,1,2,7,2025-12-24,SQL Course 13,7,1,41
3455,108,28,2025-02-27,95.55,3978,72.39,1,Christopher Grimes,teresacohen@example.com,22,0,0,1,2024-09-18,SQL Course 28,5,0,57
3456,19,50,2026-03-28,62.1,3249,58.06,4,Troy Jones,lcallahan@example.com,25,1,0,6,2024-12-10,Python Course 50,3,1,46
3457,189,19,2025-04-20,70.19,3281,77.25,4,Patricia Ramirez,destiny22@example.org,23,1,0,4,2025-08-25,Machine Learning Course 19,0,0,37
3458,860,23,2026-02-16,52.03,2208,48.33,4,Joyce Johnson,arodriguez@example.com,28,0,0,7,2026-02-06,SQL Course 23,6,1,47
3459,499,29,2025-10-26,73.41,3888,60.94,2,Michaela Brown,kevin19@example.com,26,1,0,2,2026-03-08,Data Science Course 29,2,2,62
3460,392,1,2026-06-24,76.84,1452,87.8,2,Albert Brown,davenporthunter@example.org,28,0,1,2,2024-10-29,Power BI Course 1,3,1,21
3461,181,6,2025-09-08,49.4,265,63.02,5,Brian Mcconnell,jamesdixon@example.net,28,1,1,7,2026-04-02,Python Course 6,2,1,11
3462,106,22,2026-01-23,92.27,2914,75.44,1,Tracie Price,timothy95@example.com,26,0,2,6,2025-06-13,Computer Vision Course 22,0,2,49
3463,309,3,2025-06-03,35.23,2829,53.39,4,Kimberly Smith,julialevy@example.org,25,0,1,3,2025-06-03,Python Course 3,3,2,52
3464,311,48,2024-09-23,59.58,4893,72.28,1,Joseph Shaw,hannahfernandez@example.net,29,1,2,2,2024-12-22,Power BI Course 48,7,2,62
3465,835,49,2025-08-03,27.08,1349,73.42,1,Mr. Thomas Huang MD,rpatterson@example.org,31,0,0,4,2025-02-21,SQL Course 49,4,1,62
3466,136,12,2025-03-22,58.04,3079,64.19,5,Dawn Hoover,troy35@example.com,24,0,2,3,2025-08-23,Deep Learning Course 12,5,2,57
3467,10,14,2025-09-30,48.67,4197,72.4,5,Jennifer Mayer,yschaefer@example.org,23,1,1,5,2024-12-02,Python Course 14,1,1,43
3468,877,21,2024-11-01,79.06,2819,49.02,4,Jacqueline Middleton,smithchristine@example.net,24,0,2,7,2024-12-21,Data Science Course 21,0,0,66
3469,560,19,2024-09-30,53.13,3455,84.72,2,Jennifer Malone,rhonda12@example.com,19,0,1,6,2026-03-06,Machine Learning Course 19,0,0,37
3470,37,32,2025-12-21,36.84,3931,60.09,4,Cameron Wood Jr.,ashleyvaldez@example.org,29,1,2,3,2024-09-06,SQL Course 32,2,1,41
3471,301,46,2025-01-14,55.94,1839,64.56,5,Carol Miller,hwatson@example.com,35,1,0,6,2025-09-14,NLP Course 46,3,0,48
3472,539,21,2025-08-01,78.71,4547,94.46,1,Jennifer Byrd,kmoody@example.com,34,0,0,3,2026-02-14,Data Science Course 21,0,0,66
3473,797,18,2025-04-10,37.25,1200,68.88,2,Steven Carpenter,fballard@example.org,30,1,1,6,2026-04-10,Machine Learning Course 18,0,0,25
3474,115,6,2025-12-31,35.64,276,60.03,2,Tiffany Thompson,john91@example.com,23,0,0,6,2025-10-18,Python Course 6,2,1,11
3475,533,16,2025-06-03,28.45,3446,61.6,4,Daisy Torres,john71@example.org,18,1,1,6,2024-12-11,Deep Learning Course 16,5,0,68
3476,846,1,2025-09-20,38.64,4520,70.33,5,Kevin Ruiz,pmartin@example.net,21,1,1,7,2024-11-16,Power BI Course 1,3,1,21
3477,651,28,2024-09-24,46.85,1837,52.92,4,Charles Moore,susan61@example.net,30,0,0,7,2025-06-29,SQL Course 28,5,0,57
3478,878,16,2025-07-20,66.83,3096,62.64,4,Amy Lee,nsullivan@example.org,22,1,1,7,2026-02-26,Deep Learning Course 16,5,0,68
3479,596,44,2026-03-11,73.08,232,47.56,5,Melissa Wright,richardwells@example.org,25,0,0,0,2026-05-15,Computer Vision Course 44,1,2,29
3480,52,30,2024-11-09,94.68,3470,89.16,5,Kyle Acosta,nicole41@example.org,18,0,1,2,2025-07-14,Machine Learning Course 30,1,2,60
3481,176,32,2024-11-03,85.92,2625,87.3,3,Caitlin Hodges,daryljohnson@example.org,22,1,2,2,2025-11-22,SQL Course 32,2,1,41
3482,130,27,2026-06-01,31.05,959,89.85,5,Paul Moore,mikaylakirk@example.net,28,1,0,3,2025-06-18,Computer Vision Course 27,5,0,70
3483,304,43,2024-11-25,46.45,3918,83.16,2,Deborah Reed,ttorres@example.org,27,1,1,1,2025-05-14,Data Science Course 43,3,2,73
3484,742,47,2026-07-05,99.44,3104,46.6,3,Megan Mckee,dixoncarolyn@example.org,25,0,0,4,2026-06-17,SQL Course 47,5,2,40
3485,602,9,2026-01-07,43.48,3998,76.38,4,Craig Miller,laura40@example.org,20,1,1,5,2024-08-30,SQL Course 9,6,0,47
3486,558,29,2026-04-29,59.74,2336,55.38,3,Stephen Vaughan,oturner@example.com,22,1,0,6,2025-10-20,Data Science Course 29,2,2,62
3487,935,1,2025-05-14,91.43,792,58.71,2,Tiffany Hunter,conniejimenez@example.com,20,0,1,2,2025-03-28,Power BI Course 1,3,1,21
3488,270,17,2025-01-03,75.25,2013,81.83,1,Travis Howard,dianabrown@example.org,24,0,1,4,2026-03-07,Deep Learning Course 17,1,0,22
3489,456,27,2025-09-13,53.0,303,45.41,3,Shelly Davis,ericthompson@example.net,22,0,1,4,2025-03-21,Computer Vision Course 27,5,0,70
3490,262,21,2026-03-10,37.94,3002,60.93,5,Anna Lane,aaron18@example.org,27,1,0,6,2025-07-10,Data Science Course 21,0,0,66
3491,897,24,2024-11-10,38.23,1167,95.68,4,Jacob Leonard,austinbaxter@example.com,34,0,0,1,2026-05-02,Computer Vision Course 24,5,2,21
3492,991,16,2025-03-07,38.57,574,52.13,4,Mitchell Adams,rware@example.org,30,1,0,0,2024-10-27,Deep Learning Course 16,5,0,68
3493,740,20,2025-06-04,63.49,976,61.95,2,Timothy Mcgee,bchristensen@example.net,21,0,0,6,2026-04-06,Data Science Course 20,3,1,50
3494,178,21,2026-01-12,24.79,3918,58.17,1,Mallory Maldonado,acostatrevor@example.net,33,0,1,1,2024-09-05,Data Science Course 21,0,0,66
3495,653,24,2026-05-27,63.26,2110,65.59,3,Jason Kennedy,eduardo15@example.org,28,0,2,5,2024-11-25,Computer Vision Course 24,5,2,21
3496,217,35,2024-12-13,67.42,4651,41.32,1,Mary Carey,jenniferprice@example.org,31,1,2,5,2026-01-02,NLP Course 35,1,0,70
3497,497,18,2024-11-04,60.21,4163,76.23,5,Michael Cain,kevinbrooks@example.org,18,1,2,6,2025-02-04,Machine Learning Course 18,0,0,25
3498,197,6,2025-06-10,31.21,1342,96.48,5,Sherry Maynard,william07@example.com,30,0,1,7,2025-09-15,Python Course 6,2,1,11
3499,24,20,2025-04-02,45.79,394,62.56,3,Samuel Russell,rodgerserin@example.com,28,1,1,6,2026-06-06,Data Science Course 20,3,1,50
3500,7,38,2025-05-18,68.18,406,75.08,1,Anna Wilson,rsanchez@example.org,26,0,0,7,2025-01-24,Computer Vision Course 38,4,0,32
3501,563,13,2025-10-05,32.71,2651,56.91,2,Philip White,vcortez@example.com,35,1,1,1,2024-10-22,SQL Course 13,7,1,41
3502,30,35,2025-03-15,63.79,1745,94.7,5,Rebecca Herrera,jacquelinedavis@example.org,31,1,2,5,2025-04-25,NLP Course 35,1,0,70
3503,573,28,2024-08-13,26.24,4653,77.66,5,Alejandro Webb,hbrewer@example.net,25,0,0,2,2025-04-09,SQL Course 28,5,0,57
3504,507,41,2026-03-30,92.28,2772,87.94,1,Chad Stone,jasonroberts@example.com,29,0,2,5,2024-11-23,Machine Learning Course 41,1,2,72
3505,261,23,2025-05-29,24.66,4768,79.98,2,Cheryl Cameron,wblanchard@example.net,32,0,0,4,2025-06-29,SQL Course 23,6,1,47
3506,306,3,2024-09-18,31.93,774,79.14,2,Timothy Buckley,warewesley@example.org,18,1,1,4,2025-09-07,Python Course 3,3,2,52
3507,194,2,2026-04-10,57.05,1935,59.66,3,Gregory Downs,whitneycarter@example.com,21,0,0,2,2025-05-19,Data Science Course 2,1,0,41
3508,341,11,2025-05-16,88.95,1413,63.89,2,Margaret Daniel,kimberly13@example.org,24,0,0,3,2024-08-22,SQL Course 11,0,0,15
3509,449,19,2026-02-08,22.04,1354,93.05,1,Christian Burke,ubailey@example.net,35,1,2,3,2026-05-13,Machine Learning Course 19,0,0,37
3510,461,42,2024-11-20,93.07,1725,86.46,4,Teresa Anthony,danielthornton@example.com,34,1,0,7,2025-12-10,NLP Course 42,0,0,75
3511,826,42,2024-09-24,69.18,4844,86.29,3,Diana Meyer,natashagarcia@example.org,23,0,2,0,2026-02-08,NLP Course 42,0,0,75
3512,480,9,2026-06-28,31.0,2950,72.48,2,Gregg Jensen,cdaniels@example.org,18,1,2,1,2025-09-16,SQL Course 9,6,0,47
3513,311,48,2025-10-05,73.9,1670,45.5,2,Joseph Shaw,hannahfernandez@example.net,29,1,2,2,2024-12-22,Power BI Course 48,7,2,62
3514,441,16,2025-09-20,58.66,672,59.32,3,Steven Warner,jennifercarr@example.org,30,0,1,6,2026-05-20,Deep Learning Course 16,5,0,68
3515,785,3,2025-10-05,33.09,2448,41.7,1,John Anthony,lozanojessica@example.org,25,1,2,5,2026-06-10,Python Course 3,3,2,52
3516,53,32,2024-09-08,41.09,1579,85.07,1,Robin Hughes,grimestyler@example.org,34,1,1,4,2025-07-12,SQL Course 32,2,1,41
3517,809,27,2026-04-11,80.31,4643,49.15,5,Alison Martinez,bgordon@example.net,26,0,0,2,2026-06-29,Computer Vision Course 27,5,0,70
3518,847,23,2024-12-03,62.38,868,97.16,4,Sarah Young,jwilliams@example.net,19,1,0,5,2026-05-12,SQL Course 23,6,1,47
3519,553,17,2024-07-26,92.14,1886,95.47,3,Martha Lee,hcampbell@example.net,32,0,2,1,2025-11-07,Deep Learning Course 17,1,0,22
3520,735,42,2026-05-27,51.83,649,71.9,5,Troy Brown,aimee96@example.org,29,1,2,1,2026-02-04,NLP Course 42,0,0,75
3521,181,36,2025-12-11,62.07,4904,61.88,3,Brian Mcconnell,jamesdixon@example.net,28,1,1,7,2026-04-02,Computer Vision Course 36,2,0,77
3522,920,34,2025-02-27,26.14,1198,53.89,1,James Black,riggsrobert@example.com,28,0,1,5,2025-04-02,SQL Course 34,6,2,57
3523,606,37,2026-01-19,22.1,156,66.52,5,Michelle Buckley,zhoward@example.org,34,0,2,3,2024-07-22,SQL Course 37,0,0,38
3524,510,25,2024-07-25,20.42,2149,72.23,3,Bradley Jenkins,lindakelly@example.net,22,0,2,2,2026-02-26,Data Science Course 25,7,1,51
3525,10,50,2025-01-05,21.68,1417,93.7,2,Jennifer Mayer,yschaefer@example.org,23,1,1,5,2024-12-02,Python Course 50,3,1,46
3526,886,9,2026-01-31,31.68,281,82.31,4,Tina Turner,kenneth57@example.net,26,0,1,2,2025-02-08,SQL Course 9,6,0,47
3527,90,40,2025-01-14,87.05,1865,55.42,2,Marissa Young,waterscassie@example.com,28,1,0,6,2024-07-18,Machine Learning Course 40,2,2,64
3528,791,11,2025-05-09,86.95,4923,47.3,4,Dylan Martin,michellestewart@example.net,24,1,2,0,2025-01-02,SQL Course 11,0,0,15
3529,202,18,2025-05-14,74.93,2181,65.12,5,Kim Sullivan,thompsoneduardo@example.org,21,1,0,1,2025-01-23,Machine Learning Course 18,0,0,25
3530,425,42,2024-12-15,41.47,4587,84.06,2,Daniel Cherry,herbert42@example.org,20,0,2,5,2025-12-12,NLP Course 42,0,0,75
3531,353,32,2024-09-17,87.8,1615,67.5,5,Stacy Arroyo,silvaanthony@example.net,25,1,1,6,2024-08-25,SQL Course 32,2,1,41
3532,372,31,2026-03-18,51.12,1615,78.79,1,Haley Thompson,yrogers@example.net,35,0,1,2,2025-05-24,Computer Vision Course 31,4,0,67
3533,518,12,2025-09-05,44.74,1692,66.59,4,Rebecca Grant,schwartzchristopher@example.com,26,1,2,6,2024-08-12,Deep Learning Course 12,5,2,57
3534,22,12,2026-04-18,89.65,2209,46.09,4,William Juarez,qgomez@example.com,24,0,0,0,2024-08-06,Deep Learning Course 12,5,2,57
3535,338,1,2026-07-06,31.78,3892,51.43,4,Michael Trevino,toni63@example.org,29,0,2,6,2025-07-11,Power BI Course 1,3,1,21
3536,19,10,2024-12-25,51.37,4609,68.74,5,Troy Jones,lcallahan@example.com,25,1,0,6,2024-12-10,Python Course 10,6,2,10
3537,297,27,2026-03-01,35.68,2894,66.66,1,Heather Brady,jmartin@example.org,27,0,2,1,2025-02-28,Computer Vision Course 27,5,0,70
3538,42,11,2025-03-13,46.72,2770,74.01,1,Julie Pacheco,mallory49@example.com,34,1,1,4,2025-08-22,SQL Course 11,0,0,15
3539,727,20,2024-12-16,36.14,627,47.77,3,Sandy Hicks,gregoryholland@example.com,26,1,2,7,2026-03-14,Data Science Course 20,3,1,50
3540,113,15,2025-01-10,36.9,649,95.37,3,Linda Moreno,joshua95@example.net,25,0,1,1,2025-10-11,Data Science Course 15,6,1,75
3541,208,1,2025-04-19,61.13,2129,69.91,1,Michael Hughes,williamcohen@example.com,32,1,0,7,2025-03-09,Power BI Course 1,3,1,21
3542,694,22,2025-03-27,79.01,4652,81.02,4,Courtney Salazar,mmurphy@example.com,20,1,1,1,2026-07-11,Computer Vision Course 22,0,2,49
3543,610,33,2026-06-14,71.67,2599,52.23,5,Alexander Johnston,willielewis@example.com,19,1,1,4,2026-01-21,Power BI Course 33,7,1,58
3544,195,3,2024-09-03,94.41,1277,95.83,4,James Johnston,foxkendra@example.org,33,0,2,2,2025-12-04,Python Course 3,3,2,52
3545,788,35,2024-12-24,35.05,717,62.12,5,Allison Martinez,autumnlittle@example.org,32,1,1,2,2026-02-12,NLP Course 35,1,0,70
3546,991,20,2024-11-06,99.01,4119,60.37,4,Mitchell Adams,rware@example.org,30,1,0,0,2024-10-27,Data Science Course 20,3,1,50
3547,322,23,2024-10-15,32.29,518,84.64,3,Benjamin Vaughn,martinmelinda@example.net,33,0,0,2,2024-07-18,SQL Course 23,6,1,47
3548,638,33,2025-07-28,79.58,304,45.7,2,Austin Flores,ryan04@example.com,18,1,2,1,2025-08-01,Power BI Course 33,7,1,58
3549,160,11,2024-08-27,45.71,4114,83.55,2,William Martinez,kwheeler@example.org,35,0,1,6,2026-03-04,SQL Course 11,0,0,15
3550,107,42,2024-09-26,98.5,4918,58.59,5,Robert Moon,webbchristopher@example.org,24,0,2,5,2025-05-17,NLP Course 42,0,0,75
3551,719,5,2025-10-29,61.01,3321,42.37,1,Lorraine Monroe,lauriewilliams@example.net,19,1,1,3,2026-06-28,Computer Vision Course 5,6,1,55
3552,404,9,2026-05-11,56.26,2811,87.54,2,Jennifer Hughes,jessesmith@example.net,31,0,2,5,2025-11-06,SQL Course 9,6,0,47
3553,27,16,2024-10-21,41.29,2379,70.84,4,Ashley Lawrence,claytonwilliam@example.com,28,0,0,1,2025-03-13,Deep Learning Course 16,5,0,68
3554,620,26,2025-12-18,96.99,1575,98.59,2,Melvin Mitchell,jonesdonna@example.net,25,1,2,7,2024-09-27,Computer Vision Course 26,7,1,22
3555,179,31,2025-07-05,37.46,2695,65.6,2,Jennifer Roberts,jenniferjones@example.org,31,1,2,0,2025-07-17,Computer Vision Course 31,4,0,67
3556,476,18,2025-12-29,91.19,3819,40.71,3,Debra Anderson,wilsonjonathon@example.org,34,0,0,1,2026-03-11,Machine Learning Course 18,0,0,25
3557,625,12,2026-06-01,51.64,3192,62.83,1,Kelsey Sullivan,kevinnewton@example.net,29,1,0,3,2026-01-19,Deep Learning Course 12,5,2,57
3558,777,3,2024-09-09,20.32,1689,80.28,2,Jennifer Scott,gcampbell@example.com,31,1,0,5,2024-12-19,Python Course 3,3,2,52
3559,178,12,2025-07-29,28.7,4255,97.08,5,Mallory Maldonado,acostatrevor@example.net,33,0,1,1,2024-09-05,Deep Learning Course 12,5,2,57
3560,744,20,2025-01-02,61.34,3019,51.2,5,Brenda Rose,blankenshipmatthew@example.net,20,0,2,0,2026-06-24,Data Science Course 20,3,1,50
3561,303,7,2026-06-15,98.43,3085,57.97,3,Katie Zavala,johnathanhobbs@example.com,25,1,1,3,2024-08-29,Data Science Course 7,6,1,62
3562,897,13,2025-09-25,69.18,3757,56.8,2,Jacob Leonard,austinbaxter@example.com,34,0,0,1,2026-05-02,SQL Course 13,7,1,41
3563,269,24,2025-11-19,80.7,1427,64.68,3,Chad Krause,yallen@example.com,24,0,0,3,2025-06-19,Computer Vision Course 24,5,2,21
3564,364,12,2025-12-07,38.77,2587,46.89,3,Patricia Mccoy,brookecannon@example.net,23,0,0,0,2025-04-15,Deep Learning Course 12,5,2,57
3565,671,11,2025-12-01,85.86,4517,85.04,3,Sharon Hernandez,peter40@example.net,25,0,2,6,2026-01-07,SQL Course 11,0,0,15
3566,67,26,2024-09-05,90.47,681,88.83,4,Calvin Ryan,plopez@example.org,20,0,0,3,2024-09-29,Computer Vision Course 26,7,1,22
3567,778,23,2025-12-28,77.78,903,77.6,3,Lee Martin,sarah67@example.com,20,1,0,3,2025-06-14,SQL Course 23,6,1,47
3568,440,25,2025-07-23,68.05,2570,82.99,2,Anthony Elliott,tlee@example.org,33,1,2,0,2025-11-08,Data Science Course 25,7,1,51
3569,935,47,2025-12-06,30.14,4108,69.45,5,Tiffany Hunter,conniejimenez@example.com,20,0,1,2,2025-03-28,SQL Course 47,5,2,40
3570,449,37,2026-01-10,32.77,3506,70.44,3,Christian Burke,ubailey@example.net,35,1,2,3,2026-05-13,SQL Course 37,0,0,38
3571,452,20,2026-06-30,24.97,3946,83.47,3,Adam White,calvin30@example.net,31,1,0,7,2025-07-02,Data Science Course 20,3,1,50
3572,515,19,2024-11-19,76.32,3371,67.49,4,Timothy Lewis,iramirez@example.org,32,1,0,6,2025-11-14,Machine Learning Course 19,0,0,37
3573,494,38,2026-03-17,48.83,1996,42.21,3,John Lee,lisa57@example.net,21,1,1,6,2024-07-17,Computer Vision Course 38,4,0,32
3574,643,33,2024-11-01,29.95,3872,71.44,1,William Harris,fbrowning@example.org,21,0,2,1,2026-04-18,Power BI Course 33,7,1,58
3575,693,40,2025-12-17,79.24,2686,80.89,1,Gary Walsh,kevinmoore@example.net,35,1,0,2,2026-03-09,Machine Learning Course 40,2,2,64
3576,741,36,2024-11-07,88.9,2831,58.75,4,Alyssa Thomas,ryan56@example.net,19,1,2,6,2024-09-07,Computer Vision Course 36,2,0,77
3577,403,24,2025-09-28,56.9,2433,77.65,5,Steven Kennedy Jr.,pholloway@example.org,21,1,2,7,2024-08-03,Computer Vision Course 24,5,2,21
3578,501,20,2025-04-26,40.31,4656,67.12,1,Barbara Simmons,charlene23@example.com,19,0,2,3,2024-10-02,Data Science Course 20,3,1,50
3579,332,13,2025-06-04,36.39,3852,70.68,1,Drew Osborne,martinjulie@example.org,32,1,0,5,2025-10-13,SQL Course 13,7,1,41
3580,417,21,2025-04-26,84.63,1106,55.92,1,Lisa Hudson,justin95@example.org,23,1,1,4,2025-12-10,Data Science Course 21,0,0,66
3581,343,42,2025-04-05,33.89,2275,80.39,1,Grant Jones,susan33@example.com,19,1,0,6,2025-12-19,NLP Course 42,0,0,75
3582,416,6,2025-01-05,92.96,2579,94.15,4,Ashley Brown,jesse37@example.org,18,0,1,6,2026-01-17,Python Course 6,2,1,11
3583,701,35,2025-05-05,93.48,4893,62.32,2,Bradley Pittman,littlejoseph@example.com,26,0,1,5,2025-10-04,NLP Course 35,1,0,70
3584,216,47,2024-11-13,87.25,1990,53.3,2,Adam Walker,njackson@example.org,18,1,0,1,2026-06-17,SQL Course 47,5,2,40
3585,855,34,2026-03-24,47.13,2491,59.12,2,James Soto,tracymarquez@example.org,19,1,0,5,2024-12-03,SQL Course 34,6,2,57
3586,402,3,2026-04-09,44.55,3001,57.2,3,Andrew King,jasonguerra@example.net,33,0,0,3,2025-10-24,Python Course 3,3,2,52
3587,516,8,2025-07-17,89.65,802,91.16,2,Ryan Olson,camposheather@example.com,19,0,0,7,2024-11-28,Python Course 8,1,2,38
3588,685,1,2024-08-30,75.23,3529,49.42,2,Richard Jones,rberry@example.org,25,1,2,6,2025-10-16,Power BI Course 1,3,1,21
3589,904,7,2024-10-17,26.86,3845,91.45,3,Gregory Dixon,goodwinterry@example.com,21,1,1,4,2025-03-24,Data Science Course 7,6,1,62
3590,598,21,2025-01-21,60.17,899,67.65,1,John Horne,perezkelli@example.net,26,0,2,1,2024-08-25,Data Science Course 21,0,0,66
3591,912,13,2024-11-19,39.76,1144,55.26,3,Mark Neal,xdavis@example.org,20,0,0,2,2025-04-15,SQL Course 13,7,1,41
3592,899,35,2025-08-14,35.57,1053,64.18,1,Jeremiah Williamson,jason93@example.org,25,0,0,5,2025-02-22,NLP Course 35,1,0,70
3593,755,7,2024-11-11,35.03,3911,68.14,3,Brianna Moreno DVM,lovepamela@example.com,27,1,0,4,2024-07-17,Data Science Course 7,6,1,62
3594,5,34,2025-12-25,74.75,307,63.54,3,Mary Valentine,grodriguez@example.net,25,0,0,2,2025-08-15,SQL Course 34,6,2,57
3595,59,46,2025-07-21,57.3,3286,94.11,3,Katelyn Gentry,zpeterson@example.com,19,0,0,3,2024-12-31,NLP Course 46,3,0,48
3596,890,39,2025-02-11,83.98,298,52.78,3,Joseph Garcia,thompsoncatherine@example.net,30,0,2,2,2026-03-21,Power BI Course 39,4,2,33
3597,354,19,2025-06-17,20.23,2143,87.15,1,Heather Murray,nataliefaulkner@example.com,27,1,2,3,2024-09-10,Machine Learning Course 19,0,0,37
3598,363,20,2025-04-11,50.24,1467,88.3,4,Victor House,hlewis@example.net,18,0,2,7,2026-01-01,Data Science Course 20,3,1,50
3599,123,34,2026-07-12,83.2,916,68.88,4,Justin Bennett,steven14@example.org,28,1,0,6,2026-04-07,SQL Course 34,6,2,57
3600,215,8,2025-06-14,41.63,4457,47.52,4,Christina Morales,cynthiagonzalez@example.com,26,0,1,0,2025-11-24,Python Course 8,1,2,38
3601,851,10,2026-02-09,38.84,3559,56.72,1,Brian Fields,jacqueline19@example.org,22,0,1,3,2025-03-31,Python Course 10,6,2,10
3602,362,39,2025-03-21,94.15,904,43.08,1,Michael Carter,jamesrobinson@example.com,33,0,1,1,2025-07-14,Power BI Course 39,4,2,33
3603,671,42,2025-03-19,71.65,4353,80.61,2,Sharon Hernandez,peter40@example.net,25,0,2,6,2026-01-07,NLP Course 42,0,0,75
3604,505,16,2026-05-02,71.48,3048,77.12,1,Sarah Gilbert,amberlogan@example.com,19,1,1,1,2024-10-22,Deep Learning Course 16,5,0,68
3605,627,42,2025-01-16,27.52,1444,70.66,3,Amy Hunter,tracy90@example.com,31,1,0,3,2026-03-20,NLP Course 42,0,0,75
3606,19,45,2025-09-29,59.02,2070,93.4,3,Troy Jones,lcallahan@example.com,25,1,0,6,2024-12-10,Power BI Course 45,0,1,69
3607,182,30,2025-01-05,70.61,3271,92.06,5,Susan Nguyen,mcgeetracy@example.com,18,1,1,1,2025-08-18,Machine Learning Course 30,1,2,60
3608,22,1,2026-03-03,43.07,4940,42.02,4,William Juarez,qgomez@example.com,24,0,0,0,2024-08-06,Power BI Course 1,3,1,21
3609,266,47,2025-12-24,20.95,1092,56.52,1,James Bonilla,jeffery90@example.org,18,0,0,3,2025-03-19,SQL Course 47,5,2,40
3610,959,4,2024-11-14,25.96,2406,56.02,3,Brandon Hansen,nicole94@example.org,32,1,2,0,2025-04-19,Power BI Course 4,1,0,23
3611,825,13,2024-09-13,23.37,4460,68.96,5,Michael Elliott,bryantsamantha@example.net,32,1,1,3,2026-07-12,SQL Course 13,7,1,41
3612,261,37,2025-09-05,47.71,334,94.25,2,Cheryl Cameron,wblanchard@example.net,32,0,0,4,2025-06-29,SQL Course 37,0,0,38
3613,392,24,2026-04-28,47.95,4032,49.41,2,Albert Brown,davenporthunter@example.org,28,0,1,2,2024-10-29,Computer Vision Course 24,5,2,21
3614,984,29,2026-04-06,50.19,1264,52.78,5,Brian Hall,samanthaodom@example.org,27,1,0,5,2024-07-27,Data Science Course 29,2,2,62
3615,181,43,2024-09-07,75.56,1686,50.13,2,Brian Mcconnell,jamesdixon@example.net,28,1,1,7,2026-04-02,Data Science Course 43,3,2,73
3616,244,4,2025-09-27,35.36,2225,66.24,4,Todd Myers,don31@example.org,19,0,2,3,2026-01-24,Power BI Course 4,1,0,23
3617,935,40,2024-08-25,85.74,781,54.38,5,Tiffany Hunter,conniejimenez@example.com,20,0,1,2,2025-03-28,Machine Learning Course 40,2,2,64
3618,716,28,2024-09-13,22.76,4178,62.95,5,Ashley Melton,andersonelizabeth@example.com,27,0,2,2,2026-05-21,SQL Course 28,5,0,57
3619,260,11,2026-06-18,75.7,1549,56.51,5,Christine Williams,yrodriguez@example.org,32,1,0,3,2026-05-29,SQL Course 11,0,0,15
3620,457,27,2024-08-25,32.24,894,84.8,3,Melissa Moran,zking@example.org,30,0,2,7,2026-04-13,Computer Vision Course 27,5,0,70
3621,573,5,2025-01-04,76.57,4262,65.89,1,Alejandro Webb,hbrewer@example.net,25,0,0,2,2025-04-09,Computer Vision Course 5,6,1,55
3622,579,20,2025-07-08,76.27,3685,41.74,1,Julie Moore,jamesraymond@example.org,33,0,2,7,2026-01-17,Data Science Course 20,3,1,50
3623,664,37,2024-12-11,27.04,4109,86.43,1,Ashley Ward,huberchristina@example.com,23,0,0,1,2024-09-02,SQL Course 37,0,0,38
3624,291,14,2024-09-02,76.5,1775,58.53,5,Stanley Coleman,jstanton@example.com,26,0,1,2,2026-01-17,Python Course 14,1,1,43
3625,224,38,2025-11-30,99.39,4005,90.71,3,Luis Montes,christopher01@example.org,21,0,0,2,2026-05-20,Computer Vision Course 38,4,0,32
3626,759,2,2025-11-13,93.61,4560,56.36,5,Matthew Lopez,janetbrown@example.net,32,0,0,7,2026-02-11,Data Science Course 2,1,0,41
3627,908,4,2025-12-05,62.69,755,40.88,4,Brian Chung,rashley@example.org,23,1,0,5,2026-04-08,Power BI Course 4,1,0,23
3628,179,42,2026-02-01,87.64,4723,70.42,2,Jennifer Roberts,jenniferjones@example.org,31,1,2,0,2025-07-17,NLP Course 42,0,0,75
3629,972,13,2025-07-09,48.84,4066,71.67,2,Kelly Webb,jenniferboone@example.com,28,0,1,1,2025-11-22,SQL Course 13,7,1,41
3630,388,21,2025-02-27,22.36,1620,42.79,5,Brandon Oliver,xcarter@example.org,25,0,1,5,2026-03-30,Data Science Course 21,0,0,66
3631,132,19,2024-10-09,53.01,1722,58.49,5,Andrew Campos,christopherharrington@example.org,35,0,1,2,2024-12-30,Machine Learning Course 19,0,0,37
3632,938,44,2026-02-21,83.44,1133,67.57,4,Jacqueline Rodriguez,peter10@example.net,33,0,0,6,2026-01-09,Computer Vision Course 44,1,2,29
3633,334,46,2025-01-15,40.16,4732,69.06,4,John Kelly,mortonmatthew@example.com,28,1,1,3,2025-03-13,NLP Course 46,3,0,48
3634,829,18,2024-09-17,93.33,988,86.21,1,Michele Green,christine13@example.org,23,0,1,3,2024-08-29,Machine Learning Course 18,0,0,25
3635,779,42,2025-09-05,75.16,150,87.77,5,Jennifer Stevenson,jennifer01@example.org,29,1,0,0,2025-11-13,NLP Course 42,0,0,75
3636,569,42,2025-03-19,99.52,3917,55.08,3,Renee Jones,chandlerjoseph@example.com,28,1,1,5,2025-04-21,NLP Course 42,0,0,75
3637,208,30,2025-06-15,34.78,506,90.05,2,Michael Hughes,williamcohen@example.com,32,1,0,7,2025-03-09,Machine Learning Course 30,1,2,60
3638,555,14,2026-01-29,32.74,2861,79.31,5,Joseph Andersen,ppeterson@example.com,20,0,1,1,2024-11-28,Python Course 14,1,1,43
3639,839,38,2025-04-29,96.48,592,41.7,3,Annette Miller,randyoneal@example.net,35,0,1,6,2025-08-11,Computer Vision Course 38,4,0,32
3640,167,37,2025-05-25,49.46,4631,61.17,4,Marie Price,stephaniepark@example.net,35,0,2,7,2025-05-22,SQL Course 37,0,0,38
3641,55,42,2025-03-04,59.53,1986,74.42,4,Mr. Paul Lucero,millerchristine@example.org,26,0,1,4,2025-09-21,NLP Course 42,0,0,75
3642,8,12,2025-08-27,93.96,710,65.7,4,Greg Shaw,daniel29@example.org,24,1,2,7,2024-11-21,Deep Learning Course 12,5,2,57
3643,330,32,2026-03-04,30.99,3259,90.26,4,Yvonne Martinez,lisa90@example.org,34,1,0,6,2025-08-17,SQL Course 32,2,1,41
3644,910,37,2025-03-12,28.85,3532,97.77,1,John Miller,karen13@example.org,20,0,0,7,2025-10-18,SQL Course 37,0,0,38
3645,608,24,2025-12-30,70.87,3278,98.94,4,Beth Carrillo,simpsonalexandra@example.com,23,0,0,5,2024-09-16,Computer Vision Course 24,5,2,21
3646,413,49,2025-06-16,71.56,4698,91.91,1,Andrea Fowler,butlerdarlene@example.org,19,1,1,7,2026-01-31,SQL Course 49,4,1,62
3647,408,49,2025-08-24,54.18,892,70.1,5,Shannon Stewart,tfranco@example.org,23,0,2,6,2024-12-09,SQL Course 49,4,1,62
3648,720,37,2024-08-04,56.89,3496,99.24,3,Kristine Torres,coxcory@example.com,21,0,2,2,2025-06-06,SQL Course 37,0,0,38
3649,993,18,2026-02-26,33.3,3088,79.29,3,Robert Norton,hooveralyssa@example.net,27,1,1,4,2026-06-18,Machine Learning Course 18,0,0,25
3650,176,16,2024-08-04,53.76,2187,83.12,5,Caitlin Hodges,daryljohnson@example.org,22,1,2,2,2025-11-22,Deep Learning Course 16,5,0,68
3651,260,32,2025-02-02,50.98,4491,45.99,4,Christine Williams,yrodriguez@example.org,32,1,0,3,2026-05-29,SQL Course 32,2,1,41
3652,240,35,2025-07-02,74.1,1764,48.68,4,Haley Watson,osimpson@example.net,33,0,1,7,2026-07-07,NLP Course 35,1,0,70
3653,547,4,2025-08-25,62.84,3622,95.44,2,Derek Daniels,owaters@example.com,18,1,1,4,2025-03-16,Power BI Course 4,1,0,23
3654,874,38,2025-11-17,64.53,2913,53.86,1,Catherine Jones,reedlori@example.com,26,1,2,7,2024-07-29,Computer Vision Course 38,4,0,32
3655,318,20,2025-01-07,83.72,2696,65.4,3,David Wilson,anthony58@example.com,29,1,2,7,2025-06-28,Data Science Course 20,3,1,50
3656,531,12,2025-10-13,55.9,4367,54.79,3,Heather Kelly,justincombs@example.net,35,0,1,5,2024-12-15,Deep Learning Course 12,5,2,57
3657,660,30,2025-01-09,30.04,1833,48.44,4,Michelle Davis,cbyrd@example.net,21,0,0,1,2025-11-21,Machine Learning Course 30,1,2,60
3658,861,5,2025-10-18,31.62,3066,71.27,4,William Brown,mmorales@example.org,30,1,2,5,2025-03-12,Computer Vision Course 5,6,1,55
3659,429,20,2026-05-29,26.17,2067,43.06,4,Jonathan King,jesus69@example.org,32,1,0,7,2026-04-11,Data Science Course 20,3,1,50
3660,671,35,2024-09-19,41.68,3671,90.36,4,Sharon Hernandez,peter40@example.net,25,0,2,6,2026-01-07,NLP Course 35,1,0,70
3661,361,30,2024-10-28,81.95,3192,93.82,2,Kevin Richardson,kyoung@example.com,28,1,2,1,2025-02-22,Machine Learning Course 30,1,2,60
3662,625,5,2025-12-15,87.95,2478,65.07,1,Kelsey Sullivan,kevinnewton@example.net,29,1,0,3,2026-01-19,Computer Vision Course 5,6,1,55
3663,876,35,2026-06-24,47.53,1093,87.1,2,Brittany Lester,johnsonrobert@example.com,27,0,1,7,2026-05-09,NLP Course 35,1,0,70
3664,870,10,2025-02-26,47.94,3277,83.01,5,Rebecca Briggs,brianburnett@example.org,32,1,0,4,2024-11-13,Python Course 10,6,2,10
3665,650,9,2024-10-27,63.11,1830,71.51,5,Richard Aguirre,beth49@example.net,32,0,2,5,2026-01-04,SQL Course 9,6,0,47
3666,810,16,2026-04-29,31.83,2145,89.66,2,Sara Wright,gwolfe@example.com,26,0,1,1,2024-12-02,Deep Learning Course 16,5,0,68
3667,411,49,2024-07-16,57.88,3387,70.8,2,Robin Davis,annettebrooks@example.com,28,1,1,1,2025-07-28,SQL Course 49,4,1,62
3668,434,14,2025-11-10,78.21,2583,72.66,2,Charles Melton,wendynguyen@example.com,19,0,0,7,2026-01-18,Python Course 14,1,1,43
3669,512,45,2024-08-19,76.88,3997,91.9,4,Beth Whitney,paulmcmahon@example.com,30,0,1,0,2024-09-09,Power BI Course 45,0,1,69
3670,5,15,2026-01-13,71.82,3723,90.66,1,Mary Valentine,grodriguez@example.net,25,0,0,2,2025-08-15,Data Science Course 15,6,1,75
3671,388,26,2025-06-07,85.2,4032,69.7,2,Brandon Oliver,xcarter@example.org,25,0,1,5,2026-03-30,Computer Vision Course 26,7,1,22
3672,330,42,2025-12-18,71.66,210,44.45,5,Yvonne Martinez,lisa90@example.org,34,1,0,6,2025-08-17,NLP Course 42,0,0,75
3673,793,35,2024-10-08,61.17,3602,60.97,5,Brian Perez,smithjulia@example.net,21,1,1,0,2025-10-22,NLP Course 35,1,0,70
3674,414,29,2026-05-26,44.39,3077,61.95,3,Timothy Lopez,paul75@example.com,29,0,1,4,2024-09-25,Data Science Course 29,2,2,62
3675,561,14,2025-01-11,49.89,843,58.55,3,Edward Benson,gskinner@example.net,18,1,0,6,2025-03-01,Python Course 14,1,1,43
3676,173,11,2026-04-16,86.54,852,67.44,3,Kelly Salinas,smithchristine@example.org,20,0,0,7,2025-05-16,SQL Course 11,0,0,15
3677,177,50,2024-11-19,69.69,744,93.48,4,Jennifer Cole,christian22@example.org,21,1,2,3,2024-11-15,Python Course 50,3,1,46
3678,73,5,2026-04-01,68.13,1715,49.54,4,Maria Diaz,valerie60@example.com,27,1,2,0,2025-06-13,Computer Vision Course 5,6,1,55
3679,802,36,2025-07-24,49.79,2022,81.76,1,Catherine Montes,randallpena@example.org,20,0,1,0,2025-04-18,Computer Vision Course 36,2,0,77
3680,840,36,2025-09-08,96.82,2746,57.91,5,Andrew Olson,smithwilliam@example.com,20,0,0,4,2025-04-11,Computer Vision Course 36,2,0,77
3681,127,17,2025-02-14,76.16,4840,87.96,3,Sara Rodriguez,denniswatson@example.com,34,0,2,3,2026-01-13,Deep Learning Course 17,1,0,22
3682,916,44,2025-11-21,88.95,2674,80.74,1,Carlos Hardy,mroy@example.net,28,1,2,6,2025-09-27,Computer Vision Course 44,1,2,29
3683,873,44,2025-04-29,52.05,4119,51.09,4,Linda Rose,joshua02@example.org,25,1,0,3,2025-07-20,Computer Vision Course 44,1,2,29
3684,306,23,2025-06-08,40.73,625,55.93,2,Timothy Buckley,warewesley@example.org,18,1,1,4,2025-09-07,SQL Course 23,6,1,47
3685,929,21,2026-07-13,54.82,3170,93.07,5,Savannah Cline,jose29@example.com,22,0,0,2,2024-11-09,Data Science Course 21,0,0,66
3686,15,24,2024-07-31,80.53,4837,95.28,1,John Rice,jasonho@example.com,27,1,1,6,2024-12-14,Computer Vision Course 24,5,2,21
3687,159,22,2025-11-28,67.37,1315,45.34,3,Michael Clark,michaelford@example.net,21,0,0,0,2024-12-04,Computer Vision Course 22,0,2,49
3688,361,17,2025-12-01,22.83,4409,42.65,2,Kevin Richardson,kyoung@example.com,28,1,2,1,2025-02-22,Deep Learning Course 17,1,0,22
3689,504,5,2026-02-21,53.69,1882,73.74,2,Troy Johnson,sydney50@example.com,18,0,2,3,2024-09-03,Computer Vision Course 5,6,1,55
3690,784,6,2025-09-15,87.61,3640,87.46,4,Jacqueline Smith,chad29@example.net,27,1,0,0,2026-02-19,Python Course 6,2,1,11
3691,510,12,2025-04-23,80.06,1270,44.18,3,Bradley Jenkins,lindakelly@example.net,22,0,2,2,2026-02-26,Deep Learning Course 12,5,2,57
3692,665,14,2025-09-07,92.41,1362,59.34,1,William Schroeder,karen58@example.org,25,1,2,7,2026-02-24,Python Course 14,1,1,43
3693,359,20,2024-10-31,38.58,4800,96.54,2,Brett Key,lopezpatrick@example.net,30,1,2,5,2025-08-08,Data Science Course 20,3,1,50
3694,860,21,2026-06-21,30.49,2794,69.41,2,Joyce Johnson,arodriguez@example.com,28,0,0,7,2026-02-06,Data Science Course 21,0,0,66
3695,946,30,2025-07-28,84.31,2569,54.42,2,Zachary Sparks,jonesjohn@example.org,30,0,0,3,2025-06-11,Machine Learning Course 30,1,2,60
3696,552,24,2025-09-06,55.38,4180,58.25,3,Leslie Alvarado,riveramariah@example.net,21,0,0,4,2026-02-16,Computer Vision Course 24,5,2,21
3697,824,43,2026-05-28,44.31,904,87.98,5,Bruce Hunter,hgentry@example.net,25,0,0,4,2026-05-29,Data Science Course 43,3,2,73
3698,781,48,2025-01-28,38.83,2297,61.1,2,Glenn Hanson,owensshannon@example.net,21,1,1,6,2025-12-15,Power BI Course 48,7,2,62
3699,273,20,2024-09-30,56.5,4411,90.2,3,Miss Amber Christensen,pateljudy@example.net,34,0,0,4,2025-11-17,Data Science Course 20,3,1,50
3700,678,47,2024-08-25,50.53,705,69.51,1,Brandon Rhodes Jr.,catherinepittman@example.net,19,1,2,6,2025-08-26,SQL Course 47,5,2,40
3701,52,3,2026-05-11,62.33,3254,80.45,3,Kyle Acosta,nicole41@example.org,18,0,1,2,2025-07-14,Python Course 3,3,2,52
3702,334,15,2024-07-21,46.75,3506,48.83,1,John Kelly,mortonmatthew@example.com,28,1,1,3,2025-03-13,Data Science Course 15,6,1,75
3703,497,46,2025-04-08,38.11,879,45.9,2,Michael Cain,kevinbrooks@example.org,18,1,2,6,2025-02-04,NLP Course 46,3,0,48
3704,467,50,2025-09-06,20.73,3472,53.15,2,Ms. Sandra Perez,mmcdonald@example.com,33,0,2,7,2025-08-27,Python Course 50,3,1,46
3705,689,47,2025-11-18,98.87,1977,63.93,4,Sandra Hoffman,jchen@example.com,18,0,2,1,2025-06-19,SQL Course 47,5,2,40
3706,328,34,2025-11-17,76.22,4326,84.51,3,Marcus Gardner,julia55@example.com,28,1,2,1,2025-01-03,SQL Course 34,6,2,57
3707,229,49,2025-09-07,74.99,2973,57.26,1,Rodney Johnson,nicholasphillips@example.net,34,1,0,2,2025-08-14,SQL Course 49,4,1,62
3708,676,4,2025-06-23,94.3,3753,65.73,5,Caleb Le,dfarrell@example.org,31,1,0,5,2026-02-14,Power BI Course 4,1,0,23
3709,527,31,2026-01-04,90.42,4057,83.06,5,Sara Maldonado,lindseynichols@example.net,33,0,2,0,2026-06-25,Computer Vision Course 31,4,0,67
3710,55,21,2026-01-18,35.06,1914,85.13,3,Mr. Paul Lucero,millerchristine@example.org,26,0,1,4,2025-09-21,Data Science Course 21,0,0,66
3711,832,42,2025-08-10,71.65,817,43.1,4,Ryan Kane,lblankenship@example.com,24,1,1,1,2026-01-31,NLP Course 42,0,0,75
3712,444,25,2024-08-04,65.29,3602,80.07,5,John Sparks,matthewbrown@example.net,31,0,1,0,2025-01-07,Data Science Course 25,7,1,51
3713,954,36,2025-06-13,80.17,2715,51.51,4,Stephen Johnson,dominiquethomas@example.net,22,0,1,1,2024-11-02,Computer Vision Course 36,2,0,77
3714,846,9,2026-05-24,57.03,3760,72.76,5,Kevin Ruiz,pmartin@example.net,21,1,1,7,2024-11-16,SQL Course 9,6,0,47
3715,188,12,2024-09-24,31.28,1622,74.59,4,Phillip Nunez,jesse93@example.com,31,0,1,2,2025-05-16,Deep Learning Course 12,5,2,57
3716,64,23,2026-03-18,85.76,3111,72.14,5,Rachel Little,joshua90@example.net,18,1,2,5,2025-07-09,SQL Course 23,6,1,47
3717,517,35,2026-06-17,56.55,4796,63.99,4,Elizabeth Harding,wrichardson@example.com,33,0,0,7,2025-04-14,NLP Course 35,1,0,70
3718,743,37,2024-12-30,51.59,3450,83.58,3,Amanda Rodriguez,cmccullough@example.org,25,0,0,6,2025-12-11,SQL Course 37,0,0,38
3719,282,49,2026-06-12,50.42,645,95.77,4,Christy King,nataliewagner@example.net,24,1,2,5,2025-08-23,SQL Course 49,4,1,62
3720,26,32,2026-01-18,40.63,1539,40.52,1,Jasmine Perry,david03@example.net,31,1,0,1,2025-06-24,SQL Course 32,2,1,41
3721,956,45,2024-09-08,91.86,2300,41.56,2,Michaela Day,rsmith@example.org,23,1,1,3,2025-09-04,Power BI Course 45,0,1,69
3722,180,25,2025-10-24,24.45,2411,57.65,3,Shawn Owens,michael81@example.net,32,0,2,7,2026-06-24,Data Science Course 25,7,1,51
3723,858,40,2026-05-26,27.33,469,48.33,5,Dakota Williams,ucochran@example.org,29,1,2,5,2026-03-02,Machine Learning Course 40,2,2,64
3724,225,5,2025-09-30,90.92,4995,52.5,2,Kimberly Krueger,jenniferpeterson@example.com,33,0,2,1,2024-10-08,Computer Vision Course 5,6,1,55
3725,205,18,2025-01-28,53.51,4225,69.2,5,Stephanie Bailey,mooremelanie@example.net,22,0,2,0,2024-09-01,Machine Learning Course 18,0,0,25
3726,530,18,2025-07-21,37.76,866,40.72,1,John Smith,haynesstephanie@example.com,25,0,0,0,2025-03-23,Machine Learning Course 18,0,0,25
3727,904,30,2024-12-31,69.55,2112,83.73,3,Gregory Dixon,goodwinterry@example.com,21,1,1,4,2025-03-24,Machine Learning Course 30,1,2,60
3728,305,38,2024-10-05,40.35,2152,91.68,5,Brandon Miller,autumnlynch@example.net,25,1,0,3,2024-08-23,Computer Vision Course 38,4,0,32
3729,677,18,2026-01-01,67.12,1830,68.87,1,James Vasquez,thompsoneddie@example.org,31,0,1,3,2024-08-26,Machine Learning Course 18,0,0,25
3730,342,38,2025-09-16,84.6,1017,69.72,4,Brian Erickson,michellebennett@example.net,25,0,0,6,2025-03-30,Computer Vision Course 38,4,0,32
3731,439,31,2025-04-28,97.62,1517,85.52,4,Jeremy Bishop,daniel46@example.net,21,1,1,3,2024-07-28,Computer Vision Course 31,4,0,67
3732,860,2,2026-01-24,62.7,2251,49.69,5,Joyce Johnson,arodriguez@example.com,28,0,0,7,2026-02-06,Data Science Course 2,1,0,41
3733,558,7,2025-08-01,52.81,1971,76.31,3,Stephen Vaughan,oturner@example.com,22,1,0,6,2025-10-20,Data Science Course 7,6,1,62
3734,230,39,2024-08-26,37.69,4157,80.54,3,Maurice Garcia,colemanjennifer@example.com,19,0,1,0,2025-07-01,Power BI Course 39,4,2,33
3735,478,42,2025-04-27,82.93,1538,53.39,5,Sean Garcia,barbara91@example.org,27,1,0,4,2024-10-05,NLP Course 42,0,0,75
3736,175,36,2025-04-18,84.97,3698,90.95,1,Valerie Romero,xlynch@example.org,33,1,1,5,2026-06-19,Computer Vision Course 36,2,0,77
3737,817,22,2026-01-15,26.6,4548,51.54,5,Martha Bernard,daniel37@example.net,32,0,0,1,2026-05-15,Computer Vision Course 22,0,2,49
3738,264,45,2026-05-30,21.82,1623,80.44,4,Rebecca Whitehead,jonesjacqueline@example.net,34,0,0,1,2026-07-03,Power BI Course 45,0,1,69
3739,890,25,2025-07-03,39.38,4111,43.62,4,Joseph Garcia,thompsoncatherine@example.net,30,0,2,2,2026-03-21,Data Science Course 25,7,1,51
3740,592,50,2025-12-23,23.62,3539,99.9,4,Megan Horn,saraberry@example.com,29,1,1,7,2025-08-13,Python Course 50,3,1,46
3741,312,47,2026-01-03,85.75,790,44.76,5,Aaron Nguyen,melanie98@example.org,28,0,1,5,2025-09-23,SQL Course 47,5,2,40
3742,584,6,2025-10-07,73.63,1667,84.82,4,Jacob Luna,nixonjared@example.com,32,1,2,0,2025-02-25,Python Course 6,2,1,11
3743,908,28,2025-11-28,34.28,2868,93.98,5,Brian Chung,rashley@example.org,23,1,0,5,2026-04-08,SQL Course 28,5,0,57
3744,674,19,2025-06-09,27.57,599,58.01,2,Luis Lopez,karen57@example.org,23,1,0,0,2025-03-24,Machine Learning Course 19,0,0,37
3745,253,30,2024-09-21,42.99,4590,44.14,4,Cynthia Taylor,kayla36@example.net,26,0,0,1,2025-11-11,Machine Learning Course 30,1,2,60
3746,866,35,2024-12-25,92.93,4321,74.46,5,Carrie Raymond,cgray@example.com,31,1,0,0,2024-09-04,NLP Course 35,1,0,70
3747,928,2,2025-04-23,76.89,379,41.58,2,Dana Henry,scottamy@example.com,32,0,1,7,2026-04-05,Data Science Course 2,1,0,41
3748,608,14,2025-04-26,86.62,4964,83.79,2,Beth Carrillo,simpsonalexandra@example.com,23,0,0,5,2024-09-16,Python Course 14,1,1,43
3749,842,27,2025-05-23,63.61,2750,62.28,1,April Barrett,paulwhite@example.com,18,0,0,4,2026-01-23,Computer Vision Course 27,5,0,70
3750,141,14,2025-04-01,29.51,3392,97.48,3,Janice Shea,harrelljulie@example.net,34,1,1,7,2025-01-20,Python Course 14,1,1,43
3751,259,21,2026-05-12,34.55,4002,74.6,2,Monica Andrews,susan00@example.net,29,1,2,5,2025-11-11,Data Science Course 21,0,0,66
3752,417,41,2024-10-28,44.08,4862,69.96,3,Lisa Hudson,justin95@example.org,23,1,1,4,2025-12-10,Machine Learning Course 41,1,2,72
3753,576,18,2025-06-06,86.28,3440,51.93,5,Mary Landry,vanessa37@example.org,33,0,0,4,2025-09-06,Machine Learning Course 18,0,0,25
3754,505,17,2025-09-16,81.62,4957,75.17,4,Sarah Gilbert,amberlogan@example.com,19,1,1,1,2024-10-22,Deep Learning Course 17,1,0,22
3755,716,13,2026-06-29,45.69,3935,84.84,5,Ashley Melton,andersonelizabeth@example.com,27,0,2,2,2026-05-21,SQL Course 13,7,1,41
3756,281,1,2025-07-01,54.6,1471,46.5,2,Jennifer Dunlap,michellenorris@example.net,19,0,2,2,2024-10-27,Power BI Course 1,3,1,21
3757,210,43,2024-11-14,72.02,1142,52.74,1,Nicholas Moore,galexander@example.net,31,1,1,4,2025-12-30,Data Science Course 43,3,2,73
3758,399,39,2025-09-23,46.01,4581,86.14,1,John Massey,davidmontgomery@example.com,33,0,2,1,2025-02-22,Power BI Course 39,4,2,33
3759,521,41,2024-09-08,39.28,3437,63.9,4,Brandon Crawford,wesleymckee@example.org,21,0,1,3,2026-06-24,Machine Learning Course 41,1,2,72
3760,464,32,2026-01-21,97.66,3439,50.26,4,Anthony Castillo,elizabethjackson@example.org,19,0,2,1,2025-09-09,SQL Course 32,2,1,41
3761,289,14,2025-03-12,32.26,4963,86.38,2,Anna Holmes,erik98@example.net,28,0,0,1,2026-01-07,Python Course 14,1,1,43
3762,448,20,2025-04-04,35.63,1059,56.98,1,Gary Green,michaelcoleman@example.com,22,0,0,7,2025-05-04,Data Science Course 20,3,1,50
3763,345,38,2025-06-18,52.97,3671,91.17,1,Michele Glover,zdavis@example.net,29,0,1,0,2025-06-09,Computer Vision Course 38,4,0,32
3764,617,22,2025-06-11,70.49,4888,48.15,5,Margaret Howell,margarethorton@example.org,30,0,2,0,2026-06-29,Computer Vision Course 22,0,2,49
3765,549,35,2025-08-28,53.41,1683,90.62,4,Paul Smith,erinsalazar@example.com,21,0,1,0,2026-06-20,NLP Course 35,1,0,70
3766,83,34,2024-08-28,77.33,2317,93.95,1,Gary Leonard,jimenezcharles@example.com,24,1,1,4,2026-03-09,SQL Course 34,6,2,57
3767,234,22,2026-01-07,80.28,1577,65.14,1,Mackenzie Bush,kenneth17@example.com,26,0,1,6,2024-12-31,Computer Vision Course 22,0,2,49
3768,68,15,2024-11-27,23.01,959,75.96,4,Michele Garcia,hblair@example.com,25,1,2,3,2026-05-05,Data Science Course 15,6,1,75
3769,63,23,2025-11-24,54.29,1831,75.71,1,Kenneth Evans,kathleenbecker@example.com,22,0,2,4,2026-06-04,SQL Course 23,6,1,47
3770,256,9,2026-06-01,64.27,2498,90.71,2,Shannon Rogers,mark58@example.org,34,0,2,1,2025-09-14,SQL Course 9,6,0,47
3771,42,18,2026-04-01,69.8,2906,75.07,1,Julie Pacheco,mallory49@example.com,34,1,1,4,2025-08-22,Machine Learning Course 18,0,0,25
3772,760,1,2024-12-28,76.69,3827,52.37,3,Michelle Hanna,fuenteskyle@example.net,33,0,2,4,2024-10-01,Power BI Course 1,3,1,21
3773,278,21,2025-10-31,47.35,3910,56.27,1,Susan Lopez,ocole@example.net,26,0,2,2,2026-03-29,Data Science Course 21,0,0,66
3774,294,1,2026-06-20,42.23,4632,63.87,2,Dean Wyatt,vrodriguez@example.org,35,0,0,6,2026-01-02,Power BI Course 1,3,1,21
3775,592,10,2025-10-02,41.94,1841,73.93,4,Megan Horn,saraberry@example.com,29,1,1,7,2025-08-13,Python Course 10,6,2,10
3776,435,30,2026-05-07,58.89,821,98.76,5,Judy Bennett,dquinn@example.org,22,1,1,0,2024-12-19,Machine Learning Course 30,1,2,60
3777,427,31,2025-07-18,55.11,3337,72.17,4,Ashley Gibson,walkerelizabeth@example.org,26,0,2,6,2026-03-22,Computer Vision Course 31,4,0,67
3778,533,2,2026-06-09,97.1,2486,79.68,1,Daisy Torres,john71@example.org,18,1,1,6,2024-12-11,Data Science Course 2,1,0,41
3779,785,26,2025-07-20,87.55,526,75.77,5,John Anthony,lozanojessica@example.org,25,1,2,5,2026-06-10,Computer Vision Course 26,7,1,22
3780,343,36,2025-03-19,22.14,3984,49.26,1,Grant Jones,susan33@example.com,19,1,0,6,2025-12-19,Computer Vision Course 36,2,0,77
3781,50,46,2026-04-23,89.81,3072,62.74,2,Christopher Gomez,dcantrell@example.net,29,1,2,6,2024-08-13,NLP Course 46,3,0,48
3782,866,42,2025-04-29,41.56,4983,95.54,1,Carrie Raymond,cgray@example.com,31,1,0,0,2024-09-04,NLP Course 42,0,0,75
3783,613,2,2025-07-22,52.73,2781,59.43,3,Regina Holt,karenbartlett@example.com,23,0,0,2,2024-10-03,Data Science Course 2,1,0,41
3784,485,46,2025-09-07,39.68,698,60.6,5,Douglas Thompson,jodicooper@example.org,29,0,1,4,2025-09-28,NLP Course 46,3,0,48
3785,56,39,2025-06-06,96.14,907,95.86,4,Stephanie Duran,karen95@example.org,31,1,1,5,2024-08-07,Power BI Course 39,4,2,33
3786,872,43,2024-12-21,34.07,3770,80.85,3,Michelle Garcia,gouldjessica@example.net,18,0,2,5,2024-07-28,Data Science Course 43,3,2,73
3787,804,36,2025-12-12,60.61,537,58.42,5,Jacob Jackson,james88@example.com,26,0,1,5,2026-03-01,Computer Vision Course 36,2,0,77
3788,307,10,2025-12-06,24.84,4147,86.79,3,Phillip Cervantes,teresalane@example.com,22,0,1,3,2025-11-14,Python Course 10,6,2,10
3789,607,47,2025-07-04,28.86,3073,82.39,1,Daniel Kelley,meagan39@example.net,25,0,2,6,2026-01-23,SQL Course 47,5,2,40
3790,87,5,2025-02-24,25.94,810,73.35,5,Paul Burgess,pcooper@example.org,27,1,2,1,2026-01-09,Computer Vision Course 5,6,1,55
3791,452,15,2025-08-28,82.12,718,87.09,1,Adam White,calvin30@example.net,31,1,0,7,2025-07-02,Data Science Course 15,6,1,75
3792,238,37,2026-06-20,80.23,2957,48.48,3,Raymond Johnson,petersonryan@example.net,35,0,1,7,2024-08-01,SQL Course 37,0,0,38
3793,50,21,2025-04-06,86.49,136,57.87,4,Christopher Gomez,dcantrell@example.net,29,1,2,6,2024-08-13,Data Science Course 21,0,0,66
3794,552,36,2024-11-29,47.8,4966,42.92,5,Leslie Alvarado,riveramariah@example.net,21,0,0,4,2026-02-16,Computer Vision Course 36,2,0,77
3795,497,31,2026-07-08,41.86,1916,60.38,3,Michael Cain,kevinbrooks@example.org,18,1,2,6,2025-02-04,Computer Vision Course 31,4,0,67
3796,243,16,2025-07-14,45.73,1345,65.51,1,Lisa Watkins,angela01@example.org,20,1,2,1,2025-08-04,Deep Learning Course 16,5,0,68
3797,430,28,2026-06-24,98.3,4370,86.96,4,Robert White,michael44@example.org,35,0,0,3,2026-03-10,SQL Course 28,5,0,57
3798,330,15,2026-03-24,48.12,2399,43.44,5,Yvonne Martinez,lisa90@example.org,34,1,0,6,2025-08-17,Data Science Course 15,6,1,75
3799,305,35,2025-01-29,45.3,4069,99.14,2,Brandon Miller,autumnlynch@example.net,25,1,0,3,2024-08-23,NLP Course 35,1,0,70
3800,511,43,2026-04-28,21.98,1536,99.55,4,Mary Costa DDS,robert58@example.net,23,1,1,0,2026-03-09,Data Science Course 43,3,2,73
3801,972,49,2024-07-20,48.27,817,64.13,3,Kelly Webb,jenniferboone@example.com,28,0,1,1,2025-11-22,SQL Course 49,4,1,62
3802,86,13,2025-11-19,98.66,2103,69.41,5,Robin Woods,wilcoxtimothy@example.net,21,0,0,1,2025-04-28,SQL Course 13,7,1,41
3803,638,9,2024-12-30,90.26,800,53.99,4,Austin Flores,ryan04@example.com,18,1,2,1,2025-08-01,SQL Course 9,6,0,47
3804,740,41,2025-06-26,55.62,3609,40.36,1,Timothy Mcgee,bchristensen@example.net,21,0,0,6,2026-04-06,Machine Learning Course 41,1,2,72
3805,694,21,2026-05-25,74.11,2710,41.88,3,Courtney Salazar,mmurphy@example.com,20,1,1,1,2026-07-11,Data Science Course 21,0,0,66
3806,74,34,2025-01-14,88.73,458,77.14,1,Karen Mendoza,carrie89@example.org,34,0,2,0,2026-05-10,SQL Course 34,6,2,57
3807,529,39,2024-10-23,69.35,1724,52.19,2,Paul Brock,gortiz@example.org,23,0,1,4,2024-07-23,Power BI Course 39,4,2,33
3808,641,40,2025-10-09,62.64,4030,91.5,1,Jeremy Sims,basslori@example.com,30,1,0,7,2025-10-26,Machine Learning Course 40,2,2,64
3809,260,44,2026-03-20,80.95,4061,86.75,1,Christine Williams,yrodriguez@example.org,32,1,0,3,2026-05-29,Computer Vision Course 44,1,2,29
3810,289,49,2026-05-16,54.26,683,63.37,1,Anna Holmes,erik98@example.net,28,0,0,1,2026-01-07,SQL Course 49,4,1,62
3811,113,33,2025-09-19,46.64,1907,81.4,4,Linda Moreno,joshua95@example.net,25,0,1,1,2025-10-11,Power BI Course 33,7,1,58
3812,314,4,2025-04-02,48.7,1618,76.79,5,Stephanie Davenport,jjohnson@example.net,18,0,1,1,2025-02-27,Power BI Course 4,1,0,23
3813,771,4,2025-02-07,37.07,4953,70.21,1,Patricia Armstrong,rollinsvincent@example.com,30,0,1,5,2025-04-20,Power BI Course 4,1,0,23
3814,907,43,2025-09-01,98.79,3223,95.79,3,Robert Smith,jacksonbrian@example.org,20,0,0,5,2025-09-16,Data Science Course 43,3,2,73
3815,844,17,2026-06-19,61.22,581,89.77,4,Amy Lynch,jennifer16@example.net,23,1,0,6,2025-09-11,Deep Learning Course 17,1,0,22
3816,508,2,2025-10-25,49.06,3369,67.78,2,Olivia Hensley,meganjenkins@example.org,28,1,1,6,2026-05-07,Data Science Course 2,1,0,41
3817,118,28,2024-10-13,79.01,3049,87.33,4,Alicia Williams,zcunningham@example.com,23,1,2,5,2025-09-20,SQL Course 28,5,0,57
3818,749,45,2024-08-29,73.51,3317,50.95,1,Lindsay Clark,cameron53@example.com,34,1,0,0,2025-06-14,Power BI Course 45,0,1,69
3819,799,43,2025-02-02,37.84,2349,90.87,4,Matthew Taylor,herrerajamie@example.org,30,1,1,7,2026-04-15,Data Science Course 43,3,2,73
3820,988,44,2026-04-25,53.65,4720,76.0,3,Jonathan Jackson,kelly34@example.net,34,1,1,1,2025-08-28,Computer Vision Course 44,1,2,29
3821,125,22,2026-05-25,22.76,1744,92.06,3,Joseph Lozano,lschwartz@example.org,34,1,1,1,2025-01-24,Computer Vision Course 22,0,2,49
3822,172,21,2026-01-17,39.27,1705,83.41,3,Matthew Hernandez,fsimmons@example.org,22,0,1,5,2025-07-01,Data Science Course 21,0,0,66
3823,990,44,2026-06-16,69.81,778,63.25,4,Daniel Mcfarland,qaguilar@example.com,19,1,2,6,2025-01-01,Computer Vision Course 44,1,2,29
3824,653,32,2026-01-04,51.9,3221,83.41,1,Jason Kennedy,eduardo15@example.org,28,0,2,5,2024-11-25,SQL Course 32,2,1,41
3825,169,32,2025-10-06,85.37,2716,54.0,4,Brandon Shepherd,hughesjames@example.org,30,1,2,7,2025-12-24,SQL Course 32,2,1,41
3826,911,24,2025-05-16,59.43,3869,48.84,2,Eddie Jones,margaret32@example.net,23,1,0,6,2025-01-28,Computer Vision Course 24,5,2,21
3827,833,27,2026-07-03,39.49,3075,67.66,3,Thomas Kelly,tiffanyjohnson@example.com,20,1,0,4,2025-11-17,Computer Vision Course 27,5,0,70
3828,666,25,2026-05-31,80.11,508,75.05,4,Dawn Griffith,peterhernandez@example.com,31,1,1,6,2025-07-18,Data Science Course 25,7,1,51
3829,310,12,2025-04-28,74.57,3787,71.22,2,Meghan Lopez,patrickchoi@example.net,32,0,2,0,2025-12-07,Deep Learning Course 12,5,2,57
3830,588,24,2025-06-17,83.8,749,47.65,3,Dustin Knight,smithlinda@example.org,22,1,2,1,2024-11-09,Computer Vision Course 24,5,2,21
3831,622,24,2025-10-15,30.56,3642,41.85,1,Christopher Merritt,gary78@example.net,24,1,2,1,2025-11-15,Computer Vision Course 24,5,2,21
3832,761,2,2026-05-30,61.33,4482,48.48,5,Gina Smith,moodyjessica@example.net,28,1,2,5,2024-11-09,Data Science Course 2,1,0,41
3833,290,13,2024-12-12,62.01,4239,69.23,3,Mary Berger,kimsamantha@example.net,28,1,1,2,2025-04-03,SQL Course 13,7,1,41
3834,238,23,2026-01-09,61.49,477,90.8,4,Raymond Johnson,petersonryan@example.net,35,0,1,7,2024-08-01,SQL Course 23,6,1,47
3835,258,19,2025-04-17,27.51,159,67.93,4,Robert Hall,vgallagher@example.org,22,0,1,6,2025-01-09,Machine Learning Course 19,0,0,37
3836,917,38,2024-10-08,40.57,1771,70.92,5,Christopher Foster,yford@example.org,23,1,1,7,2025-12-21,Computer Vision Course 38,4,0,32
3837,210,7,2026-05-13,66.92,4098,95.89,4,Nicholas Moore,galexander@example.net,31,1,1,4,2025-12-30,Data Science Course 7,6,1,62
3838,660,21,2025-09-24,25.04,1628,95.22,4,Michelle Davis,cbyrd@example.net,21,0,0,1,2025-11-21,Data Science Course 21,0,0,66
3839,602,19,2024-11-11,32.62,2982,63.56,1,Craig Miller,laura40@example.org,20,1,1,5,2024-08-30,Machine Learning Course 19,0,0,37
3840,359,47,2026-05-09,66.77,1644,83.01,5,Brett Key,lopezpatrick@example.net,30,1,2,5,2025-08-08,SQL Course 47,5,2,40
3841,59,4,2026-02-16,73.33,4863,87.32,2,Katelyn Gentry,zpeterson@example.com,19,0,0,3,2024-12-31,Power BI Course 4,1,0,23
3842,698,19,2026-03-17,53.06,2597,65.04,1,Robert Young,nicole47@example.com,29,1,2,7,2024-07-27,Machine Learning Course 19,0,0,37
3843,504,39,2025-02-22,56.15,4325,73.61,3,Troy Johnson,sydney50@example.com,18,0,2,3,2024-09-03,Power BI Course 39,4,2,33
3844,276,48,2025-11-24,95.45,2219,44.71,5,Brandon White,lisamunoz@example.net,35,1,0,4,2025-03-05,Power BI Course 48,7,2,62
3845,77,46,2026-02-10,71.44,1180,95.71,3,Clifford Robbins,gloria07@example.com,20,0,0,7,2025-12-06,NLP Course 46,3,0,48
3846,552,40,2024-07-16,47.43,1549,67.21,4,Leslie Alvarado,riveramariah@example.net,21,0,0,4,2026-02-16,Machine Learning Course 40,2,2,64
3847,576,12,2025-09-20,41.86,3574,79.58,4,Mary Landry,vanessa37@example.org,33,0,0,4,2025-09-06,Deep Learning Course 12,5,2,57
3848,930,7,2025-12-15,25.0,3287,63.52,2,Justin Hudson,douglas95@example.com,24,1,2,2,2026-05-04,Data Science Course 7,6,1,62
3849,313,46,2026-07-12,52.41,4302,55.52,3,Karen Murphy,matthew07@example.org,24,0,1,1,2024-10-30,NLP Course 46,3,0,48
3850,721,12,2024-10-03,20.27,1554,72.08,5,Victoria Herrera,taylorallison@example.net,32,0,0,2,2024-12-25,Deep Learning Course 12,5,2,57
3851,433,27,2025-03-03,29.74,1467,61.77,5,Jose Rocha,james79@example.org,19,1,1,4,2026-01-18,Computer Vision Course 27,5,0,70
3852,341,13,2024-07-21,32.2,1946,70.91,3,Margaret Daniel,kimberly13@example.org,24,0,0,3,2024-08-22,SQL Course 13,7,1,41
3853,699,7,2026-07-07,71.42,4283,76.48,4,Tiffany Esparza,millersally@example.net,19,0,2,3,2025-06-15,Data Science Course 7,6,1,62
3854,111,27,2024-08-26,75.67,4649,91.52,4,Helen Garcia,joseph77@example.com,28,0,2,3,2025-04-23,Computer Vision Course 27,5,0,70
3855,154,15,2025-02-22,22.03,4694,68.48,1,Hunter Terry,anthonyguerrero@example.net,18,0,0,7,2025-05-30,Data Science Course 15,6,1,75
3856,903,8,2026-03-04,26.51,1219,70.9,5,Lee Ramirez,jenkinscaitlin@example.com,34,0,2,1,2024-10-28,Python Course 8,1,2,38
3857,855,35,2025-05-26,63.51,4111,85.75,3,James Soto,tracymarquez@example.org,19,1,0,5,2024-12-03,NLP Course 35,1,0,70
3858,942,10,2024-11-09,45.69,2535,76.29,3,Jill Webb,rasmussenmorgan@example.org,21,1,1,3,2025-04-13,Python Course 10,6,2,10
3859,314,24,2025-09-30,44.69,3109,51.06,3,Stephanie Davenport,jjohnson@example.net,18,0,1,1,2025-02-27,Computer Vision Course 24,5,2,21
3860,151,37,2025-09-27,67.84,4056,97.69,2,James Nelson,williamskaren@example.com,29,1,1,0,2025-08-10,SQL Course 37,0,0,38
3861,274,36,2025-10-15,57.75,4368,51.27,1,Mr. Matthew Bruce,evanaguilar@example.com,18,1,2,6,2026-03-07,Computer Vision Course 36,2,0,77
3862,157,47,2026-04-03,70.03,4689,94.87,3,Taylor Davis,churchbrian@example.org,31,1,1,3,2026-05-18,SQL Course 47,5,2,40
3863,231,44,2026-02-13,94.98,4607,84.49,2,Emily Lester,ogardner@example.org,18,1,0,2,2025-04-10,Computer Vision Course 44,1,2,29
3864,21,2,2026-02-05,46.67,471,95.94,1,Jeffrey Lynn,sarapruitt@example.org,32,1,0,2,2024-07-15,Data Science Course 2,1,0,41
3865,777,42,2025-03-27,33.69,3615,51.57,3,Jennifer Scott,gcampbell@example.com,31,1,0,5,2024-12-19,NLP Course 42,0,0,75
3866,126,40,2026-03-13,68.21,3672,49.77,5,Derrick Park,hillbrandy@example.org,20,0,0,6,2026-02-26,Machine Learning Course 40,2,2,64
3867,278,50,2025-09-14,74.55,491,60.65,5,Susan Lopez,ocole@example.net,26,0,2,2,2026-03-29,Python Course 50,3,1,46
3868,211,50,2025-06-25,30.68,280,61.39,4,Angela Taylor,lwatson@example.com,32,0,1,7,2026-04-12,Python Course 50,3,1,46
3869,602,4,2025-05-13,46.8,4176,68.62,4,Craig Miller,laura40@example.org,20,1,1,5,2024-08-30,Power BI Course 4,1,0,23
3870,419,22,2025-04-13,74.01,3807,81.59,5,Robert Davidson,briannaphillips@example.com,24,0,0,1,2025-02-17,Computer Vision Course 22,0,2,49
3871,268,23,2024-09-10,50.24,1619,92.18,5,Nathan Diaz DDS,lkim@example.org,21,0,2,1,2024-07-26,SQL Course 23,6,1,47
3872,495,50,2025-08-25,44.19,2411,88.94,4,Nicolas Hernandez,cindy80@example.net,30,0,0,0,2025-12-28,Python Course 50,3,1,46
3873,399,1,2025-07-24,92.53,1979,93.72,5,John Massey,davidmontgomery@example.com,33,0,2,1,2025-02-22,Power BI Course 1,3,1,21
3874,125,2,2025-03-21,87.87,3370,68.44,3,Joseph Lozano,lschwartz@example.org,34,1,1,1,2025-01-24,Data Science Course 2,1,0,41
3875,32,10,2025-12-25,82.51,4730,89.14,1,Renee Burns,pattersonantonio@example.com,33,1,2,7,2024-11-15,Python Course 10,6,2,10
3876,9,31,2025-12-24,40.22,3403,53.48,4,Samantha Rivera,laura03@example.com,20,1,1,2,2026-03-16,Computer Vision Course 31,4,0,67
3877,711,31,2024-09-06,49.83,3322,65.6,5,Andrea Mccoy,bradley99@example.org,22,0,1,7,2024-07-13,Computer Vision Course 31,4,0,67
3878,430,49,2026-01-24,64.37,2450,89.25,2,Robert White,michael44@example.org,35,0,0,3,2026-03-10,SQL Course 49,4,1,62
3879,29,23,2025-02-26,84.04,2887,44.83,4,Joshua Wilson,campbellmelissa@example.com,18,1,0,1,2025-09-16,SQL Course 23,6,1,47
3880,527,29,2024-10-12,25.1,2084,64.56,4,Sara Maldonado,lindseynichols@example.net,33,0,2,0,2026-06-25,Data Science Course 29,2,2,62
3881,290,10,2025-07-09,51.47,2701,46.38,1,Mary Berger,kimsamantha@example.net,28,1,1,2,2025-04-03,Python Course 10,6,2,10
3882,874,19,2024-10-18,80.84,1791,90.87,1,Catherine Jones,reedlori@example.com,26,1,2,7,2024-07-29,Machine Learning Course 19,0,0,37
3883,938,3,2024-11-14,24.05,1282,71.42,4,Jacqueline Rodriguez,peter10@example.net,33,0,0,6,2026-01-09,Python Course 3,3,2,52
3884,603,27,2025-09-26,98.08,1217,80.14,1,Tina Ochoa,cshort@example.net,31,1,1,6,2025-09-23,Computer Vision Course 27,5,0,70
3885,894,28,2025-01-06,95.52,2854,75.92,3,Adam Little,lhurley@example.net,27,0,0,2,2025-10-04,SQL Course 28,5,0,57
3886,6,6,2025-10-02,55.08,833,56.1,2,Gerald Oliver,ann79@example.com,31,1,1,7,2025-01-26,Python Course 6,2,1,11
3887,482,13,2026-03-25,23.56,717,94.55,3,Reginald Bautista,fmalone@example.org,27,1,1,5,2025-10-11,SQL Course 13,7,1,41
3888,457,23,2025-04-09,99.17,359,92.15,1,Melissa Moran,zking@example.org,30,0,2,7,2026-04-13,SQL Course 23,6,1,47
3889,13,8,2025-02-24,28.14,3701,51.17,3,Jennifer Hart,lauren81@example.com,26,1,0,4,2026-01-05,Python Course 8,1,2,38
3890,977,26,2025-03-19,34.64,1810,63.18,5,Brian Sheppard,williamharris@example.com,20,1,1,1,2025-01-20,Computer Vision Course 26,7,1,22
3891,143,3,2026-05-29,78.22,4901,48.99,4,Cassidy Summers,richardsonchad@example.org,24,1,1,4,2024-09-22,Python Course 3,3,2,52
3892,100,15,2024-10-23,21.24,3263,80.02,1,Phillip Robinson,smercado@example.com,33,1,1,0,2025-01-07,Data Science Course 15,6,1,75
3893,718,40,2026-03-27,87.15,3121,74.34,4,Allen Turner,ronaldterrell@example.org,27,0,1,7,2025-01-30,Machine Learning Course 40,2,2,64
3894,886,27,2026-02-17,65.96,4572,74.77,1,Tina Turner,kenneth57@example.net,26,0,1,2,2025-02-08,Computer Vision Course 27,5,0,70
3895,917,3,2025-01-02,38.43,2216,94.6,4,Christopher Foster,yford@example.org,23,1,1,7,2025-12-21,Python Course 3,3,2,52
3896,133,4,2024-07-30,29.78,3787,43.3,5,Kevin Ward,kimberly51@example.org,21,0,2,3,2025-01-10,Power BI Course 4,1,0,23
3897,566,4,2025-11-25,64.94,1079,76.32,1,Kelly Martin,debbie91@example.org,22,0,2,2,2025-12-24,Power BI Course 4,1,0,23
3898,199,20,2025-12-09,43.55,2990,54.1,1,Lisa Sullivan,omitchell@example.org,27,1,2,5,2025-10-17,Data Science Course 20,3,1,50
3899,546,3,2025-07-23,54.91,1682,51.79,3,Desiree Boyd,carolynwhite@example.com,31,1,2,0,2026-02-14,Python Course 3,3,2,52
3900,550,23,2026-06-03,70.1,4076,60.13,4,Micheal Summers,jocelynsanchez@example.org,25,0,2,2,2026-04-10,SQL Course 23,6,1,47
3901,869,48,2025-07-17,24.23,1501,89.82,4,Cheryl Jacobs,wyattmitchell@example.net,18,1,1,7,2026-04-01,Power BI Course 48,7,2,62
3902,799,43,2024-07-24,78.83,92,44.24,5,Matthew Taylor,herrerajamie@example.org,30,1,1,7,2026-04-15,Data Science Course 43,3,2,73
3903,147,20,2026-03-05,54.45,779,76.57,1,David James,obennett@example.org,21,1,0,0,2024-12-28,Data Science Course 20,3,1,50
3904,687,16,2024-12-01,29.95,61,52.21,3,Denise Young,brian67@example.com,33,1,2,2,2025-09-14,Deep Learning Course 16,5,0,68
3905,339,41,2026-07-06,87.03,3783,99.1,1,Jason Hansen,smithjoshua@example.com,31,1,1,4,2025-08-07,Machine Learning Course 41,1,2,72
3906,730,7,2024-09-13,66.07,2864,58.7,4,Tracy Williams DDS,roytimothy@example.net,24,0,0,2,2025-03-16,Data Science Course 7,6,1,62
3907,502,17,2025-08-14,77.46,1433,86.71,3,Tonya Fernandez,olivia65@example.com,21,1,1,1,2025-08-01,Deep Learning Course 17,1,0,22
3908,678,10,2025-08-14,68.95,686,86.73,2,Brandon Rhodes Jr.,catherinepittman@example.net,19,1,2,6,2025-08-26,Python Course 10,6,2,10
3909,285,9,2025-10-05,45.02,3708,76.59,5,Angela Chambers,gelliott@example.net,25,0,1,4,2025-03-29,SQL Course 9,6,0,47
3910,164,31,2024-12-14,43.27,1596,55.48,4,Cole Freeman PhD,onealgary@example.net,35,1,2,6,2024-11-28,Computer Vision Course 31,4,0,67
3911,257,26,2025-02-11,59.42,1435,96.49,2,Jay Burch,kathleen93@example.com,33,0,2,6,2025-10-26,Computer Vision Course 26,7,1,22
3912,587,25,2024-08-16,31.65,1809,62.07,5,Sarah Bender,wspencer@example.net,33,1,1,0,2026-05-17,Data Science Course 25,7,1,51
3913,31,5,2025-06-03,23.79,1454,96.15,4,Theresa Stephenson,zhull@example.org,31,0,2,1,2024-09-05,Computer Vision Course 5,6,1,55
3914,155,17,2025-05-07,47.19,2307,54.75,1,Charles Davis,weberjeffery@example.org,31,1,0,7,2025-02-10,Deep Learning Course 17,1,0,22
3915,731,18,2024-08-01,43.42,787,51.78,4,Jason Spencer,qthomas@example.org,24,1,2,4,2024-08-14,Machine Learning Course 18,0,0,25
3916,488,35,2026-05-14,87.71,4936,52.67,5,Edward Sanford,hintonricky@example.com,28,1,2,3,2026-06-16,NLP Course 35,1,0,70
3917,842,22,2025-05-17,54.41,212,94.74,3,April Barrett,paulwhite@example.com,18,0,0,4,2026-01-23,Computer Vision Course 22,0,2,49
3918,372,37,2024-12-24,66.68,1166,51.55,5,Haley Thompson,yrogers@example.net,35,0,1,2,2025-05-24,SQL Course 37,0,0,38
3919,588,3,2026-05-27,72.16,2713,47.45,2,Dustin Knight,smithlinda@example.org,22,1,2,1,2024-11-09,Python Course 3,3,2,52
3920,709,6,2025-09-20,76.61,2513,76.23,2,Lisa Cole,andreamoss@example.net,22,1,0,7,2025-10-22,Python Course 6,2,1,11
3921,303,15,2026-07-01,84.9,3227,81.75,1,Katie Zavala,johnathanhobbs@example.com,25,1,1,3,2024-08-29,Data Science Course 15,6,1,75
3922,594,35,2025-09-12,30.19,1060,87.09,4,Jennifer Greene,nrusso@example.org,34,0,0,3,2025-07-27,NLP Course 35,1,0,70
3923,906,31,2026-01-13,29.38,2336,97.16,5,Virginia Rivera,mitchellsonya@example.com,18,0,2,6,2025-10-13,Computer Vision Course 31,4,0,67
3924,426,46,2026-07-07,37.81,2738,98.95,4,Sandra Mora,nsanchez@example.net,26,1,2,3,2025-07-23,NLP Course 46,3,0,48
3925,756,36,2026-05-23,89.55,537,73.64,5,Robert Mccoy,kwilson@example.org,31,0,2,7,2025-09-12,Computer Vision Course 36,2,0,77
3926,263,40,2024-08-04,27.78,2901,83.5,4,Kathy Mejia,kimlisa@example.com,32,1,1,7,2026-02-01,Machine Learning Course 40,2,2,64
3927,41,37,2024-10-12,79.21,497,56.61,3,Kelly Harris,amandahall@example.com,29,1,2,3,2025-10-31,SQL Course 37,0,0,38
3928,393,26,2025-09-03,98.0,3553,41.65,1,Tiffany Welch,haroldpowell@example.org,31,0,0,1,2024-09-02,Computer Vision Course 26,7,1,22
3929,16,34,2024-12-29,76.77,4270,57.19,5,Nicole Hendricks,elizabeth27@example.com,24,0,0,2,2024-09-28,SQL Course 34,6,2,57
3930,191,36,2025-04-14,43.23,4651,74.95,4,Dawn Davis,amyfox@example.net,28,0,0,3,2025-04-16,Computer Vision Course 36,2,0,77
3931,922,41,2025-12-02,83.59,3564,87.37,1,Adrian Jenkins,villanuevazachary@example.com,30,1,1,5,2024-09-16,Machine Learning Course 41,1,2,72
3932,804,35,2025-09-07,53.94,4882,49.85,4,Jacob Jackson,james88@example.com,26,0,1,5,2026-03-01,NLP Course 35,1,0,70
3933,937,49,2025-02-05,35.91,4204,80.92,1,Kimberly James,dylan79@example.org,21,0,2,1,2025-07-19,SQL Course 49,4,1,62
3934,589,7,2025-06-15,99.88,4639,98.36,4,Makayla Hardin,gatesheather@example.org,21,1,1,1,2026-06-07,Data Science Course 7,6,1,62
3935,99,35,2024-12-22,60.32,3280,93.29,4,Kimberly Williams,hicksanthony@example.com,20,0,0,3,2025-09-06,NLP Course 35,1,0,70
3936,950,40,2026-04-01,43.2,1506,95.74,3,Jennifer Martinez,jonestodd@example.org,23,1,2,4,2026-07-06,Machine Learning Course 40,2,2,64
3937,106,34,2025-04-11,65.98,789,52.97,5,Tracie Price,timothy95@example.com,26,0,2,6,2025-06-13,SQL Course 34,6,2,57
3938,563,45,2026-05-11,51.79,1449,90.66,3,Philip White,vcortez@example.com,35,1,1,1,2024-10-22,Power BI Course 45,0,1,69
3939,219,25,2025-03-03,92.72,3566,81.45,5,Robert Barrett,emmasmith@example.com,32,1,1,5,2026-03-06,Data Science Course 25,7,1,51
3940,501,42,2025-05-14,63.15,4149,98.15,3,Barbara Simmons,charlene23@example.com,19,0,2,3,2024-10-02,NLP Course 42,0,0,75
3941,622,7,2025-05-25,53.27,4639,87.0,5,Christopher Merritt,gary78@example.net,24,1,2,1,2025-11-15,Data Science Course 7,6,1,62
3942,693,2,2025-09-14,22.17,3573,50.43,5,Gary Walsh,kevinmoore@example.net,35,1,0,2,2026-03-09,Data Science Course 2,1,0,41
3943,209,50,2026-01-28,80.28,4747,93.46,1,Brenda Lopez,lindseygonzalez@example.net,32,0,0,2,2025-04-09,Python Course 50,3,1,46
3944,412,50,2024-12-02,65.6,1529,57.01,2,Zachary Torres,michaelclark@example.com,23,1,2,0,2025-02-03,Python Course 50,3,1,46
3945,409,2,2024-12-15,36.99,3214,52.79,4,Christina Reynolds,yvonnemartinez@example.net,24,1,1,2,2026-07-04,Data Science Course 2,1,0,41
3946,472,20,2025-12-29,70.03,4626,84.62,2,David Keller,caitlin90@example.com,28,1,2,1,2025-02-22,Data Science Course 20,3,1,50
3947,206,45,2024-09-14,32.73,1163,85.08,4,Joann Thompson,michael30@example.net,25,0,2,0,2024-10-25,Power BI Course 45,0,1,69
3948,975,1,2025-01-16,79.79,3581,52.1,4,Dean Bailey,salazarrichard@example.com,30,0,0,4,2025-07-04,Power BI Course 1,3,1,21
3949,440,16,2025-08-30,90.67,3251,87.15,4,Anthony Elliott,tlee@example.org,33,1,2,0,2025-11-08,Deep Learning Course 16,5,0,68
3950,534,34,2026-02-19,89.69,2765,93.13,5,Patricia Lopez,shannonmckinney@example.net,18,0,0,4,2024-08-22,SQL Course 34,6,2,57
3951,874,34,2025-12-23,26.03,1525,50.16,5,Catherine Jones,reedlori@example.com,26,1,2,7,2024-07-29,SQL Course 34,6,2,57
3952,1000,47,2024-10-18,51.14,3904,48.61,1,Amanda Short,zthompson@example.org,24,0,1,4,2025-08-18,SQL Course 47,5,2,40
3953,348,41,2026-04-27,66.25,1941,53.91,2,Michael Johnson,waustin@example.org,24,1,1,5,2024-09-18,Machine Learning Course 41,1,2,72
3954,179,23,2026-03-08,65.93,3214,55.7,3,Jennifer Roberts,jenniferjones@example.org,31,1,2,0,2025-07-17,SQL Course 23,6,1,47
3955,532,34,2025-09-25,46.05,237,87.34,3,George Clark,jordanjill@example.net,32,0,1,7,2024-12-17,SQL Course 34,6,2,57
3956,876,25,2025-11-09,55.9,3856,94.41,5,Brittany Lester,johnsonrobert@example.com,27,0,1,7,2026-05-09,Data Science Course 25,7,1,51
3957,476,46,2026-02-08,93.13,673,42.37,5,Debra Anderson,wilsonjonathon@example.org,34,0,0,1,2026-03-11,NLP Course 46,3,0,48
3958,133,24,2025-07-29,87.19,4904,87.83,1,Kevin Ward,kimberly51@example.org,21,0,2,3,2025-01-10,Computer Vision Course 24,5,2,21
3959,120,18,2025-12-16,30.64,4280,91.94,1,Ashley Kelley,michelletaylor@example.org,18,0,2,4,2026-02-20,Machine Learning Course 18,0,0,25
3960,768,29,2025-06-27,34.83,2510,41.36,1,Dr. Cynthia Huerta MD,jeremycole@example.org,20,1,1,1,2025-12-23,Data Science Course 29,2,2,62
3961,431,24,2025-03-18,87.04,2444,99.06,5,Kelly Galloway,edwardmartin@example.com,25,0,1,2,2025-08-21,Computer Vision Course 24,5,2,21
3962,895,25,2025-01-31,91.92,908,74.16,1,Lisa Chaney,imcdonald@example.org,30,1,2,3,2024-10-06,Data Science Course 25,7,1,51
3963,478,20,2026-04-21,22.91,3805,66.97,2,Sean Garcia,barbara91@example.org,27,1,0,4,2024-10-05,Data Science Course 20,3,1,50
3964,846,6,2026-02-23,56.26,4032,66.57,1,Kevin Ruiz,pmartin@example.net,21,1,1,7,2024-11-16,Python Course 6,2,1,11
3965,39,19,2024-11-07,68.96,1218,94.14,5,Kevin Peters,nmontgomery@example.net,27,0,1,0,2025-08-26,Machine Learning Course 19,0,0,37
3966,110,36,2025-07-25,83.96,82,81.33,5,Charles Calhoun,john13@example.org,26,1,1,6,2026-01-17,Computer Vision Course 36,2,0,77
3967,584,47,2026-05-02,47.51,289,46.03,4,Jacob Luna,nixonjared@example.com,32,1,2,0,2025-02-25,SQL Course 47,5,2,40
3968,513,10,2026-06-05,28.06,4351,47.48,5,Sarah Donovan,catherinewhite@example.com,30,1,0,0,2025-06-21,Python Course 10,6,2,10
3969,356,26,2026-05-29,87.75,1364,80.76,1,Bryan Smith,susanbernard@example.org,23,0,1,7,2026-01-05,Computer Vision Course 26,7,1,22
3970,347,45,2026-07-04,89.73,2820,76.34,2,Paul Haynes,amanda82@example.com,18,1,2,4,2025-11-16,Power BI Course 45,0,1,69
3971,540,1,2024-07-24,78.81,1319,81.65,1,Marvin Snyder,harrellamber@example.com,21,0,1,5,2025-06-18,Power BI Course 1,3,1,21
3972,90,6,2025-04-03,67.44,2094,90.97,3,Marissa Young,waterscassie@example.com,28,1,0,6,2024-07-18,Python Course 6,2,1,11
3973,972,10,2025-02-10,47.56,1158,88.79,5,Kelly Webb,jenniferboone@example.com,28,0,1,1,2025-11-22,Python Course 10,6,2,10
3974,333,35,2026-07-01,54.39,316,40.53,2,Joshua Houston,ecraig@example.net,18,0,1,6,2024-10-15,NLP Course 35,1,0,70
3975,492,3,2024-11-21,54.51,4746,62.31,1,Mario Lopez,clementssean@example.com,21,0,1,4,2025-12-23,Python Course 3,3,2,52
3976,191,13,2024-10-21,58.1,2858,73.78,4,Dawn Davis,amyfox@example.net,28,0,0,3,2025-04-16,SQL Course 13,7,1,41
3977,315,45,2025-01-04,29.68,4175,41.11,3,Katie Morse,bryan97@example.org,24,0,0,2,2025-01-01,Power BI Course 45,0,1,69
3978,21,33,2025-10-28,70.43,1744,59.39,2,Jeffrey Lynn,sarapruitt@example.org,32,1,0,2,2024-07-15,Power BI Course 33,7,1,58
3979,738,38,2025-06-08,55.69,3754,90.65,3,Robert Bowers,johnjones@example.com,24,1,0,3,2026-01-15,Computer Vision Course 38,4,0,32
3980,689,36,2026-01-30,88.96,461,48.48,5,Sandra Hoffman,jchen@example.com,18,0,2,1,2025-06-19,Computer Vision Course 36,2,0,77
3981,226,34,2025-12-20,83.8,620,44.99,1,Susan Schroeder,pwilson@example.net,29,0,0,6,2025-04-25,SQL Course 34,6,2,57
3982,427,47,2025-03-12,56.18,484,72.47,5,Ashley Gibson,walkerelizabeth@example.org,26,0,2,6,2026-03-22,SQL Course 47,5,2,40
3983,395,17,2025-10-25,90.46,2933,58.57,3,Chelsea Hamilton,perezricky@example.org,25,0,1,1,2025-05-25,Deep Learning Course 17,1,0,22
3984,696,13,2025-12-20,97.6,4996,76.84,5,Joshua Calderon,epowers@example.net,33,1,0,4,2025-03-28,SQL Course 13,7,1,41
3985,274,4,2026-06-06,52.55,640,56.4,5,Mr. Matthew Bruce,evanaguilar@example.com,18,1,2,6,2026-03-07,Power BI Course 4,1,0,23
3986,342,8,2026-02-14,26.73,4829,67.63,2,Brian Erickson,michellebennett@example.net,25,0,0,6,2025-03-30,Python Course 8,1,2,38
3987,722,40,2026-01-26,97.41,3448,74.35,5,Craig Brooks,voliver@example.net,28,0,1,2,2025-10-19,Machine Learning Course 40,2,2,64
3988,48,10,2025-04-07,95.37,3617,59.26,4,Gabriela Smith,cookdaniel@example.net,32,0,2,6,2024-08-27,Python Course 10,6,2,10
3989,889,6,2026-05-21,58.39,677,98.93,5,Matthew Young,warrenwilliam@example.net,30,0,2,7,2026-05-07,Python Course 6,2,1,11
3990,872,38,2025-07-16,88.19,378,90.84,1,Michelle Garcia,gouldjessica@example.net,18,0,2,5,2024-07-28,Computer Vision Course 38,4,0,32
3991,448,16,2026-03-03,48.37,2181,96.96,5,Gary Green,michaelcoleman@example.com,22,0,0,7,2025-05-04,Deep Learning Course 16,5,0,68
3992,70,38,2024-10-12,73.58,4997,84.93,5,Jeremy Powell,wmurphy@example.net,27,1,2,5,2025-05-07,Computer Vision Course 38,4,0,32
3993,52,23,2026-06-02,85.38,3430,91.11,2,Kyle Acosta,nicole41@example.org,18,0,1,2,2025-07-14,SQL Course 23,6,1,47
3994,409,23,2025-09-24,67.6,1490,67.28,1,Christina Reynolds,yvonnemartinez@example.net,24,1,1,2,2026-07-04,SQL Course 23,6,1,47
3995,643,20,2025-07-31,72.35,2397,47.62,5,William Harris,fbrowning@example.org,21,0,2,1,2026-04-18,Data Science Course 20,3,1,50
3996,394,43,2024-09-26,75.24,4770,87.81,3,Vanessa Cabrera,jaredwalker@example.net,24,0,0,4,2025-06-30,Data Science Course 43,3,2,73
3997,857,33,2025-08-12,82.38,884,67.08,4,Michael Williams,joseph84@example.org,21,0,1,7,2025-01-15,Power BI Course 33,7,1,58
3998,600,42,2024-12-12,29.73,1507,95.8,3,Jennifer Burke,christinebrown@example.com,21,0,0,4,2025-04-16,NLP Course 42,0,0,75
3999,711,13,2024-09-19,87.98,4107,50.37,2,Andrea Mccoy,bradley99@example.org,22,0,1,7,2024-07-13,SQL Course 13,7,1,41
4000,877,21,2026-04-15,84.7,3387,48.48,2,Jacqueline Middleton,smithchristine@example.net,24,0,2,7,2024-12-21,Data Science Course 21,0,0,66
4001,917,22,2024-07-16,52.58,1506,92.46,2,Christopher Foster,yford@example.org,23,1,1,7,2025-12-21,Computer Vision Course 22,0,2,49
4002,400,43,2025-07-13,92.34,539,84.74,1,Joseph Garza,cesarnunez@example.com,29,0,0,1,2024-08-15,Data Science Course 43,3,2,73
4003,432,24,2024-11-14,91.95,2502,77.98,2,Thomas Ward,larrysantiago@example.com,34,1,0,0,2026-02-27,Computer Vision Course 24,5,2,21
4004,117,26,2025-10-13,92.84,191,73.53,1,Benjamin Suarez III,wesleyguerrero@example.net,22,0,2,4,2025-12-16,Computer Vision Course 26,7,1,22
4005,356,28,2026-01-03,55.44,2403,85.5,5,Bryan Smith,susanbernard@example.org,23,0,1,7,2026-01-05,SQL Course 28,5,0,57
4006,593,27,2024-09-21,26.54,3452,91.85,5,Amanda Smith,xavierparsons@example.com,26,1,1,5,2025-02-19,Computer Vision Course 27,5,0,70
4007,332,29,2024-11-22,68.99,1504,81.69,5,Drew Osborne,martinjulie@example.org,32,1,0,5,2025-10-13,Data Science Course 29,2,2,62
4008,52,27,2026-04-06,37.56,2872,92.21,1,Kyle Acosta,nicole41@example.org,18,0,1,2,2025-07-14,Computer Vision Course 27,5,0,70
4009,474,43,2024-08-07,63.45,908,51.2,4,Jennifer Hall,xbauer@example.com,22,1,1,1,2026-05-17,Data Science Course 43,3,2,73
4010,174,45,2025-11-29,87.39,2096,49.22,5,Laura Wolfe,alejandrowalton@example.com,29,1,1,5,2026-02-01,Power BI Course 45,0,1,69
4011,447,28,2025-05-28,86.89,194,89.49,2,Mallory Coleman,gregorysmith@example.com,34,0,2,0,2025-07-18,SQL Course 28,5,0,57
4012,929,37,2025-02-15,75.12,3698,80.96,5,Savannah Cline,jose29@example.com,22,0,0,2,2024-11-09,SQL Course 37,0,0,38
4013,777,47,2025-11-03,25.35,4175,81.92,3,Jennifer Scott,gcampbell@example.com,31,1,0,5,2024-12-19,SQL Course 47,5,2,40
4014,971,44,2025-09-07,30.75,2948,57.29,2,Robert Smith,megannorton@example.org,22,0,2,4,2025-07-30,Computer Vision Course 44,1,2,29
4015,316,44,2025-06-07,63.37,4445,95.0,2,Alyssa Thompson,marysuarez@example.net,26,0,1,3,2026-03-02,Computer Vision Course 44,1,2,29
4016,615,1,2025-06-17,57.7,1501,54.57,1,Paul Fletcher,woodslisa@example.org,19,0,1,7,2025-09-05,Power BI Course 1,3,1,21
4017,174,35,2025-09-17,83.22,421,78.03,2,Laura Wolfe,alejandrowalton@example.com,29,1,1,5,2026-02-01,NLP Course 35,1,0,70
4018,132,19,2025-08-04,86.49,1356,47.8,1,Andrew Campos,christopherharrington@example.org,35,0,1,2,2024-12-30,Machine Learning Course 19,0,0,37
4019,177,15,2025-02-20,66.47,4844,57.24,5,Jennifer Cole,christian22@example.org,21,1,2,3,2024-11-15,Data Science Course 15,6,1,75
4020,580,40,2024-08-03,63.88,3653,55.14,3,William Wilson,imiller@example.org,31,1,1,6,2025-12-08,Machine Learning Course 40,2,2,64
4021,385,28,2025-02-02,71.08,2930,73.93,5,Harold Manning,rbarnes@example.net,29,1,0,2,2024-12-08,SQL Course 28,5,0,57
4022,573,46,2024-08-03,42.05,3713,69.91,3,Alejandro Webb,hbrewer@example.net,25,0,0,2,2025-04-09,NLP Course 46,3,0,48
4023,339,49,2025-03-07,81.63,4590,84.1,5,Jason Hansen,smithjoshua@example.com,31,1,1,4,2025-08-07,SQL Course 49,4,1,62
4024,123,13,2026-02-07,23.91,880,59.41,2,Justin Bennett,steven14@example.org,28,1,0,6,2026-04-07,SQL Course 13,7,1,41
4025,307,35,2025-01-20,76.67,4445,59.07,2,Phillip Cervantes,teresalane@example.com,22,0,1,3,2025-11-14,NLP Course 35,1,0,70
4026,646,22,2024-07-16,84.76,484,87.01,1,Latasha Mcbride,michaelwallace@example.com,32,1,2,3,2025-08-21,Computer Vision Course 22,0,2,49
4027,995,5,2026-06-16,21.66,887,67.85,5,Leonard Rocha,andrea76@example.com,34,0,1,4,2025-07-26,Computer Vision Course 5,6,1,55
4028,283,33,2025-03-19,50.55,4616,66.21,2,Jesus Rocha,newmanjoanna@example.net,31,0,0,1,2026-01-30,Power BI Course 33,7,1,58
4029,460,16,2025-09-17,40.53,1779,73.01,3,Jenny Compton,baileykristi@example.com,18,0,2,7,2024-08-07,Deep Learning Course 16,5,0,68
4030,306,47,2025-04-06,63.16,4740,52.32,1,Timothy Buckley,warewesley@example.org,18,1,1,4,2025-09-07,SQL Course 47,5,2,40
4031,536,2,2024-11-27,82.64,639,95.8,1,Jason Calderon,dawntodd@example.org,19,0,1,1,2024-08-23,Data Science Course 2,1,0,41
4032,709,48,2025-03-21,43.03,209,48.07,5,Lisa Cole,andreamoss@example.net,22,1,0,7,2025-10-22,Power BI Course 48,7,2,62
4033,686,19,2026-01-21,48.52,300,86.59,3,Stacey Deleon,wgarcia@example.com,25,0,1,7,2026-04-04,Machine Learning Course 19,0,0,37
4034,883,36,2024-10-27,59.71,3217,83.42,3,Samantha Glass,trevor64@example.org,27,1,1,2,2025-08-23,Computer Vision Course 36,2,0,77
4035,569,12,2025-09-18,59.41,2235,70.18,2,Renee Jones,chandlerjoseph@example.com,28,1,1,5,2025-04-21,Deep Learning Course 12,5,2,57
4036,28,9,2025-05-17,72.07,1684,90.87,4,Pam Rivera,wilsoneric@example.net,31,0,0,5,2024-10-08,SQL Course 9,6,0,47
4037,730,7,2025-11-14,84.07,693,83.76,1,Tracy Williams DDS,roytimothy@example.net,24,0,0,2,2025-03-16,Data Science Course 7,6,1,62
4038,762,26,2026-02-28,27.74,1218,42.29,4,Jose Walker,darrell29@example.com,22,0,2,2,2024-11-03,Computer Vision Course 26,7,1,22
4039,685,21,2025-11-13,44.52,1483,78.11,4,Richard Jones,rberry@example.org,25,1,2,6,2025-10-16,Data Science Course 21,0,0,66
4040,517,16,2025-01-18,35.1,3362,83.56,3,Elizabeth Harding,wrichardson@example.com,33,0,0,7,2025-04-14,Deep Learning Course 16,5,0,68
4041,637,23,2025-08-04,27.71,2174,56.51,3,James Anderson,smithjulie@example.net,34,0,0,2,2025-01-17,SQL Course 23,6,1,47
4042,693,16,2025-05-11,86.39,3219,46.44,4,Gary Walsh,kevinmoore@example.net,35,1,0,2,2026-03-09,Deep Learning Course 16,5,0,68
4043,560,12,2024-11-10,80.78,2299,94.72,5,Jennifer Malone,rhonda12@example.com,19,0,1,6,2026-03-06,Deep Learning Course 12,5,2,57
4044,931,42,2025-12-17,32.54,1501,84.33,5,Mary Baker,ltorres@example.org,34,1,1,6,2024-08-29,NLP Course 42,0,0,75
4045,921,48,2025-06-07,89.08,466,64.81,5,Teresa Bryant,josephrussell@example.net,28,1,1,5,2025-04-03,Power BI Course 48,7,2,62
4046,446,35,2026-03-09,68.61,2770,66.35,2,Crystal Kim,ktaylor@example.org,30,1,0,0,2026-06-20,NLP Course 35,1,0,70
4047,773,12,2025-05-11,50.97,674,61.64,2,Gina Burch,michaelwu@example.com,35,0,1,2,2025-10-14,Deep Learning Course 12,5,2,57
4048,214,17,2024-09-04,20.86,158,44.46,1,Sarah Figueroa,christopherward@example.net,18,1,1,2,2025-09-14,Deep Learning Course 17,1,0,22
4049,731,44,2026-06-10,57.49,754,45.41,1,Jason Spencer,qthomas@example.org,24,1,2,4,2024-08-14,Computer Vision Course 44,1,2,29
4050,530,31,2025-06-18,96.74,4791,82.83,2,John Smith,haynesstephanie@example.com,25,0,0,0,2025-03-23,Computer Vision Course 31,4,0,67
4051,830,9,2026-06-16,53.76,1139,66.86,5,Tommy Weber,rebeccarodriguez@example.org,18,0,1,2,2024-08-14,SQL Course 9,6,0,47
4052,881,8,2025-11-02,77.33,2713,48.92,3,Emily Koch,hcochran@example.net,30,1,1,6,2024-11-08,Python Course 8,1,2,38
4053,916,16,2024-11-20,34.67,2214,84.88,3,Carlos Hardy,mroy@example.net,28,1,2,6,2025-09-27,Deep Learning Course 16,5,0,68
4054,512,48,2026-01-02,87.94,824,44.65,1,Beth Whitney,paulmcmahon@example.com,30,0,1,0,2024-09-09,Power BI Course 48,7,2,62
4055,755,46,2025-12-19,24.87,3164,41.74,4,Brianna Moreno DVM,lovepamela@example.com,27,1,0,4,2024-07-17,NLP Course 46,3,0,48
4056,558,21,2025-08-30,41.57,893,95.68,3,Stephen Vaughan,oturner@example.com,22,1,0,6,2025-10-20,Data Science Course 21,0,0,66
4057,167,19,2026-01-25,50.81,3624,41.23,2,Marie Price,stephaniepark@example.net,35,0,2,7,2025-05-22,Machine Learning Course 19,0,0,37
4058,633,36,2025-09-20,55.61,921,45.13,5,Natalie Bonilla,watsonandrea@example.net,22,0,2,2,2025-05-07,Computer Vision Course 36,2,0,77
4059,791,30,2026-03-25,35.0,3969,77.39,5,Dylan Martin,michellestewart@example.net,24,1,2,0,2025-01-02,Machine Learning Course 30,1,2,60
4060,825,50,2024-07-19,81.64,2340,62.63,1,Michael Elliott,bryantsamantha@example.net,32,1,1,3,2026-07-12,Python Course 50,3,1,46
4061,714,49,2025-10-02,48.08,968,83.81,1,Carl Robertson,johndaniel@example.org,19,1,1,6,2026-04-17,SQL Course 49,4,1,62
4062,848,28,2025-01-17,43.45,4324,78.07,1,Mark Miller,miguel07@example.net,21,0,0,1,2024-10-16,SQL Course 28,5,0,57
4063,62,42,2024-08-30,53.57,4477,94.44,3,Diane Campbell,nicole07@example.org,34,0,2,7,2025-10-18,NLP Course 42,0,0,75
4064,778,37,2025-08-13,35.28,2419,80.36,5,Lee Martin,sarah67@example.com,20,1,0,3,2025-06-14,SQL Course 37,0,0,38
4065,166,46,2026-06-07,35.29,2342,68.07,3,Matthew Gibson,obarnes@example.com,33,1,1,3,2026-04-23,NLP Course 46,3,0,48
4066,703,11,2025-09-26,59.94,4314,97.1,4,John Harper,yvillegas@example.org,25,1,2,0,2025-05-25,SQL Course 11,0,0,15
4067,247,18,2025-01-21,41.05,4384,81.42,3,Justin Banks,tamara08@example.com,34,0,2,2,2026-04-28,Machine Learning Course 18,0,0,25
4068,904,19,2026-01-27,45.08,3596,75.34,4,Gregory Dixon,goodwinterry@example.com,21,1,1,4,2025-03-24,Machine Learning Course 19,0,0,37
4069,164,9,2025-07-18,21.07,2045,76.82,4,Cole Freeman PhD,onealgary@example.net,35,1,2,6,2024-11-28,SQL Course 9,6,0,47
4070,604,25,2026-01-15,92.68,3919,65.15,1,Brandon Williams,erodgers@example.org,33,0,0,2,2026-06-19,Data Science Course 25,7,1,51
4071,856,20,2025-02-16,85.07,1773,45.82,5,Mark Baker,michelejohnson@example.net,18,1,2,6,2025-04-10,Data Science Course 20,3,1,50
4072,739,43,2025-08-05,54.41,3527,89.62,3,James Friedman,vrodriguez@example.net,33,0,2,4,2026-02-09,Data Science Course 43,3,2,73
4073,787,15,2024-10-28,63.52,3805,74.1,2,Amy Rose,robertsonanna@example.net,27,1,0,6,2025-02-13,Data Science Course 15,6,1,75
4074,783,7,2025-05-16,60.56,937,76.26,5,Shane Bentley,lindsaypruitt@example.org,27,0,2,7,2025-03-09,Data Science Course 7,6,1,62
4075,132,30,2025-10-01,92.46,2900,87.24,1,Andrew Campos,christopherharrington@example.org,35,0,1,2,2024-12-30,Machine Learning Course 30,1,2,60
4076,83,19,2025-08-07,47.33,1726,83.07,2,Gary Leonard,jimenezcharles@example.com,24,1,1,4,2026-03-09,Machine Learning Course 19,0,0,37
4077,580,4,2026-04-01,52.42,1591,61.74,3,William Wilson,imiller@example.org,31,1,1,6,2025-12-08,Power BI Course 4,1,0,23
4078,55,30,2025-06-14,98.98,3762,77.74,1,Mr. Paul Lucero,millerchristine@example.org,26,0,1,4,2025-09-21,Machine Learning Course 30,1,2,60
4079,300,31,2025-04-03,91.87,2455,91.66,4,Nicole Edwards,davidbrown@example.com,30,0,2,3,2025-07-18,Computer Vision Course 31,4,0,67
4080,21,24,2025-06-17,73.19,322,64.52,2,Jeffrey Lynn,sarapruitt@example.org,32,1,0,2,2024-07-15,Computer Vision Course 24,5,2,21
4081,269,46,2026-01-01,94.82,2542,88.95,5,Chad Krause,yallen@example.com,24,0,0,3,2025-06-19,NLP Course 46,3,0,48
4082,600,15,2025-03-18,30.67,701,46.44,5,Jennifer Burke,christinebrown@example.com,21,0,0,4,2025-04-16,Data Science Course 15,6,1,75
4083,746,41,2026-04-08,98.18,959,92.68,2,Justin Jefferson,catherinewolfe@example.net,26,0,1,4,2026-03-30,Machine Learning Course 41,1,2,72
4084,30,49,2025-01-24,56.6,2294,99.62,4,Rebecca Herrera,jacquelinedavis@example.org,31,1,2,5,2025-04-25,SQL Course 49,4,1,62
4085,715,5,2025-07-22,87.17,1315,50.72,5,Jessica Walters,james98@example.org,33,1,2,6,2025-05-26,Computer Vision Course 5,6,1,55
4086,88,1,2026-07-13,65.64,1691,79.55,4,Brandi Rodriguez,jacobtate@example.com,21,1,0,2,2026-04-19,Power BI Course 1,3,1,21
4087,119,34,2024-12-26,99.39,358,71.18,5,Miguel Williams,lisa81@example.com,28,0,0,5,2024-12-14,SQL Course 34,6,2,57
4088,45,6,2024-11-23,76.15,335,99.32,5,Maria Fernandez,matthew27@example.org,34,0,2,7,2025-09-20,Python Course 6,2,1,11
4089,162,31,2026-05-02,21.44,4808,87.75,2,Joseph Adkins PhD,allenallison@example.net,35,1,0,2,2026-07-04,Computer Vision Course 31,4,0,67
4090,341,18,2024-10-01,54.66,3189,50.63,3,Margaret Daniel,kimberly13@example.org,24,0,0,3,2024-08-22,Machine Learning Course 18,0,0,25
4091,820,36,2025-04-12,30.18,4965,57.66,2,Robert Page,latoyanovak@example.org,26,1,1,3,2024-07-28,Computer Vision Course 36,2,0,77
4092,227,19,2026-06-15,64.04,4072,82.74,3,Christine Nelson,fjohnson@example.net,24,0,0,4,2025-10-09,Machine Learning Course 19,0,0,37
4093,730,29,2025-08-19,40.39,3260,50.19,4,Tracy Williams DDS,roytimothy@example.net,24,0,0,2,2025-03-16,Data Science Course 29,2,2,62
4094,145,1,2025-04-11,30.97,195,79.81,4,Maria Santos,jocelynbrady@example.net,23,0,1,3,2025-09-23,Power BI Course 1,3,1,21
4095,407,41,2025-03-23,35.59,163,58.43,1,Claire Shaw,dlynn@example.net,33,1,1,5,2025-05-20,Machine Learning Course 41,1,2,72
4096,954,5,2025-01-02,47.22,2610,48.3,3,Stephen Johnson,dominiquethomas@example.net,22,0,1,1,2024-11-02,Computer Vision Course 5,6,1,55
4097,360,48,2024-07-28,90.57,1770,47.61,1,Abigail White,megansmith@example.com,35,1,1,2,2025-07-21,Power BI Course 48,7,2,62
4098,92,18,2024-11-10,56.45,2507,77.88,1,Madison Calderon,perezsamantha@example.net,24,0,0,3,2024-10-06,Machine Learning Course 18,0,0,25
4099,278,44,2026-03-12,59.95,3270,45.74,4,Susan Lopez,ocole@example.net,26,0,2,2,2026-03-29,Computer Vision Course 44,1,2,29
4100,817,43,2024-07-28,27.59,2218,47.88,5,Martha Bernard,daniel37@example.net,32,0,0,1,2026-05-15,Data Science Course 43,3,2,73
4101,414,43,2025-09-12,67.38,392,46.7,5,Timothy Lopez,paul75@example.com,29,0,1,4,2024-09-25,Data Science Course 43,3,2,73
4102,808,34,2026-06-07,43.06,747,72.64,5,Matthew Reid,thompsonchristy@example.com,35,1,0,6,2025-07-13,SQL Course 34,6,2,57
4103,979,14,2024-07-18,34.78,1990,47.36,5,Isaiah Ramos,spencebryan@example.net,26,0,0,2,2025-04-29,Python Course 14,1,1,43
4104,658,35,2025-08-31,57.99,4343,71.13,2,Emily Small,jacqueline94@example.com,22,0,1,3,2025-06-26,NLP Course 35,1,0,70
4105,153,17,2025-05-28,56.26,1001,98.79,2,Shannon Wilkerson,thomasstephanie@example.org,33,1,1,0,2024-12-07,Deep Learning Course 17,1,0,22
4106,966,32,2024-12-06,81.08,2945,98.09,2,James Sanchez,pthomas@example.org,18,1,2,1,2025-04-12,SQL Course 32,2,1,41
4107,700,3,2025-01-16,55.04,3568,43.09,3,Lisa Gonzalez,freemandawn@example.org,20,1,0,0,2025-06-27,Python Course 3,3,2,52
4108,13,38,2025-10-22,49.45,4564,99.09,4,Jennifer Hart,lauren81@example.com,26,1,0,4,2026-01-05,Computer Vision Course 38,4,0,32
4109,232,10,2025-04-17,53.34,1238,93.47,1,Brianna Thomas,megan65@example.org,33,0,1,5,2026-02-19,Python Course 10,6,2,10
4110,997,8,2025-10-26,30.92,177,96.91,1,Jamie Gonzalez,denise91@example.org,31,0,1,7,2025-08-25,Python Course 8,1,2,38
4111,868,4,2026-05-12,88.75,2436,47.47,5,Vanessa Ross,qhudson@example.org,28,1,0,7,2025-01-23,Power BI Course 4,1,0,23
4112,146,10,2024-10-14,96.23,1228,81.98,2,Pamela Miller,jmacdonald@example.net,25,0,1,1,2025-07-03,Python Course 10,6,2,10
4113,846,7,2024-08-27,52.86,5000,66.96,1,Kevin Ruiz,pmartin@example.net,21,1,1,7,2024-11-16,Data Science Course 7,6,1,62
4114,882,17,2024-12-29,21.31,4495,50.88,2,Betty Leonard,frederick46@example.org,20,1,0,6,2024-12-22,Deep Learning Course 17,1,0,22
4115,846,13,2026-05-11,69.4,2273,61.68,4,Kevin Ruiz,pmartin@example.net,21,1,1,7,2024-11-16,SQL Course 13,7,1,41
4116,922,11,2026-04-21,25.7,1228,48.49,3,Adrian Jenkins,villanuevazachary@example.com,30,1,1,5,2024-09-16,SQL Course 11,0,0,15
4117,125,30,2025-02-12,55.08,2727,90.19,1,Joseph Lozano,lschwartz@example.org,34,1,1,1,2025-01-24,Machine Learning Course 30,1,2,60
4118,644,11,2024-08-09,21.06,1939,42.83,5,Christopher Mayo,brian68@example.org,23,1,0,4,2025-12-05,SQL Course 11,0,0,15
4119,789,40,2025-04-21,42.1,2461,50.12,4,Brandy Joseph,wellstravis@example.org,22,1,2,7,2024-10-09,Machine Learning Course 40,2,2,64
4120,98,17,2024-07-21,25.72,2811,92.12,4,Robert Johnson,vsmith@example.org,24,0,2,5,2026-03-11,Deep Learning Course 17,1,0,22
4121,636,15,2024-11-09,74.83,583,48.07,5,Jamie Becker,cbentley@example.net,21,1,2,3,2024-11-27,Data Science Course 15,6,1,75
4122,994,23,2026-03-31,29.83,4042,71.72,2,Peter Maxwell,evansmaria@example.net,29,1,2,0,2025-11-15,SQL Course 23,6,1,47
4123,188,46,2025-10-06,29.03,257,88.06,2,Phillip Nunez,jesse93@example.com,31,0,1,2,2025-05-16,NLP Course 46,3,0,48
4124,362,3,2025-06-22,88.6,1897,57.68,1,Michael Carter,jamesrobinson@example.com,33,0,1,1,2025-07-14,Python Course 3,3,2,52
4125,940,15,2025-07-03,53.12,2502,81.2,4,Hailey Wheeler,garzajennifer@example.com,30,0,2,6,2026-03-23,Data Science Course 15,6,1,75
4126,161,1,2026-03-21,68.95,2643,45.54,2,Keith Bryant,jacobsonkeith@example.net,20,1,2,6,2024-10-27,Power BI Course 1,3,1,21
4127,598,15,2026-06-04,60.45,3979,88.03,5,John Horne,perezkelli@example.net,26,0,2,1,2024-08-25,Data Science Course 15,6,1,75
4128,924,15,2026-01-30,90.21,3204,68.07,4,Kathleen Clark,kellywilliams@example.com,18,0,1,2,2026-03-07,Data Science Course 15,6,1,75
4129,262,26,2025-01-07,98.11,830,69.66,4,Anna Lane,aaron18@example.org,27,1,0,6,2025-07-10,Computer Vision Course 26,7,1,22
4130,683,24,2025-05-22,84.2,1115,50.64,3,Andres Thomas,ohernandez@example.org,26,1,2,1,2025-04-12,Computer Vision Course 24,5,2,21
4131,252,35,2024-12-09,37.75,1087,62.68,3,Kimberly Reed,obowman@example.org,33,0,0,2,2026-04-11,NLP Course 35,1,0,70
4132,744,18,2026-01-28,20.84,889,93.56,5,Brenda Rose,blankenshipmatthew@example.net,20,0,2,0,2026-06-24,Machine Learning Course 18,0,0,25
4133,321,47,2026-06-30,71.22,2015,65.09,3,Joshua Solomon,ebonythompson@example.com,21,1,0,7,2024-12-14,SQL Course 47,5,2,40
4134,255,46,2024-10-31,65.26,3493,42.04,1,Emily Carpenter,davistyler@example.org,34,1,0,5,2026-03-03,NLP Course 46,3,0,48
4135,700,1,2024-10-24,87.98,2795,49.31,5,Lisa Gonzalez,freemandawn@example.org,20,1,0,0,2025-06-27,Power BI Course 1,3,1,21
4136,203,15,2025-10-04,69.71,3873,70.19,2,Mr. Sergio Trevino,creed@example.net,33,0,0,7,2025-10-30,Data Science Course 15,6,1,75
4137,310,41,2025-12-25,48.04,1933,58.49,1,Meghan Lopez,patrickchoi@example.net,32,0,2,0,2025-12-07,Machine Learning Course 41,1,2,72
4138,474,16,2025-02-23,90.43,3184,69.63,1,Jennifer Hall,xbauer@example.com,22,1,1,1,2026-05-17,Deep Learning Course 16,5,0,68
4139,620,9,2026-02-15,65.61,1601,51.63,1,Melvin Mitchell,jonesdonna@example.net,25,1,2,7,2024-09-27,SQL Course 9,6,0,47
4140,950,1,2025-04-21,23.59,1752,43.95,2,Jennifer Martinez,jonestodd@example.org,23,1,2,4,2026-07-06,Power BI Course 1,3,1,21
4141,907,32,2025-03-04,49.18,1534,54.03,5,Robert Smith,jacksonbrian@example.org,20,0,0,5,2025-09-16,SQL Course 32,2,1,41
4142,60,34,2025-02-19,26.65,2605,47.05,2,Kenneth Rice,zfaulkner@example.net,26,0,0,4,2025-05-14,SQL Course 34,6,2,57
4143,510,18,2025-04-19,50.64,1658,86.34,1,Bradley Jenkins,lindakelly@example.net,22,0,2,2,2026-02-26,Machine Learning Course 18,0,0,25
4144,144,33,2024-12-13,92.43,547,97.12,5,Taylor Cooley,lramirez@example.net,33,1,0,2,2024-08-06,Power BI Course 33,7,1,58
4145,516,50,2025-04-24,61.75,2757,87.98,4,Ryan Olson,camposheather@example.com,19,0,0,7,2024-11-28,Python Course 50,3,1,46
4146,571,40,2026-04-24,22.33,599,94.62,1,Tyler Hudson,ymorgan@example.net,22,0,2,2,2026-02-09,Machine Learning Course 40,2,2,64
4147,436,14,2025-10-22,61.74,4961,57.74,5,William Moore,holmesedward@example.com,19,0,0,4,2026-01-11,Python Course 14,1,1,43
4148,703,31,2025-10-02,55.78,621,70.64,1,John Harper,yvillegas@example.org,25,1,2,0,2025-05-25,Computer Vision Course 31,4,0,67
4149,8,22,2025-09-13,88.13,1630,40.43,2,Greg Shaw,daniel29@example.org,24,1,2,7,2024-11-21,Computer Vision Course 22,0,2,49
4150,305,48,2026-05-25,25.14,4915,55.55,3,Brandon Miller,autumnlynch@example.net,25,1,0,3,2024-08-23,Power BI Course 48,7,2,62
4151,379,9,2024-11-24,29.46,3413,62.77,3,Travis Hatfield,wbush@example.org,18,1,1,4,2025-03-17,SQL Course 9,6,0,47
4152,65,26,2025-04-21,82.55,700,91.0,1,David Wilson,davisjacob@example.com,19,0,1,1,2024-08-05,Computer Vision Course 26,7,1,22
4153,423,40,2025-10-19,41.71,1909,58.79,5,Kristen Watson,matthew37@example.com,30,0,1,2,2025-01-22,Machine Learning Course 40,2,2,64
4154,205,33,2026-06-01,56.2,2112,92.08,4,Stephanie Bailey,mooremelanie@example.net,22,0,2,0,2024-09-01,Power BI Course 33,7,1,58
4155,289,46,2024-07-30,33.65,170,66.79,4,Anna Holmes,erik98@example.net,28,0,0,1,2026-01-07,NLP Course 46,3,0,48
4156,119,29,2026-07-02,70.24,1809,65.41,1,Miguel Williams,lisa81@example.com,28,0,0,5,2024-12-14,Data Science Course 29,2,2,62
4157,70,33,2026-05-20,59.77,866,78.14,2,Jeremy Powell,wmurphy@example.net,27,1,2,5,2025-05-07,Power BI Course 33,7,1,58
4158,651,20,2025-02-19,51.04,969,94.37,2,Charles Moore,susan61@example.net,30,0,0,7,2025-06-29,Data Science Course 20,3,1,50
4159,705,33,2026-06-03,82.92,4587,49.99,3,Miranda Stephens,aprilhall@example.com,26,1,2,7,2025-03-22,Power BI Course 33,7,1,58
4160,628,48,2025-06-09,83.65,2103,94.61,2,Veronica Rose,davishenry@example.com,26,0,2,4,2025-07-12,Power BI Course 48,7,2,62
4161,409,11,2025-03-11,87.38,2558,83.88,3,Christina Reynolds,yvonnemartinez@example.net,24,1,1,2,2026-07-04,SQL Course 11,0,0,15
4162,113,23,2026-04-16,54.02,4698,55.02,2,Linda Moreno,joshua95@example.net,25,0,1,1,2025-10-11,SQL Course 23,6,1,47
4163,792,26,2025-07-22,96.22,1977,56.49,4,Alison Wagner,amydickson@example.net,32,1,2,7,2026-04-15,Computer Vision Course 26,7,1,22
4164,683,28,2025-06-10,45.67,2631,45.03,5,Andres Thomas,ohernandez@example.org,26,1,2,1,2025-04-12,SQL Course 28,5,0,57
4165,347,46,2026-06-10,83.99,2908,94.84,4,Paul Haynes,amanda82@example.com,18,1,2,4,2025-11-16,NLP Course 46,3,0,48
4166,758,42,2024-09-10,90.05,1283,78.01,4,Katie Morgan,richjoshua@example.net,29,0,1,6,2024-08-01,NLP Course 42,0,0,75
4167,636,43,2025-09-16,44.96,3521,42.5,2,Jamie Becker,cbentley@example.net,21,1,2,3,2024-11-27,Data Science Course 43,3,2,73
4168,224,37,2024-09-22,46.81,3745,88.44,3,Luis Montes,christopher01@example.org,21,0,0,2,2026-05-20,SQL Course 37,0,0,38
4169,296,3,2025-03-15,61.35,1440,85.57,1,Devin Dyer,kristen16@example.com,26,0,0,5,2026-06-17,Python Course 3,3,2,52
4170,28,7,2026-02-03,65.13,4987,70.05,1,Pam Rivera,wilsoneric@example.net,31,0,0,5,2024-10-08,Data Science Course 7,6,1,62
4171,160,39,2024-09-18,56.21,4924,87.26,2,William Martinez,kwheeler@example.org,35,0,1,6,2026-03-04,Power BI Course 39,4,2,33
4172,81,23,2025-01-12,72.49,2843,50.5,5,Christina Larson,sprince@example.org,27,0,2,6,2024-10-23,SQL Course 23,6,1,47
4173,424,48,2025-03-03,56.16,927,68.47,5,Robert Zhang,stevenmorgan@example.net,20,0,2,0,2025-11-24,Power BI Course 48,7,2,62
4174,776,16,2024-11-24,87.19,1690,45.61,3,Alan Castro,colechristian@example.net,24,0,1,5,2025-12-04,Deep Learning Course 16,5,0,68
4175,392,28,2024-09-12,21.9,1972,74.1,2,Albert Brown,davenporthunter@example.org,28,0,1,2,2024-10-29,SQL Course 28,5,0,57
4176,269,24,2025-07-28,64.46,4996,86.67,4,Chad Krause,yallen@example.com,24,0,0,3,2025-06-19,Computer Vision Course 24,5,2,21
4177,219,11,2024-09-12,64.05,1282,97.6,1,Robert Barrett,emmasmith@example.com,32,1,1,5,2026-03-06,SQL Course 11,0,0,15
4178,858,50,2024-12-01,95.86,694,83.59,3,Dakota Williams,ucochran@example.org,29,1,2,5,2026-03-02,Python Course 50,3,1,46
4179,684,17,2026-02-11,49.84,897,49.87,5,Kelly Johnson,blairgina@example.net,22,1,0,3,2024-07-30,Deep Learning Course 17,1,0,22
4180,864,38,2025-10-29,72.35,357,86.19,3,Stephanie Smith,timothyolson@example.net,19,1,0,0,2026-07-10,Computer Vision Course 38,4,0,32
4181,199,10,2026-05-20,91.55,3052,50.63,4,Lisa Sullivan,omitchell@example.org,27,1,2,5,2025-10-17,Python Course 10,6,2,10
4182,513,28,2024-11-20,23.44,4396,89.28,1,Sarah Donovan,catherinewhite@example.com,30,1,0,0,2025-06-21,SQL Course 28,5,0,57
4183,384,6,2025-04-16,52.71,2248,83.73,1,Dawn Moran,ivega@example.com,20,0,1,3,2025-11-26,Python Course 6,2,1,11
4184,179,27,2026-02-22,39.42,1932,42.91,2,Jennifer Roberts,jenniferjones@example.org,31,1,2,0,2025-07-17,Computer Vision Course 27,5,0,70
4185,289,49,2026-07-01,45.27,2700,93.57,3,Anna Holmes,erik98@example.net,28,0,0,1,2026-01-07,SQL Course 49,4,1,62
4186,309,11,2025-07-10,52.4,3802,40.22,2,Kimberly Smith,julialevy@example.org,25,0,1,3,2025-06-03,SQL Course 11,0,0,15
4187,254,36,2025-11-09,29.21,163,40.32,1,Kyle Hobbs,jesse87@example.com,24,0,0,3,2026-03-15,Computer Vision Course 36,2,0,77
4188,331,48,2025-01-20,99.32,1195,79.09,2,Amy Jones,uhoward@example.com,29,1,0,5,2025-09-19,Power BI Course 48,7,2,62
4189,247,1,2024-11-26,35.75,822,90.27,2,Justin Banks,tamara08@example.com,34,0,2,2,2026-04-28,Power BI Course 1,3,1,21
4190,722,21,2026-01-16,92.58,1902,54.2,5,Craig Brooks,voliver@example.net,28,0,1,2,2025-10-19,Data Science Course 21,0,0,66
4191,694,13,2026-03-12,64.43,1006,40.03,1,Courtney Salazar,mmurphy@example.com,20,1,1,1,2026-07-11,SQL Course 13,7,1,41
4192,457,7,2025-08-25,79.52,4865,50.94,5,Melissa Moran,zking@example.org,30,0,2,7,2026-04-13,Data Science Course 7,6,1,62
4193,520,32,2024-08-22,60.13,3263,83.58,1,Kyle Proctor,catherine45@example.net,35,0,1,1,2026-07-09,SQL Course 32,2,1,41
4194,715,1,2024-12-24,63.69,406,84.58,5,Jessica Walters,james98@example.org,33,1,2,6,2025-05-26,Power BI Course 1,3,1,21
4195,992,7,2025-08-31,76.11,4047,47.18,2,Jamie Thompson,kevinskinner@example.org,28,1,0,1,2024-10-07,Data Science Course 7,6,1,62
4196,777,13,2026-04-18,65.64,2070,86.08,3,Jennifer Scott,gcampbell@example.com,31,1,0,5,2024-12-19,SQL Course 13,7,1,41
4197,794,30,2026-01-31,37.73,2300,77.92,1,Hannah Ellis,alan70@example.org,20,1,2,6,2026-03-29,Machine Learning Course 30,1,2,60
4198,568,45,2025-08-16,24.26,1008,57.37,1,Carolyn Watson,davidtyler@example.com,20,0,1,2,2024-08-03,Power BI Course 45,0,1,69
4199,439,39,2025-03-05,26.86,907,74.35,4,Jeremy Bishop,daniel46@example.net,21,1,1,3,2024-07-28,Power BI Course 39,4,2,33
4200,649,12,2025-10-08,81.72,1976,48.55,1,Patrick Johnson,solomonjennifer@example.net,33,0,1,0,2026-04-15,Deep Learning Course 12,5,2,57
4201,164,13,2024-10-20,50.68,3870,92.63,3,Cole Freeman PhD,onealgary@example.net,35,1,2,6,2024-11-28,SQL Course 13,7,1,41
4202,180,11,2025-05-23,28.84,3634,68.42,1,Shawn Owens,michael81@example.net,32,0,2,7,2026-06-24,SQL Course 11,0,0,15
4203,606,18,2025-05-31,86.44,109,59.96,4,Michelle Buckley,zhoward@example.org,34,0,2,3,2024-07-22,Machine Learning Course 18,0,0,25
4204,190,8,2025-01-13,44.26,4033,92.23,4,Justin Williams,raymond25@example.net,34,0,0,7,2024-11-11,Python Course 8,1,2,38
4205,691,35,2025-09-18,24.47,4905,83.6,4,Dean Preston,keith25@example.net,25,0,1,5,2025-06-01,NLP Course 35,1,0,70
4206,183,40,2024-08-26,78.41,4218,66.0,3,Ashley Brown,hinesstephen@example.org,32,0,1,3,2025-12-16,Machine Learning Course 40,2,2,64
4207,183,35,2024-10-24,85.75,643,71.17,3,Ashley Brown,hinesstephen@example.org,32,0,1,3,2025-12-16,NLP Course 35,1,0,70
4208,463,22,2025-09-21,62.71,2780,67.95,3,Lisa Kim,chelseydiaz@example.net,34,1,1,1,2025-06-25,Computer Vision Course 22,0,2,49
4209,963,30,2025-01-01,85.58,2975,58.27,1,Gina Collins,bakertheresa@example.org,26,1,1,1,2024-09-07,Machine Learning Course 30,1,2,60
4210,936,45,2024-09-04,20.3,1775,95.23,5,Michelle Rich MD,sydney86@example.org,34,0,2,4,2026-03-20,Power BI Course 45,0,1,69
4211,15,21,2025-02-07,43.42,4540,58.13,4,John Rice,jasonho@example.com,27,1,1,6,2024-12-14,Data Science Course 21,0,0,66
4212,764,45,2025-07-19,79.75,3434,62.76,3,Michael Schroeder,lewisvanessa@example.net,19,0,2,1,2025-01-06,Power BI Course 45,0,1,69
4213,940,26,2025-11-07,50.31,1033,60.94,3,Hailey Wheeler,garzajennifer@example.com,30,0,2,6,2026-03-23,Computer Vision Course 26,7,1,22
4214,404,19,2025-04-29,26.91,3112,61.52,5,Jennifer Hughes,jessesmith@example.net,31,0,2,5,2025-11-06,Machine Learning Course 19,0,0,37
4215,744,40,2025-08-01,67.57,3210,44.81,3,Brenda Rose,blankenshipmatthew@example.net,20,0,2,0,2026-06-24,Machine Learning Course 40,2,2,64
4216,402,45,2025-10-07,48.49,1643,49.81,3,Andrew King,jasonguerra@example.net,33,0,0,3,2025-10-24,Power BI Course 45,0,1,69
4217,8,22,2025-12-20,93.59,3679,67.82,2,Greg Shaw,daniel29@example.org,24,1,2,7,2024-11-21,Computer Vision Course 22,0,2,49
4218,251,43,2025-12-21,75.03,2853,92.59,1,Jesus Manning,uhall@example.org,18,1,2,3,2024-08-21,Data Science Course 43,3,2,73
4219,476,17,2026-04-08,56.29,3245,60.68,5,Debra Anderson,wilsonjonathon@example.org,34,0,0,1,2026-03-11,Deep Learning Course 17,1,0,22
4220,943,9,2024-10-02,38.34,4037,91.46,1,Mark Ayala,xbenton@example.org,20,0,1,0,2024-07-23,SQL Course 9,6,0,47
4221,139,31,2025-10-03,66.3,4882,78.64,5,Benjamin Romero,mcrawford@example.com,33,1,2,5,2024-12-11,Computer Vision Course 31,4,0,67
4222,437,48,2025-08-04,47.19,3470,55.66,5,Darlene Reid,yrichardson@example.net,24,1,1,0,2026-03-20,Power BI Course 48,7,2,62
4223,318,48,2026-07-12,75.09,687,71.09,1,David Wilson,anthony58@example.com,29,1,2,7,2025-06-28,Power BI Course 48,7,2,62
4224,78,23,2025-02-15,48.4,3476,68.31,1,Nicole Moore,lewisashley@example.org,32,0,1,6,2026-01-04,SQL Course 23,6,1,47
4225,584,39,2025-12-30,79.3,2669,78.78,5,Jacob Luna,nixonjared@example.com,32,1,2,0,2025-02-25,Power BI Course 39,4,2,33
4226,550,41,2025-06-18,68.75,1776,72.32,1,Micheal Summers,jocelynsanchez@example.org,25,0,2,2,2026-04-10,Machine Learning Course 41,1,2,72
4227,727,25,2025-08-05,99.49,3396,45.47,3,Sandy Hicks,gregoryholland@example.com,26,1,2,7,2026-03-14,Data Science Course 25,7,1,51
4228,75,42,2026-04-16,61.26,4754,97.11,2,Richard Singleton,salazarkeith@example.net,23,0,1,2,2025-06-08,NLP Course 42,0,0,75
4229,986,7,2025-01-01,50.85,450,72.46,1,Willie Martinez,steven69@example.net,34,1,1,4,2026-06-20,Data Science Course 7,6,1,62
4230,563,14,2026-01-14,39.67,3229,46.31,4,Philip White,vcortez@example.com,35,1,1,1,2024-10-22,Python Course 14,1,1,43
4231,870,21,2025-08-28,42.59,3012,78.36,5,Rebecca Briggs,brianburnett@example.org,32,1,0,4,2024-11-13,Data Science Course 21,0,0,66
4232,83,36,2024-09-11,68.42,4095,92.24,1,Gary Leonard,jimenezcharles@example.com,24,1,1,4,2026-03-09,Computer Vision Course 36,2,0,77
4233,124,36,2026-03-17,90.11,3768,59.87,5,Cheryl Wolfe,lori58@example.org,24,1,2,4,2024-11-16,Computer Vision Course 36,2,0,77
4234,971,45,2025-10-09,26.15,1680,74.89,2,Robert Smith,megannorton@example.org,22,0,2,4,2025-07-30,Power BI Course 45,0,1,69
4235,421,45,2025-04-14,93.56,366,92.72,3,Laura Mcbride,kristastout@example.net,27,1,0,6,2024-08-21,Power BI Course 45,0,1,69
4236,231,2,2025-12-16,56.83,1364,63.72,4,Emily Lester,ogardner@example.org,18,1,0,2,2025-04-10,Data Science Course 2,1,0,41
4237,878,30,2025-05-23,57.22,3348,64.54,3,Amy Lee,nsullivan@example.org,22,1,1,7,2026-02-26,Machine Learning Course 30,1,2,60
4238,538,10,2025-03-31,27.66,3883,86.42,2,Brian Allen,qjones@example.org,24,1,2,3,2025-02-17,Python Course 10,6,2,10
4239,56,35,2025-04-12,89.54,1377,81.0,5,Stephanie Duran,karen95@example.org,31,1,1,5,2024-08-07,NLP Course 35,1,0,70
4240,670,8,2025-09-27,38.84,1361,80.78,2,Brianna Smith,salinasedward@example.com,33,0,2,3,2024-07-21,Python Course 8,1,2,38
4241,635,50,2026-03-03,43.02,2346,99.94,1,Ralph Carpenter,tiffany02@example.net,30,0,1,7,2025-10-08,Python Course 50,3,1,46
4242,755,2,2026-03-19,66.49,1261,76.94,3,Brianna Moreno DVM,lovepamela@example.com,27,1,0,4,2024-07-17,Data Science Course 2,1,0,41
4243,688,35,2025-12-21,69.85,3855,93.09,5,Kelly Torres,shawn80@example.org,27,1,1,3,2025-08-21,NLP Course 35,1,0,70
4244,967,46,2026-06-30,25.9,2162,96.53,1,James Lambert,yjohnson@example.com,18,1,1,6,2024-11-22,NLP Course 46,3,0,48
4245,696,4,2025-02-14,24.78,2650,40.63,4,Joshua Calderon,epowers@example.net,33,1,0,4,2025-03-28,Power BI Course 4,1,0,23
4246,402,3,2025-10-07,55.65,3281,42.57,3,Andrew King,jasonguerra@example.net,33,0,0,3,2025-10-24,Python Course 3,3,2,52
4247,138,1,2025-01-22,72.63,4400,98.6,2,Jesse Thompson,sheena62@example.net,21,0,0,7,2024-11-13,Power BI Course 1,3,1,21
4248,991,16,2026-01-05,87.59,2100,57.19,2,Mitchell Adams,rware@example.org,30,1,0,0,2024-10-27,Deep Learning Course 16,5,0,68
4249,821,38,2024-09-03,50.91,3395,99.75,1,Christopher Miller,medwards@example.com,20,1,0,5,2025-01-06,Computer Vision Course 38,4,0,32
4250,954,49,2024-11-26,81.5,1128,45.66,2,Stephen Johnson,dominiquethomas@example.net,22,0,1,1,2024-11-02,SQL Course 49,4,1,62
4251,723,8,2025-10-16,74.54,1850,60.83,4,Michael Hodges,lewisjulia@example.com,25,0,1,3,2024-09-02,Python Course 8,1,2,38
4252,403,38,2024-10-04,86.68,4160,54.07,1,Steven Kennedy Jr.,pholloway@example.org,21,1,2,7,2024-08-03,Computer Vision Course 38,4,0,32
4253,438,16,2026-06-07,43.72,1182,73.69,5,Maria Harris,melanie33@example.com,33,0,0,2,2026-07-11,Deep Learning Course 16,5,0,68
4254,614,13,2025-06-12,26.2,1999,83.71,3,Jessica Martinez,ymeyers@example.org,35,1,2,7,2025-05-16,SQL Course 13,7,1,41
4255,316,37,2026-01-22,56.88,1765,89.29,5,Alyssa Thompson,marysuarez@example.net,26,0,1,3,2026-03-02,SQL Course 37,0,0,38
4256,80,23,2026-06-24,52.62,3811,63.46,1,Kathy Snyder,mccoyjeremiah@example.net,25,0,2,4,2026-01-29,SQL Course 23,6,1,47
4257,592,40,2026-06-01,38.28,1794,62.16,4,Megan Horn,saraberry@example.com,29,1,1,7,2025-08-13,Machine Learning Course 40,2,2,64
4258,547,2,2025-09-16,86.04,2037,53.25,5,Derek Daniels,owaters@example.com,18,1,1,4,2025-03-16,Data Science Course 2,1,0,41
4259,700,47,2025-01-12,69.95,2232,99.05,5,Lisa Gonzalez,freemandawn@example.org,20,1,0,0,2025-06-27,SQL Course 47,5,2,40
4260,74,4,2024-09-01,77.41,1555,77.18,5,Karen Mendoza,carrie89@example.org,34,0,2,0,2026-05-10,Power BI Course 4,1,0,23
4261,640,17,2024-07-23,35.06,1511,62.85,2,Kenneth Cameron,msimmons@example.net,34,1,1,4,2025-06-25,Deep Learning Course 17,1,0,22
4262,603,14,2024-11-27,60.73,202,52.98,2,Tina Ochoa,cshort@example.net,31,1,1,6,2025-09-23,Python Course 14,1,1,43
4263,241,37,2025-03-26,83.92,4829,53.34,4,Ashley Wilson,davidlopez@example.com,29,1,1,5,2025-11-15,SQL Course 37,0,0,38
4264,987,13,2026-01-08,45.3,3766,85.7,3,Jackie Trujillo,longclinton@example.org,19,1,2,3,2026-05-29,SQL Course 13,7,1,41
4265,262,26,2026-05-07,53.86,2911,99.48,2,Anna Lane,aaron18@example.org,27,1,0,6,2025-07-10,Computer Vision Course 26,7,1,22
4266,656,45,2025-10-10,43.25,3291,64.2,4,Audrey Riley,justinjacobson@example.com,21,0,2,4,2026-01-11,Power BI Course 45,0,1,69
4267,515,17,2025-03-06,86.42,1070,67.88,4,Timothy Lewis,iramirez@example.org,32,1,0,6,2025-11-14,Deep Learning Course 17,1,0,22
4268,20,1,2024-08-01,38.75,2980,70.04,3,Rebecca Rosales,blakecharles@example.net,28,1,0,6,2025-09-30,Power BI Course 1,3,1,21
4269,350,36,2025-02-20,58.29,4196,75.17,4,Hunter Wallace,greenbryan@example.com,20,1,2,5,2025-03-09,Computer Vision Course 36,2,0,77
4270,818,11,2025-11-22,99.04,3810,54.42,5,Larry Crawford,morrisjeremy@example.org,22,1,0,0,2026-01-20,SQL Course 11,0,0,15
4271,777,12,2026-04-03,42.37,65,54.11,2,Jennifer Scott,gcampbell@example.com,31,1,0,5,2024-12-19,Deep Learning Course 12,5,2,57
4272,184,12,2025-02-17,29.76,4409,64.2,3,Francisco Mcclain,rowebethany@example.org,22,0,0,3,2024-09-10,Deep Learning Course 12,5,2,57
4273,576,27,2025-04-16,97.38,4340,69.51,1,Mary Landry,vanessa37@example.org,33,0,0,4,2025-09-06,Computer Vision Course 27,5,0,70
4274,735,17,2026-05-22,46.88,4778,87.36,2,Troy Brown,aimee96@example.org,29,1,2,1,2026-02-04,Deep Learning Course 17,1,0,22
4275,137,1,2025-08-26,69.83,99,59.94,3,Alison Taylor,gamblejasmine@example.org,26,0,1,3,2026-06-16,Power BI Course 1,3,1,21
4276,450,48,2025-11-06,79.1,3789,95.78,1,Mrs. Cassandra Fernandez DVM,joycemichael@example.com,30,1,2,4,2025-11-28,Power BI Course 48,7,2,62
4277,824,46,2024-12-06,73.91,1951,79.19,1,Bruce Hunter,hgentry@example.net,25,0,0,4,2026-05-29,NLP Course 46,3,0,48
4278,574,30,2024-09-14,78.07,2355,86.66,1,Brenda Mejia,nicholaswilson@example.org,25,1,1,7,2025-09-23,Machine Learning Course 30,1,2,60
4279,725,14,2025-10-30,59.7,2983,65.37,3,Jenny Collins MD,tduke@example.net,18,1,2,1,2024-12-21,Python Course 14,1,1,43
4280,337,25,2024-09-25,67.67,327,56.93,4,Andrea Davidson,cherylsherman@example.net,33,0,1,6,2025-07-17,Data Science Course 25,7,1,51
4281,561,1,2024-08-29,26.87,603,99.43,4,Edward Benson,gskinner@example.net,18,1,0,6,2025-03-01,Power BI Course 1,3,1,21
4282,605,50,2026-03-14,94.4,698,98.04,1,Eric Smith,laura40@example.com,30,1,2,6,2026-06-21,Python Course 50,3,1,46
4283,854,50,2025-07-27,31.58,2959,65.5,5,Kevin Braun,mckinneyjames@example.org,19,0,2,5,2024-08-05,Python Course 50,3,1,46
4284,858,14,2025-12-17,59.56,574,42.14,3,Dakota Williams,ucochran@example.org,29,1,2,5,2026-03-02,Python Course 14,1,1,43
4285,414,42,2025-06-07,20.95,3193,65.35,5,Timothy Lopez,paul75@example.com,29,0,1,4,2024-09-25,NLP Course 42,0,0,75
4286,503,12,2026-04-20,29.12,2283,63.32,4,Travis Martinez,aliciacox@example.org,28,1,2,3,2025-02-05,Deep Learning Course 12,5,2,57
4287,641,31,2025-12-14,96.89,412,72.8,3,Jeremy Sims,basslori@example.com,30,1,0,7,2025-10-26,Computer Vision Course 31,4,0,67
4288,772,41,2026-05-17,55.37,4034,47.15,3,Pamela Pineda,ksullivan@example.net,18,0,1,7,2025-09-26,Machine Learning Course 41,1,2,72
4289,638,31,2026-02-21,34.93,4686,40.19,2,Austin Flores,ryan04@example.com,18,1,2,1,2025-08-01,Computer Vision Course 31,4,0,67
4290,168,42,2025-09-26,62.35,1799,72.79,1,Sharon Massey,kurt90@example.org,32,1,2,0,2025-06-10,NLP Course 42,0,0,75
4291,386,7,2024-12-21,92.94,1436,43.9,4,Christopher Thompson,greid@example.org,20,0,0,0,2024-12-23,Data Science Course 7,6,1,62
4292,706,49,2025-02-23,32.59,4607,85.36,4,John Richardson,angela49@example.com,33,0,2,7,2025-02-18,SQL Course 49,4,1,62
4293,949,13,2026-06-17,78.46,4402,52.14,2,Jamie Moore,michelle42@example.com,26,1,2,7,2025-08-01,SQL Course 13,7,1,41
4294,15,21,2025-02-26,27.47,4838,45.0,3,John Rice,jasonho@example.com,27,1,1,6,2024-12-14,Data Science Course 21,0,0,66
4295,817,10,2026-02-11,61.99,1349,60.01,5,Martha Bernard,daniel37@example.net,32,0,0,1,2026-05-15,Python Course 10,6,2,10
4296,673,50,2024-08-10,94.15,3383,55.0,1,Lori Greer,strongmadison@example.org,25,1,0,3,2025-11-24,Python Course 50,3,1,46
4297,104,34,2024-09-18,44.34,1413,45.84,2,Steven Goodman,dillon30@example.net,29,0,1,6,2025-08-19,SQL Course 34,6,2,57
4298,707,40,2025-04-11,42.68,3533,70.02,4,Kenneth Pitts,susanpage@example.org,29,0,1,4,2024-12-02,Machine Learning Course 40,2,2,64
4299,881,23,2025-06-07,28.38,3971,93.65,5,Emily Koch,hcochran@example.net,30,1,1,6,2024-11-08,SQL Course 23,6,1,47
4300,412,44,2025-08-04,60.3,2196,49.49,5,Zachary Torres,michaelclark@example.com,23,1,2,0,2025-02-03,Computer Vision Course 44,1,2,29
4301,896,46,2025-07-06,94.86,2707,91.27,5,Linda Collins,starkamanda@example.com,21,0,2,7,2025-01-15,NLP Course 46,3,0,48
4302,842,29,2026-02-09,82.82,2587,61.5,3,April Barrett,paulwhite@example.com,18,0,0,4,2026-01-23,Data Science Course 29,2,2,62
4303,949,17,2026-01-17,89.68,2576,86.34,3,Jamie Moore,michelle42@example.com,26,1,2,7,2025-08-01,Deep Learning Course 17,1,0,22
4304,126,18,2026-04-06,43.28,464,44.59,1,Derrick Park,hillbrandy@example.org,20,0,0,6,2026-02-26,Machine Learning Course 18,0,0,25
4305,2,45,2025-12-07,58.41,2500,52.62,3,Sandra Gonzalez,amandacampos@example.org,32,0,1,7,2024-10-04,Power BI Course 45,0,1,69
4306,521,6,2026-04-11,34.59,4631,93.83,1,Brandon Crawford,wesleymckee@example.org,21,0,1,3,2026-06-24,Python Course 6,2,1,11
4307,247,6,2026-06-11,87.95,3272,97.23,1,Justin Banks,tamara08@example.com,34,0,2,2,2026-04-28,Python Course 6,2,1,11
4308,468,44,2026-03-17,62.93,3483,87.59,3,Christopher Murphy,ohenson@example.net,29,1,1,7,2025-05-08,Computer Vision Course 44,1,2,29
4309,558,6,2024-07-27,66.22,2038,51.95,4,Stephen Vaughan,oturner@example.com,22,1,0,6,2025-10-20,Python Course 6,2,1,11
4310,2,23,2025-12-02,41.82,4632,51.83,1,Sandra Gonzalez,amandacampos@example.org,32,0,1,7,2024-10-04,SQL Course 23,6,1,47
4311,717,37,2026-05-08,38.61,3318,43.28,5,Ryan Williams,xmarks@example.com,32,0,2,7,2026-01-28,SQL Course 37,0,0,38
4312,320,25,2026-04-27,45.32,4552,92.2,3,Steven Bauer,emilyortiz@example.org,18,1,1,7,2026-03-03,Data Science Course 25,7,1,51
4313,112,6,2026-05-01,43.6,2028,45.91,1,Tyler May,rduncan@example.net,28,0,1,7,2024-08-26,Python Course 6,2,1,11
4314,560,7,2025-07-31,88.61,2769,61.14,4,Jennifer Malone,rhonda12@example.com,19,0,1,6,2026-03-06,Data Science Course 7,6,1,62
4315,353,40,2025-05-08,65.01,1475,95.35,5,Stacy Arroyo,silvaanthony@example.net,25,1,1,6,2024-08-25,Machine Learning Course 40,2,2,64
4316,82,34,2026-03-01,66.99,3753,73.71,3,Kevin Johnston,amandacook@example.net,32,1,0,0,2025-12-04,SQL Course 34,6,2,57
4317,184,14,2025-06-01,55.91,3180,84.99,3,Francisco Mcclain,rowebethany@example.org,22,0,0,3,2024-09-10,Python Course 14,1,1,43
4318,736,37,2026-02-16,59.37,3983,60.76,1,Jennifer Peters,heather38@example.net,22,1,0,6,2025-02-26,SQL Course 37,0,0,38
4319,48,45,2025-04-06,95.97,2017,61.14,2,Gabriela Smith,cookdaniel@example.net,32,0,2,6,2024-08-27,Power BI Course 45,0,1,69
4320,404,4,2025-03-28,47.68,3441,95.93,3,Jennifer Hughes,jessesmith@example.net,31,0,2,5,2025-11-06,Power BI Course 4,1,0,23
4321,619,16,2024-12-12,39.49,2765,79.15,2,Cynthia Elliott,wcook@example.com,31,1,0,7,2025-05-05,Deep Learning Course 16,5,0,68
4322,541,6,2024-07-26,94.02,3420,78.95,2,William Jimenez,andrew32@example.com,29,0,1,5,2026-01-18,Python Course 6,2,1,11
4323,389,27,2025-09-18,91.62,1383,93.54,1,Stacey Scott,jackruiz@example.com,29,1,1,1,2026-05-04,Computer Vision Course 27,5,0,70
4324,940,35,2025-07-29,64.32,2906,64.36,4,Hailey Wheeler,garzajennifer@example.com,30,0,2,6,2026-03-23,NLP Course 35,1,0,70
4325,702,10,2026-07-03,71.92,1867,98.93,1,Kenneth Ibarra,kristen18@example.org,30,1,2,5,2025-04-30,Python Course 10,6,2,10
4326,129,18,2026-06-19,75.27,3954,78.52,3,Ashley Bond,emilygibson@example.com,18,0,0,1,2026-03-27,Machine Learning Course 18,0,0,25
4327,995,1,2025-04-26,65.81,4845,87.9,4,Leonard Rocha,andrea76@example.com,34,0,1,4,2025-07-26,Power BI Course 1,3,1,21
4328,813,7,2025-08-15,31.51,311,49.73,4,Tristan Davidson,jacobsbrittany@example.com,24,1,0,1,2025-06-16,Data Science Course 7,6,1,62
4329,676,37,2025-01-06,60.06,3062,82.65,5,Caleb Le,dfarrell@example.org,31,1,0,5,2026-02-14,SQL Course 37,0,0,38
4330,117,3,2026-04-16,25.64,2252,65.91,5,Benjamin Suarez III,wesleyguerrero@example.net,22,0,2,4,2025-12-16,Python Course 3,3,2,52
4331,192,34,2024-11-21,26.39,3852,83.3,3,Jeffrey Smith,ryankellie@example.net,30,1,1,0,2026-03-17,SQL Course 34,6,2,57
4332,282,42,2025-04-14,33.02,1163,95.76,5,Christy King,nataliewagner@example.net,24,1,2,5,2025-08-23,NLP Course 42,0,0,75
4333,578,24,2024-11-18,22.54,102,70.36,1,Victoria Williams,kellis@example.com,32,0,2,1,2024-08-15,Computer Vision Course 24,5,2,21
4334,143,22,2025-12-17,68.58,88,86.04,3,Cassidy Summers,richardsonchad@example.org,24,1,1,4,2024-09-22,Computer Vision Course 22,0,2,49
4335,881,4,2024-08-14,33.49,1189,88.66,4,Emily Koch,hcochran@example.net,30,1,1,6,2024-11-08,Power BI Course 4,1,0,23
4336,416,10,2025-05-16,61.96,4060,76.39,1,Ashley Brown,jesse37@example.org,18,0,1,6,2026-01-17,Python Course 10,6,2,10
4337,143,26,2024-10-16,80.64,4090,53.62,3,Cassidy Summers,richardsonchad@example.org,24,1,1,4,2024-09-22,Computer Vision Course 26,7,1,22
4338,979,1,2024-09-30,46.2,3450,83.41,4,Isaiah Ramos,spencebryan@example.net,26,0,0,2,2025-04-29,Power BI Course 1,3,1,21
4339,460,13,2026-06-20,93.6,4103,78.31,2,Jenny Compton,baileykristi@example.com,18,0,2,7,2024-08-07,SQL Course 13,7,1,41
4340,512,42,2025-08-07,40.37,981,49.01,3,Beth Whitney,paulmcmahon@example.com,30,0,1,0,2024-09-09,NLP Course 42,0,0,75
4341,736,14,2026-05-24,84.26,3288,66.64,2,Jennifer Peters,heather38@example.net,22,1,0,6,2025-02-26,Python Course 14,1,1,43
4342,485,48,2026-01-11,57.0,2689,96.81,3,Douglas Thompson,jodicooper@example.org,29,0,1,4,2025-09-28,Power BI Course 48,7,2,62
4343,298,12,2025-05-09,70.63,2372,60.25,1,Heather Silva,brittany91@example.com,19,1,2,7,2026-06-13,Deep Learning Course 12,5,2,57
4344,668,43,2024-07-25,41.89,3271,47.14,1,Brad Willis,carly95@example.org,19,0,0,7,2025-05-22,Data Science Course 43,3,2,73
4345,510,14,2026-01-13,50.99,2848,40.5,3,Bradley Jenkins,lindakelly@example.net,22,0,2,2,2026-02-26,Python Course 14,1,1,43
4346,880,12,2025-02-01,22.87,4340,95.59,5,Jessica Williams,thomasstafford@example.com,30,1,0,4,2025-02-09,Deep Learning Course 12,5,2,57
4347,168,6,2025-01-09,73.4,4219,92.92,4,Sharon Massey,kurt90@example.org,32,1,2,0,2025-06-10,Python Course 6,2,1,11
4348,212,41,2024-11-25,31.54,100,83.59,3,Kimberly Woodard,douglasking@example.com,27,0,1,4,2024-08-20,Machine Learning Course 41,1,2,72
4349,569,37,2025-10-03,47.66,1072,82.14,1,Renee Jones,chandlerjoseph@example.com,28,1,1,5,2025-04-21,SQL Course 37,0,0,38
4350,110,24,2025-06-02,77.65,4551,68.31,5,Charles Calhoun,john13@example.org,26,1,1,6,2026-01-17,Computer Vision Course 24,5,2,21
4351,387,9,2026-03-09,45.68,663,75.28,4,Robert Wright,allisondavis@example.org,27,1,2,2,2026-02-13,SQL Course 9,6,0,47
4352,675,40,2024-08-17,89.42,166,42.72,5,Phyllis French,elizabeth69@example.org,26,0,0,0,2025-01-23,Machine Learning Course 40,2,2,64
4353,187,32,2025-06-04,51.89,2206,56.58,5,Calvin Jenkins,bonnie24@example.net,19,1,0,3,2025-08-27,SQL Course 32,2,1,41
4354,1,40,2025-07-21,68.39,368,55.69,3,Clifford Dickerson,johnsonrita@example.com,32,0,1,1,2025-07-23,Machine Learning Course 40,2,2,64
4355,835,31,2026-07-11,83.78,3745,47.3,1,Mr. Thomas Huang MD,rpatterson@example.org,31,0,0,4,2025-02-21,Computer Vision Course 31,4,0,67
4356,342,33,2024-09-04,68.34,2487,44.53,2,Brian Erickson,michellebennett@example.net,25,0,0,6,2025-03-30,Power BI Course 33,7,1,58
4357,386,38,2025-10-31,62.79,1989,58.78,5,Christopher Thompson,greid@example.org,20,0,0,0,2024-12-23,Computer Vision Course 38,4,0,32
4358,330,21,2026-06-23,36.53,105,63.97,3,Yvonne Martinez,lisa90@example.org,34,1,0,6,2025-08-17,Data Science Course 21,0,0,66
4359,552,44,2024-11-17,22.05,2987,68.86,4,Leslie Alvarado,riveramariah@example.net,21,0,0,4,2026-02-16,Computer Vision Course 44,1,2,29
4360,424,29,2026-03-28,43.92,1661,54.46,4,Robert Zhang,stevenmorgan@example.net,20,0,2,0,2025-11-24,Data Science Course 29,2,2,62
4361,814,42,2025-12-23,83.66,3002,46.16,1,Lauren Jackson,savannahhoover@example.com,20,0,1,6,2025-10-29,NLP Course 42,0,0,75
4362,642,2,2025-11-18,94.33,4647,54.86,5,Micheal Ellis,andrewvincent@example.org,29,0,1,0,2025-01-21,Data Science Course 2,1,0,41
4363,288,41,2025-08-16,91.69,4943,52.3,1,Kathryn Contreras,larry32@example.org,31,1,1,1,2024-12-18,Machine Learning Course 41,1,2,72
4364,532,24,2025-08-28,71.14,4390,75.93,1,George Clark,jordanjill@example.net,32,0,1,7,2024-12-17,Computer Vision Course 24,5,2,21
4365,584,31,2026-01-29,52.21,4338,81.68,5,Jacob Luna,nixonjared@example.com,32,1,2,0,2025-02-25,Computer Vision Course 31,4,0,67
4366,958,7,2026-02-01,55.27,4430,40.41,4,Ronald Chen,natalie64@example.com,29,1,2,7,2026-07-09,Data Science Course 7,6,1,62
4367,683,42,2025-10-10,87.29,2189,76.93,5,Andres Thomas,ohernandez@example.org,26,1,2,1,2025-04-12,NLP Course 42,0,0,75
4368,286,38,2024-09-01,85.07,3137,66.01,3,Lisa Hopkins,joseph32@example.net,22,1,2,1,2024-09-26,Computer Vision Course 38,4,0,32
4369,856,26,2026-02-24,70.55,1814,75.0,4,Mark Baker,michelejohnson@example.net,18,1,2,6,2025-04-10,Computer Vision Course 26,7,1,22
4370,751,6,2024-12-31,34.61,2362,72.36,4,John Gay,cbartlett@example.org,34,1,1,2,2025-05-09,Python Course 6,2,1,11
4371,502,10,2025-04-27,50.71,761,98.89,2,Tonya Fernandez,olivia65@example.com,21,1,1,1,2025-08-01,Python Course 10,6,2,10
4372,488,34,2024-11-19,97.97,304,54.75,3,Edward Sanford,hintonricky@example.com,28,1,2,3,2026-06-16,SQL Course 34,6,2,57
4373,951,26,2024-10-15,97.72,1167,80.91,4,Jennifer Flores,mpayne@example.org,35,0,0,6,2025-04-22,Computer Vision Course 26,7,1,22
4374,928,48,2024-09-11,93.22,1603,55.9,2,Dana Henry,scottamy@example.com,32,0,1,7,2026-04-05,Power BI Course 48,7,2,62
4375,41,32,2025-09-18,89.35,1469,95.07,1,Kelly Harris,amandahall@example.com,29,1,2,3,2025-10-31,SQL Course 32,2,1,41
4376,914,18,2024-10-08,25.3,3310,73.95,4,Emily Benson,knoxrebecca@example.org,20,0,0,0,2025-03-05,Machine Learning Course 18,0,0,25
4377,970,48,2025-08-10,96.36,4396,81.75,3,Douglas Scott,staceyestrada@example.com,23,1,1,3,2025-03-19,Power BI Course 48,7,2,62
4378,888,32,2025-11-06,50.2,890,88.54,5,Terry Bell,kwilliams@example.org,23,0,0,6,2024-09-15,SQL Course 32,2,1,41
4379,662,3,2024-09-29,68.63,2337,98.6,4,Christy Bennett,herrerachristopher@example.com,20,1,2,6,2025-10-29,Python Course 3,3,2,52
4380,132,14,2025-02-24,23.16,2213,52.64,4,Andrew Campos,christopherharrington@example.org,35,0,1,2,2024-12-30,Python Course 14,1,1,43
4381,651,28,2024-11-05,61.04,2668,55.52,3,Charles Moore,susan61@example.net,30,0,0,7,2025-06-29,SQL Course 28,5,0,57
4382,788,18,2024-08-02,46.87,4064,66.22,3,Allison Martinez,autumnlittle@example.org,32,1,1,2,2026-02-12,Machine Learning Course 18,0,0,25
4383,132,8,2024-10-28,71.17,4698,40.65,4,Andrew Campos,christopherharrington@example.org,35,0,1,2,2024-12-30,Python Course 8,1,2,38
4384,945,14,2025-07-01,38.77,4367,47.24,2,Angela Martin,qhogan@example.com,35,0,1,6,2024-10-29,Python Course 14,1,1,43
4385,217,20,2026-04-16,74.43,397,43.19,1,Mary Carey,jenniferprice@example.org,31,1,2,5,2026-01-02,Data Science Course 20,3,1,50
4386,121,34,2025-10-07,86.66,1334,43.76,3,Jennifer Cowan,butlerjames@example.org,24,1,2,4,2024-11-15,SQL Course 34,6,2,57
4387,83,11,2024-10-24,72.86,1755,59.75,1,Gary Leonard,jimenezcharles@example.com,24,1,1,4,2026-03-09,SQL Course 11,0,0,15
4388,281,22,2024-08-31,53.71,4181,97.55,5,Jennifer Dunlap,michellenorris@example.net,19,0,2,2,2024-10-27,Computer Vision Course 22,0,2,49
4389,871,24,2025-10-15,24.73,1300,50.55,4,Dylan Smith,sarah59@example.net,33,0,1,1,2026-01-23,Computer Vision Course 24,5,2,21
4390,391,8,2024-09-15,22.89,3444,97.92,2,Ricky Gonzalez,terrence79@example.org,32,1,0,1,2025-03-27,Python Course 8,1,2,38
4391,187,46,2026-01-24,62.95,1336,43.58,2,Calvin Jenkins,bonnie24@example.net,19,1,0,3,2025-08-27,NLP Course 46,3,0,48
4392,81,21,2025-02-05,21.67,3806,75.4,3,Christina Larson,sprince@example.org,27,0,2,6,2024-10-23,Data Science Course 21,0,0,66
4393,796,33,2025-11-22,80.28,1610,57.85,4,Bethany Hernandez,scottgreen@example.org,34,0,2,5,2025-01-28,Power BI Course 33,7,1,58
4394,800,37,2024-08-05,84.44,2957,82.71,2,Steven Johnson,michaelmaddox@example.com,19,1,0,2,2025-02-01,SQL Course 37,0,0,38
4395,859,5,2025-05-19,32.83,1659,91.61,3,Evan Baker,leechristopher@example.net,20,1,2,5,2024-08-31,Computer Vision Course 5,6,1,55
4396,59,37,2026-07-03,70.74,2217,77.36,5,Katelyn Gentry,zpeterson@example.com,19,0,0,3,2024-12-31,SQL Course 37,0,0,38
4397,486,1,2024-08-16,95.39,4832,41.0,1,Samuel Baker,markmoran@example.org,21,0,0,4,2025-01-26,Power BI Course 1,3,1,21
4398,689,24,2025-04-15,93.97,4773,91.6,5,Sandra Hoffman,jchen@example.com,18,0,2,1,2025-06-19,Computer Vision Course 24,5,2,21
4399,954,28,2025-03-16,60.76,2347,73.81,3,Stephen Johnson,dominiquethomas@example.net,22,0,1,1,2024-11-02,SQL Course 28,5,0,57
4400,347,43,2025-11-26,88.71,1715,76.25,5,Paul Haynes,amanda82@example.com,18,1,2,4,2025-11-16,Data Science Course 43,3,2,73
4401,750,48,2025-02-10,74.35,4243,59.76,4,Jill Frye,richard44@example.net,21,0,0,6,2026-05-12,Power BI Course 48,7,2,62
4402,726,7,2025-06-09,29.56,2892,52.04,4,Beth Acosta,erinavery@example.org,22,1,0,2,2024-12-14,Data Science Course 7,6,1,62
4403,946,13,2025-09-13,52.77,1025,71.26,1,Zachary Sparks,jonesjohn@example.org,30,0,0,3,2025-06-11,SQL Course 13,7,1,41
4404,614,41,2026-02-16,87.38,445,72.03,3,Jessica Martinez,ymeyers@example.org,35,1,2,7,2025-05-16,Machine Learning Course 41,1,2,72
4405,772,47,2025-11-19,44.07,3101,40.85,2,Pamela Pineda,ksullivan@example.net,18,0,1,7,2025-09-26,SQL Course 47,5,2,40
4406,960,25,2024-10-17,94.87,3469,87.69,2,Mr. Michael Smith,amber55@example.org,20,0,2,3,2025-01-19,Data Science Course 25,7,1,51
4407,429,38,2026-06-30,94.51,1021,42.44,2,Jonathan King,jesus69@example.org,32,1,0,7,2026-04-11,Computer Vision Course 38,4,0,32
4408,849,39,2025-03-09,52.31,3636,93.49,4,Pamela Garrett,ujenkins@example.net,18,1,0,3,2025-08-01,Power BI Course 39,4,2,33
4409,264,50,2024-08-22,26.44,2589,57.59,3,Rebecca Whitehead,jonesjacqueline@example.net,34,0,0,1,2026-07-03,Python Course 50,3,1,46
4410,748,41,2026-06-07,43.54,4509,88.33,2,Denise Phillips,mmontgomery@example.com,27,0,2,3,2025-07-26,Machine Learning Course 41,1,2,72
4411,662,38,2026-05-05,59.08,4898,56.55,2,Christy Bennett,herrerachristopher@example.com,20,1,2,6,2025-10-29,Computer Vision Course 38,4,0,32
4412,695,45,2026-06-16,22.21,189,97.18,1,Cynthia Moore,valerie24@example.com,21,0,0,2,2026-06-21,Power BI Course 45,0,1,69
4413,260,46,2026-03-28,42.76,966,41.1,4,Christine Williams,yrodriguez@example.org,32,1,0,3,2026-05-29,NLP Course 46,3,0,48
4414,905,8,2025-02-21,84.04,1142,46.11,5,James Paul,kathleen97@example.org,24,0,1,3,2024-12-02,Python Course 8,1,2,38
4415,957,39,2024-11-22,41.61,2752,87.35,1,Megan Cooper,sheila97@example.com,22,1,1,3,2024-12-30,Power BI Course 39,4,2,33
4416,151,21,2026-01-24,25.09,459,63.0,5,James Nelson,williamskaren@example.com,29,1,1,0,2025-08-10,Data Science Course 21,0,0,66
4417,482,31,2026-05-25,30.39,1433,42.52,5,Reginald Bautista,fmalone@example.org,27,1,1,5,2025-10-11,Computer Vision Course 31,4,0,67
4418,248,5,2024-12-12,50.52,1037,60.58,2,Patrick Cross,thomassandra@example.net,24,1,2,2,2025-12-14,Computer Vision Course 5,6,1,55
4419,448,24,2025-09-16,49.06,4969,54.83,1,Gary Green,michaelcoleman@example.com,22,0,0,7,2025-05-04,Computer Vision Course 24,5,2,21
4420,379,42,2026-04-09,47.38,2115,91.04,1,Travis Hatfield,wbush@example.org,18,1,1,4,2025-03-17,NLP Course 42,0,0,75
4421,511,24,2024-12-12,63.39,4947,79.57,2,Mary Costa DDS,robert58@example.net,23,1,1,0,2026-03-09,Computer Vision Course 24,5,2,21
4422,213,34,2025-10-08,66.95,3294,49.54,3,Jessica Oliver,thomasallison@example.com,25,0,0,5,2025-08-10,SQL Course 34,6,2,57
4423,477,38,2025-09-18,81.7,3410,99.94,1,Rachel Solomon,crosbyjermaine@example.com,30,1,0,2,2024-07-22,Computer Vision Course 38,4,0,32
4424,566,29,2024-07-18,45.47,3106,77.09,3,Kelly Martin,debbie91@example.org,22,0,2,2,2025-12-24,Data Science Course 29,2,2,62
4425,635,14,2025-07-31,92.89,1360,43.42,3,Ralph Carpenter,tiffany02@example.net,30,0,1,7,2025-10-08,Python Course 14,1,1,43
4426,875,13,2025-08-27,61.09,2143,78.34,3,Cynthia Pena,hodgestimothy@example.org,23,0,1,5,2025-12-20,SQL Course 13,7,1,41
4427,157,31,2025-04-07,50.77,2136,81.31,5,Taylor Davis,churchbrian@example.org,31,1,1,3,2026-05-18,Computer Vision Course 31,4,0,67
4428,107,25,2026-05-24,87.68,86,55.53,3,Robert Moon,webbchristopher@example.org,24,0,2,5,2025-05-17,Data Science Course 25,7,1,51
4429,70,2,2025-02-06,85.78,367,70.81,4,Jeremy Powell,wmurphy@example.net,27,1,2,5,2025-05-07,Data Science Course 2,1,0,41
4430,80,31,2026-02-01,80.7,3290,85.51,4,Kathy Snyder,mccoyjeremiah@example.net,25,0,2,4,2026-01-29,Computer Vision Course 31,4,0,67
4431,403,33,2026-03-29,76.08,2610,92.32,2,Steven Kennedy Jr.,pholloway@example.org,21,1,2,7,2024-08-03,Power BI Course 33,7,1,58
4432,67,36,2024-11-19,38.95,4733,67.48,5,Calvin Ryan,plopez@example.org,20,0,0,3,2024-09-29,Computer Vision Course 36,2,0,77
4433,92,14,2026-01-09,42.16,1092,76.66,3,Madison Calderon,perezsamantha@example.net,24,0,0,3,2024-10-06,Python Course 14,1,1,43
4434,182,41,2026-07-09,95.86,3085,91.4,5,Susan Nguyen,mcgeetracy@example.com,18,1,1,1,2025-08-18,Machine Learning Course 41,1,2,72
4435,318,15,2025-01-07,25.59,1869,64.88,5,David Wilson,anthony58@example.com,29,1,2,7,2025-06-28,Data Science Course 15,6,1,75
4436,191,5,2025-02-26,54.43,2023,59.8,4,Dawn Davis,amyfox@example.net,28,0,0,3,2025-04-16,Computer Vision Course 5,6,1,55
4437,635,41,2025-11-21,74.88,1633,52.86,4,Ralph Carpenter,tiffany02@example.net,30,0,1,7,2025-10-08,Machine Learning Course 41,1,2,72
4438,146,20,2024-08-13,54.23,4613,65.08,4,Pamela Miller,jmacdonald@example.net,25,0,1,1,2025-07-03,Data Science Course 20,3,1,50
4439,796,22,2025-08-12,52.35,4437,66.31,3,Bethany Hernandez,scottgreen@example.org,34,0,2,5,2025-01-28,Computer Vision Course 22,0,2,49
4440,916,39,2024-11-29,20.17,4451,97.87,1,Carlos Hardy,mroy@example.net,28,1,2,6,2025-09-27,Power BI Course 39,4,2,33
4441,754,28,2024-09-28,37.77,2268,97.4,1,Margaret Allison,nicolaswright@example.net,24,1,1,1,2026-04-10,SQL Course 28,5,0,57
4442,115,12,2026-07-06,34.88,4399,75.99,3,Tiffany Thompson,john91@example.com,23,0,0,6,2025-10-18,Deep Learning Course 12,5,2,57
4443,886,23,2024-07-27,74.04,1890,67.93,1,Tina Turner,kenneth57@example.net,26,0,1,2,2025-02-08,SQL Course 23,6,1,47
4444,706,24,2025-05-14,38.61,4177,69.38,3,John Richardson,angela49@example.com,33,0,2,7,2025-02-18,Computer Vision Course 24,5,2,21
4445,371,38,2025-11-17,64.39,3073,58.18,2,Heather Kelley,angiewagner@example.com,35,1,2,7,2025-08-12,Computer Vision Course 38,4,0,32
4446,164,50,2024-10-09,50.42,2308,61.87,1,Cole Freeman PhD,onealgary@example.net,35,1,2,6,2024-11-28,Python Course 50,3,1,46
4447,957,29,2025-09-28,41.28,3775,49.01,2,Megan Cooper,sheila97@example.com,22,1,1,3,2024-12-30,Data Science Course 29,2,2,62
4448,979,26,2025-03-26,20.87,3750,49.63,2,Isaiah Ramos,spencebryan@example.net,26,0,0,2,2025-04-29,Computer Vision Course 26,7,1,22
4449,587,23,2025-01-27,44.92,340,45.48,4,Sarah Bender,wspencer@example.net,33,1,1,0,2026-05-17,SQL Course 23,6,1,47
4450,483,23,2026-04-29,84.29,1524,94.18,4,Phillip Davis,stephaniebrown@example.net,25,1,0,1,2025-04-25,SQL Course 23,6,1,47
4451,884,5,2024-10-04,77.03,2039,52.59,1,Misty Smith,michaellee@example.com,31,1,2,6,2025-11-26,Computer Vision Course 5,6,1,55
4452,600,12,2024-10-06,83.27,4987,87.94,1,Jennifer Burke,christinebrown@example.com,21,0,0,4,2025-04-16,Deep Learning Course 12,5,2,57
4453,666,1,2024-07-23,52.8,321,56.51,2,Dawn Griffith,peterhernandez@example.com,31,1,1,6,2025-07-18,Power BI Course 1,3,1,21
4454,974,34,2025-08-24,88.16,1633,97.7,2,Herbert Jones,summersjames@example.org,22,1,2,3,2024-10-05,SQL Course 34,6,2,57
4455,190,50,2024-11-29,87.01,300,83.31,2,Justin Williams,raymond25@example.net,34,0,0,7,2024-11-11,Python Course 50,3,1,46
4456,845,49,2025-01-23,85.07,3949,76.84,5,John Rodgers,natalie21@example.org,19,1,1,6,2025-05-23,SQL Course 49,4,1,62
4457,911,5,2024-11-09,53.99,2817,58.19,5,Eddie Jones,margaret32@example.net,23,1,0,6,2025-01-28,Computer Vision Course 5,6,1,55
4458,575,17,2025-12-20,84.92,193,81.16,5,Erin May,nortondeanna@example.com,33,1,0,4,2025-01-30,Deep Learning Course 17,1,0,22
4459,86,4,2025-06-11,67.47,1930,93.52,3,Robin Woods,wilcoxtimothy@example.net,21,0,0,1,2025-04-28,Power BI Course 4,1,0,23
4460,240,9,2025-01-12,45.14,650,49.21,4,Haley Watson,osimpson@example.net,33,0,1,7,2026-07-07,SQL Course 9,6,0,47
4461,489,5,2025-04-25,89.66,4060,46.25,4,Jonathon Cox,jwilson@example.com,25,0,2,7,2024-10-07,Computer Vision Course 5,6,1,55
4462,913,22,2025-06-29,76.25,3960,81.06,2,Christopher Smith,harveykelly@example.net,18,1,0,3,2026-04-06,Computer Vision Course 22,0,2,49
4463,884,43,2025-04-29,93.41,2997,68.86,5,Misty Smith,michaellee@example.com,31,1,2,6,2025-11-26,Data Science Course 43,3,2,73
4464,230,27,2024-08-29,70.84,3611,98.51,5,Maurice Garcia,colemanjennifer@example.com,19,0,1,0,2025-07-01,Computer Vision Course 27,5,0,70
4465,234,27,2025-11-06,86.03,2096,42.33,3,Mackenzie Bush,kenneth17@example.com,26,0,1,6,2024-12-31,Computer Vision Course 27,5,0,70
4466,112,38,2025-08-17,29.93,4126,48.88,3,Tyler May,rduncan@example.net,28,0,1,7,2024-08-26,Computer Vision Course 38,4,0,32
4467,497,50,2025-01-22,84.97,1432,95.3,5,Michael Cain,kevinbrooks@example.org,18,1,2,6,2025-02-04,Python Course 50,3,1,46
4468,188,39,2024-10-30,97.69,2733,89.12,4,Phillip Nunez,jesse93@example.com,31,0,1,2,2025-05-16,Power BI Course 39,4,2,33
4469,63,50,2025-09-28,21.52,3321,67.58,5,Kenneth Evans,kathleenbecker@example.com,22,0,2,4,2026-06-04,Python Course 50,3,1,46
4470,472,32,2025-06-14,68.88,4968,80.28,5,David Keller,caitlin90@example.com,28,1,2,1,2025-02-22,SQL Course 32,2,1,41
4471,862,30,2026-07-09,59.62,1139,97.52,1,Greg Martin,matthewcollins@example.net,32,1,0,6,2025-10-28,Machine Learning Course 30,1,2,60
4472,686,3,2024-07-29,59.76,4281,57.13,2,Stacey Deleon,wgarcia@example.com,25,0,1,7,2026-04-04,Python Course 3,3,2,52
4473,850,39,2024-09-23,52.39,2247,70.5,2,Kelli Hawkins,valerie86@example.com,30,1,2,1,2025-11-30,Power BI Course 39,4,2,33
4474,454,16,2024-10-07,30.43,1752,53.1,4,Carl Kirby,floydchristina@example.org,22,1,0,5,2025-10-19,Deep Learning Course 16,5,0,68
4475,428,2,2025-07-12,40.9,903,77.44,1,Cheryl Novak,jenniferward@example.net,24,1,1,5,2025-06-30,Data Science Course 2,1,0,41
4476,255,38,2025-04-17,94.4,2095,47.91,3,Emily Carpenter,davistyler@example.org,34,1,0,5,2026-03-03,Computer Vision Course 38,4,0,32
4477,162,13,2026-04-23,93.05,3730,75.84,4,Joseph Adkins PhD,allenallison@example.net,35,1,0,2,2026-07-04,SQL Course 13,7,1,41
4478,846,9,2025-03-16,75.58,684,84.07,3,Kevin Ruiz,pmartin@example.net,21,1,1,7,2024-11-16,SQL Course 9,6,0,47
4479,417,8,2024-10-19,35.05,4484,93.14,5,Lisa Hudson,justin95@example.org,23,1,1,4,2025-12-10,Python Course 8,1,2,38
4480,280,9,2025-08-06,55.05,3054,82.26,2,Susan Davis,yolandabrown@example.com,32,1,1,3,2025-12-21,SQL Course 9,6,0,47
4481,15,41,2025-09-20,46.1,2305,40.69,3,John Rice,jasonho@example.com,27,1,1,6,2024-12-14,Machine Learning Course 41,1,2,72
4482,750,8,2025-12-16,30.65,2025,60.75,5,Jill Frye,richard44@example.net,21,0,0,6,2026-05-12,Python Course 8,1,2,38
4483,892,47,2025-01-12,82.08,3920,98.05,3,Jessica Boone,wbeltran@example.net,23,1,0,2,2026-06-25,SQL Course 47,5,2,40
4484,247,24,2026-03-04,75.9,3556,61.57,3,Justin Banks,tamara08@example.com,34,0,2,2,2026-04-28,Computer Vision Course 24,5,2,21
4485,849,44,2024-09-27,98.06,3135,55.77,5,Pamela Garrett,ujenkins@example.net,18,1,0,3,2025-08-01,Computer Vision Course 44,1,2,29
4486,82,39,2026-02-19,67.14,3114,94.11,3,Kevin Johnston,amandacook@example.net,32,1,0,0,2025-12-04,Power BI Course 39,4,2,33
4487,132,20,2026-04-22,24.29,4923,88.86,1,Andrew Campos,christopherharrington@example.org,35,0,1,2,2024-12-30,Data Science Course 20,3,1,50
4488,199,37,2026-02-17,24.56,995,81.53,4,Lisa Sullivan,omitchell@example.org,27,1,2,5,2025-10-17,SQL Course 37,0,0,38
4489,891,38,2025-03-18,84.05,3032,94.86,1,Miss Morgan Jones,nancy30@example.net,32,0,1,4,2025-09-05,Computer Vision Course 38,4,0,32
4490,424,19,2024-11-28,81.27,2151,69.52,2,Robert Zhang,stevenmorgan@example.net,20,0,2,0,2025-11-24,Machine Learning Course 19,0,0,37
4491,684,43,2025-01-15,69.07,2725,58.4,4,Kelly Johnson,blairgina@example.net,22,1,0,3,2024-07-30,Data Science Course 43,3,2,73
4492,16,39,2025-05-29,52.56,1780,73.34,5,Nicole Hendricks,elizabeth27@example.com,24,0,0,2,2024-09-28,Power BI Course 39,4,2,33
4493,947,48,2025-06-19,23.68,4555,42.86,1,Yolanda Johnson,campbellbrian@example.net,19,1,1,3,2025-03-09,Power BI Course 48,7,2,62
4494,978,35,2025-05-30,50.2,2540,69.47,5,Shawna Scott MD,jennifersanchez@example.net,24,1,0,5,2024-11-29,NLP Course 35,1,0,70
4495,62,42,2025-10-03,70.42,1804,49.24,1,Diane Campbell,nicole07@example.org,34,0,2,7,2025-10-18,NLP Course 42,0,0,75
4496,95,32,2026-05-15,30.03,4680,49.75,5,Shannon Caldwell,martineznatalie@example.org,32,0,2,0,2024-12-05,SQL Course 32,2,1,41
4497,223,10,2025-01-29,46.58,1018,65.09,2,Margaret Ballard,ferrelldaniel@example.com,34,1,1,7,2024-07-14,Python Course 10,6,2,10
4498,476,5,2026-05-12,23.07,1812,81.41,1,Debra Anderson,wilsonjonathon@example.org,34,0,0,1,2026-03-11,Computer Vision Course 5,6,1,55
4499,571,41,2025-05-09,58.83,937,52.59,1,Tyler Hudson,ymorgan@example.net,22,0,2,2,2026-02-09,Machine Learning Course 41,1,2,72
4500,693,44,2024-11-27,97.08,2079,48.46,3,Gary Walsh,kevinmoore@example.net,35,1,0,2,2026-03-09,Computer Vision Course 44,1,2,29
4501,875,31,2025-11-26,97.16,952,70.07,5,Cynthia Pena,hodgestimothy@example.org,23,0,1,5,2025-12-20,Computer Vision Course 31,4,0,67
4502,517,41,2025-02-14,33.17,3329,82.9,2,Elizabeth Harding,wrichardson@example.com,33,0,0,7,2025-04-14,Machine Learning Course 41,1,2,72
4503,769,32,2025-04-19,62.86,1159,97.13,3,Joseph Donovan,dakota55@example.org,27,0,1,7,2024-11-17,SQL Course 32,2,1,41
4504,954,37,2025-07-02,93.28,4917,91.47,1,Stephen Johnson,dominiquethomas@example.net,22,0,1,1,2024-11-02,SQL Course 37,0,0,38
4505,90,48,2026-01-07,73.48,839,93.04,2,Marissa Young,waterscassie@example.com,28,1,0,6,2024-07-18,Power BI Course 48,7,2,62
4506,837,50,2024-12-18,32.76,4170,61.32,5,David Peterson,kristin79@example.org,34,0,1,1,2025-07-23,Python Course 50,3,1,46
4507,683,50,2025-01-20,47.03,982,82.84,3,Andres Thomas,ohernandez@example.org,26,1,2,1,2025-04-12,Python Course 50,3,1,46
4508,386,44,2025-09-20,97.49,1858,49.1,2,Christopher Thompson,greid@example.org,20,0,0,0,2024-12-23,Computer Vision Course 44,1,2,29
4509,886,13,2024-08-11,68.62,1661,65.87,5,Tina Turner,kenneth57@example.net,26,0,1,2,2025-02-08,SQL Course 13,7,1,41
4510,134,10,2025-02-01,68.29,535,53.57,1,David Morgan,greenejulia@example.org,35,1,1,2,2025-08-27,Python Course 10,6,2,10
4511,761,20,2025-10-18,64.81,2154,69.79,1,Gina Smith,moodyjessica@example.net,28,1,2,5,2024-11-09,Data Science Course 20,3,1,50
4512,285,39,2025-01-14,56.48,2099,73.86,2,Angela Chambers,gelliott@example.net,25,0,1,4,2025-03-29,Power BI Course 39,4,2,33
4513,902,41,2024-12-20,73.58,1848,84.14,4,Monica Brooks,kleinchristopher@example.net,24,0,1,3,2024-11-16,Machine Learning Course 41,1,2,72
4514,630,22,2025-12-18,27.4,4030,64.96,3,Patricia Clark,coopertravis@example.org,31,1,1,6,2024-10-14,Computer Vision Course 22,0,2,49
4515,400,14,2025-07-18,86.26,2912,54.8,3,Joseph Garza,cesarnunez@example.com,29,0,0,1,2024-08-15,Python Course 14,1,1,43
4516,473,42,2026-02-11,70.42,191,87.09,2,Stephen Bailey,kenneth56@example.net,31,0,2,1,2026-03-08,NLP Course 42,0,0,75
4517,91,2,2026-01-10,38.95,3336,92.45,5,Lynn White,wnichols@example.com,24,1,2,3,2024-09-10,Data Science Course 2,1,0,41
4518,105,22,2025-02-16,59.67,4899,90.01,3,Katherine Gonzalez,laurensullivan@example.com,32,0,1,1,2025-03-28,Computer Vision Course 22,0,2,49
4519,917,3,2026-05-24,45.64,1852,86.59,3,Christopher Foster,yford@example.org,23,1,1,7,2025-12-21,Python Course 3,3,2,52
4520,57,10,2026-06-11,94.67,855,55.95,2,Ronald Ortiz,amanda87@example.org,31,1,0,1,2026-01-21,Python Course 10,6,2,10
4521,313,48,2026-05-06,97.79,4909,92.06,3,Karen Murphy,matthew07@example.org,24,0,1,1,2024-10-30,Power BI Course 48,7,2,62
4522,766,39,2025-03-22,78.35,2830,56.46,2,Shane Jenkins,ehartman@example.org,28,0,1,3,2026-02-25,Power BI Course 39,4,2,33
4523,29,44,2024-08-12,73.61,3832,87.22,1,Joshua Wilson,campbellmelissa@example.com,18,1,0,1,2025-09-16,Computer Vision Course 44,1,2,29
4524,648,46,2025-12-04,39.38,295,90.35,2,Jessica Woods,jasmine92@example.com,25,1,0,2,2025-06-18,NLP Course 46,3,0,48
4525,874,36,2025-04-20,81.11,1302,54.91,5,Catherine Jones,reedlori@example.com,26,1,2,7,2024-07-29,Computer Vision Course 36,2,0,77
4526,972,41,2025-10-25,30.51,4155,40.99,1,Kelly Webb,jenniferboone@example.com,28,0,1,1,2025-11-22,Machine Learning Course 41,1,2,72
4527,126,25,2025-07-16,50.99,4426,88.43,1,Derrick Park,hillbrandy@example.org,20,0,0,6,2026-02-26,Data Science Course 25,7,1,51
4528,502,11,2025-06-01,20.25,2817,74.28,5,Tonya Fernandez,olivia65@example.com,21,1,1,1,2025-08-01,SQL Course 11,0,0,15
4529,325,13,2024-10-18,22.74,4258,61.7,3,Kathryn Johnson,crystal09@example.net,31,1,1,7,2026-03-27,SQL Course 13,7,1,41
4530,640,37,2024-09-29,49.99,1620,56.75,2,Kenneth Cameron,msimmons@example.net,34,1,1,4,2025-06-25,SQL Course 37,0,0,38
4531,99,21,2026-05-04,96.54,3938,98.52,1,Kimberly Williams,hicksanthony@example.com,20,0,0,3,2025-09-06,Data Science Course 21,0,0,66
4532,850,14,2025-04-06,80.13,2581,64.71,1,Kelli Hawkins,valerie86@example.com,30,1,2,1,2025-11-30,Python Course 14,1,1,43
4533,217,19,2025-02-15,56.27,3353,63.79,1,Mary Carey,jenniferprice@example.org,31,1,2,5,2026-01-02,Machine Learning Course 19,0,0,37
4534,626,20,2025-03-21,88.15,3341,53.85,5,Taylor Lamb,aguilartroy@example.org,30,1,1,0,2025-06-27,Data Science Course 20,3,1,50
4535,550,43,2026-06-27,66.13,2910,73.64,2,Micheal Summers,jocelynsanchez@example.org,25,0,2,2,2026-04-10,Data Science Course 43,3,2,73
4536,48,7,2025-06-16,61.4,2878,85.49,1,Gabriela Smith,cookdaniel@example.net,32,0,2,6,2024-08-27,Data Science Course 7,6,1,62
4537,141,18,2025-07-05,40.78,713,82.55,2,Janice Shea,harrelljulie@example.net,34,1,1,7,2025-01-20,Machine Learning Course 18,0,0,25
4538,740,43,2025-06-23,76.89,3023,51.49,4,Timothy Mcgee,bchristensen@example.net,21,0,0,6,2026-04-06,Data Science Course 43,3,2,73
4539,966,31,2024-11-27,76.76,1350,89.77,5,James Sanchez,pthomas@example.org,18,1,2,1,2025-04-12,Computer Vision Course 31,4,0,67
4540,544,14,2024-07-21,80.51,3626,53.48,5,Kimberly Kemp,vlopez@example.net,34,0,1,4,2025-10-23,Python Course 14,1,1,43
4541,250,15,2025-01-08,69.2,538,53.94,2,Pamela Booth,andrew47@example.org,33,1,1,5,2024-11-11,Data Science Course 15,6,1,75
4542,79,38,2026-01-14,49.24,3447,84.6,2,Amanda Alvarez,irichardson@example.net,25,0,0,7,2024-09-26,Computer Vision Course 38,4,0,32
4543,806,34,2025-08-02,83.67,236,91.93,2,Timothy Alexander,rwebster@example.com,32,0,2,5,2025-06-24,SQL Course 34,6,2,57
4544,455,21,2024-12-15,72.49,3971,62.4,4,Rebecca Bell,rileymichael@example.org,31,0,1,7,2025-12-02,Data Science Course 21,0,0,66
4545,718,23,2025-05-05,82.03,4736,82.38,5,Allen Turner,ronaldterrell@example.org,27,0,1,7,2025-01-30,SQL Course 23,6,1,47
4546,252,4,2024-12-22,25.51,731,50.38,2,Kimberly Reed,obowman@example.org,33,0,0,2,2026-04-11,Power BI Course 4,1,0,23
4547,69,43,2025-04-28,49.8,2067,89.95,2,James Davis,lesliemann@example.org,35,1,1,6,2026-02-11,Data Science Course 43,3,2,73
4548,432,2,2025-01-28,72.23,2706,61.21,1,Thomas Ward,larrysantiago@example.com,34,1,0,0,2026-02-27,Data Science Course 2,1,0,41
4549,889,40,2024-08-02,91.76,519,47.73,1,Matthew Young,warrenwilliam@example.net,30,0,2,7,2026-05-07,Machine Learning Course 40,2,2,64
4550,654,43,2025-08-21,93.41,991,50.29,4,Lisa Parker,william38@example.net,35,1,1,0,2026-07-08,Data Science Course 43,3,2,73
4551,22,34,2026-06-12,51.93,2175,72.28,1,William Juarez,qgomez@example.com,24,0,0,0,2024-08-06,SQL Course 34,6,2,57
4552,81,1,2025-05-14,83.54,1911,75.28,1,Christina Larson,sprince@example.org,27,0,2,6,2024-10-23,Power BI Course 1,3,1,21
4553,221,39,2024-08-25,45.94,1765,71.63,4,Denise Davis,lisa35@example.net,27,0,0,1,2024-10-23,Power BI Course 39,4,2,33
4554,675,30,2025-06-02,89.06,1976,41.5,5,Phyllis French,elizabeth69@example.org,26,0,0,0,2025-01-23,Machine Learning Course 30,1,2,60
4555,562,7,2025-05-30,36.16,663,52.66,1,Christina Wise,williamsray@example.org,31,0,1,4,2025-10-05,Data Science Course 7,6,1,62
4556,253,9,2026-05-27,43.95,1111,51.56,4,Cynthia Taylor,kayla36@example.net,26,0,0,1,2025-11-11,SQL Course 9,6,0,47
4557,82,27,2026-03-07,72.94,1943,94.28,1,Kevin Johnston,amandacook@example.net,32,1,0,0,2025-12-04,Computer Vision Course 27,5,0,70
4558,636,22,2024-10-21,92.81,4726,94.84,5,Jamie Becker,cbentley@example.net,21,1,2,3,2024-11-27,Computer Vision Course 22,0,2,49
4559,968,17,2026-05-07,75.02,3620,99.32,3,Laura Reynolds,robertsnicole@example.com,32,0,2,0,2024-09-29,Deep Learning Course 17,1,0,22
4560,3,2,2025-04-27,90.3,3369,60.12,1,Ashley Osborne DDS,michaelsanchez@example.org,22,1,0,5,2024-10-18,Data Science Course 2,1,0,41
4561,772,22,2026-04-15,74.02,3198,76.01,3,Pamela Pineda,ksullivan@example.net,18,0,1,7,2025-09-26,Computer Vision Course 22,0,2,49
4562,785,39,2024-12-31,89.55,2569,58.83,4,John Anthony,lozanojessica@example.org,25,1,2,5,2026-06-10,Power BI Course 39,4,2,33
4563,812,17,2024-08-14,70.03,3414,44.37,4,Patricia Bennett,smiller@example.net,30,1,2,6,2024-07-25,Deep Learning Course 17,1,0,22
4564,113,47,2025-04-12,37.59,1537,42.75,4,Linda Moreno,joshua95@example.net,25,0,1,1,2025-10-11,SQL Course 47,5,2,40
4565,908,43,2025-01-08,71.17,2598,66.28,1,Brian Chung,rashley@example.org,23,1,0,5,2026-04-08,Data Science Course 43,3,2,73
4566,556,6,2025-11-13,63.91,711,81.67,4,Molly Stewart,jennifer85@example.org,18,0,1,5,2026-03-13,Python Course 6,2,1,11
4567,286,25,2025-10-24,91.27,1415,95.9,3,Lisa Hopkins,joseph32@example.net,22,1,2,1,2024-09-26,Data Science Course 25,7,1,51
4568,632,18,2026-05-14,67.96,1308,46.81,5,Misty Stewart,cferguson@example.com,26,1,1,2,2026-06-14,Machine Learning Course 18,0,0,25
4569,395,21,2025-01-29,24.99,999,93.95,4,Chelsea Hamilton,perezricky@example.org,25,0,1,1,2025-05-25,Data Science Course 21,0,0,66
4570,803,29,2025-04-10,45.46,305,52.9,4,Casey Martinez,zhogan@example.net,24,1,2,5,2025-01-20,Data Science Course 29,2,2,62
4571,982,10,2026-05-23,74.21,3776,95.24,1,Troy Rodriguez,rickyvasquez@example.com,28,1,2,4,2026-06-05,Python Course 10,6,2,10
4572,270,16,2026-04-10,61.71,1355,73.33,2,Travis Howard,dianabrown@example.org,24,0,1,4,2026-03-07,Deep Learning Course 16,5,0,68
4573,258,43,2025-02-20,20.49,4071,86.98,1,Robert Hall,vgallagher@example.org,22,0,1,6,2025-01-09,Data Science Course 43,3,2,73
4574,971,36,2024-07-28,95.8,3216,77.74,3,Robert Smith,megannorton@example.org,22,0,2,4,2025-07-30,Computer Vision Course 36,2,0,77
4575,845,14,2025-10-12,55.96,4980,47.04,1,John Rodgers,natalie21@example.org,19,1,1,6,2025-05-23,Python Course 14,1,1,43
4576,862,20,2025-05-22,81.55,3777,53.64,1,Greg Martin,matthewcollins@example.net,32,1,0,6,2025-10-28,Data Science Course 20,3,1,50
4577,970,28,2025-01-18,83.42,4176,71.76,4,Douglas Scott,staceyestrada@example.com,23,1,1,3,2025-03-19,SQL Course 28,5,0,57
4578,625,39,2025-03-08,27.2,2881,45.17,1,Kelsey Sullivan,kevinnewton@example.net,29,1,0,3,2026-01-19,Power BI Course 39,4,2,33
4579,895,41,2026-05-25,21.26,2002,90.17,3,Lisa Chaney,imcdonald@example.org,30,1,2,3,2024-10-06,Machine Learning Course 41,1,2,72
4580,174,29,2025-09-28,32.44,1556,99.43,4,Laura Wolfe,alejandrowalton@example.com,29,1,1,5,2026-02-01,Data Science Course 29,2,2,62
4581,245,10,2025-01-04,98.83,2960,64.89,1,Jeff Smith,pmorris@example.com,27,1,1,5,2026-02-25,Python Course 10,6,2,10
4582,49,7,2026-01-01,56.0,1770,51.66,5,Carly Reese,clarkestacey@example.net,21,0,2,4,2025-05-08,Data Science Course 7,6,1,62
4583,30,5,2025-06-24,93.98,4355,95.57,1,Rebecca Herrera,jacquelinedavis@example.org,31,1,2,5,2025-04-25,Computer Vision Course 5,6,1,55
4584,700,21,2025-11-20,74.86,1898,84.21,5,Lisa Gonzalez,freemandawn@example.org,20,1,0,0,2025-06-27,Data Science Course 21,0,0,66
4585,115,46,2024-09-22,51.11,4321,97.68,2,Tiffany Thompson,john91@example.com,23,0,0,6,2025-10-18,NLP Course 46,3,0,48
4586,775,33,2025-04-22,58.3,1257,53.62,5,John Wilson,melinda38@example.com,22,1,0,0,2026-06-19,Power BI Course 33,7,1,58
4587,926,36,2024-11-24,30.27,705,67.79,4,Reginald Moore,tammyhicks@example.org,22,0,1,0,2025-03-19,Computer Vision Course 36,2,0,77
4588,134,35,2026-05-03,72.29,2705,46.65,2,David Morgan,greenejulia@example.org,35,1,1,2,2025-08-27,NLP Course 35,1,0,70
4589,848,44,2025-08-12,20.28,530,59.55,3,Mark Miller,miguel07@example.net,21,0,0,1,2024-10-16,Computer Vision Course 44,1,2,29
4590,793,32,2024-08-02,40.66,2892,65.29,3,Brian Perez,smithjulia@example.net,21,1,1,0,2025-10-22,SQL Course 32,2,1,41
4591,350,48,2025-07-24,39.85,3502,98.0,2,Hunter Wallace,greenbryan@example.com,20,1,2,5,2025-03-09,Power BI Course 48,7,2,62
4592,796,18,2025-04-06,20.98,2927,75.83,4,Bethany Hernandez,scottgreen@example.org,34,0,2,5,2025-01-28,Machine Learning Course 18,0,0,25
4593,411,47,2025-06-21,83.47,487,57.85,4,Robin Davis,annettebrooks@example.com,28,1,1,1,2025-07-28,SQL Course 47,5,2,40
4594,548,48,2025-02-28,76.68,3508,64.51,4,Cheryl Brown,rodriguezeric@example.org,22,0,2,5,2026-03-07,Power BI Course 48,7,2,62
4595,874,37,2025-07-09,50.52,723,59.5,3,Catherine Jones,reedlori@example.com,26,1,2,7,2024-07-29,SQL Course 37,0,0,38
4596,673,25,2025-11-14,82.89,2676,89.58,4,Lori Greer,strongmadison@example.org,25,1,0,3,2025-11-24,Data Science Course 25,7,1,51
4597,105,10,2026-01-22,48.2,4621,70.5,5,Katherine Gonzalez,laurensullivan@example.com,32,0,1,1,2025-03-28,Python Course 10,6,2,10
4598,134,5,2025-03-09,22.23,4204,43.6,3,David Morgan,greenejulia@example.org,35,1,1,2,2025-08-27,Computer Vision Course 5,6,1,55
4599,238,44,2025-12-28,66.08,1524,98.55,4,Raymond Johnson,petersonryan@example.net,35,0,1,7,2024-08-01,Computer Vision Course 44,1,2,29
4600,9,23,2025-07-10,75.89,3220,87.99,2,Samantha Rivera,laura03@example.com,20,1,1,2,2026-03-16,SQL Course 23,6,1,47
4601,204,10,2025-11-13,61.06,336,63.42,2,Paul Washington,thompsonlaura@example.org,24,1,1,1,2024-11-24,Python Course 10,6,2,10
4602,960,11,2025-02-12,56.56,1136,58.15,2,Mr. Michael Smith,amber55@example.org,20,0,2,3,2025-01-19,SQL Course 11,0,0,15
4603,859,24,2024-07-18,76.28,4137,84.39,2,Evan Baker,leechristopher@example.net,20,1,2,5,2024-08-31,Computer Vision Course 24,5,2,21
4604,86,7,2025-09-09,73.52,811,88.29,1,Robin Woods,wilcoxtimothy@example.net,21,0,0,1,2025-04-28,Data Science Course 7,6,1,62
4605,272,37,2025-11-02,60.32,1072,50.04,1,Jeffrey Hahn,beverly65@example.org,34,0,0,3,2025-01-15,SQL Course 37,0,0,38
4606,524,3,2025-02-13,24.65,300,80.66,3,Lauren Howard,walter27@example.org,19,1,0,1,2024-09-10,Python Course 3,3,2,52
4607,723,43,2025-10-28,27.99,2164,53.14,1,Michael Hodges,lewisjulia@example.com,25,0,1,3,2024-09-02,Data Science Course 43,3,2,73
4608,41,19,2025-04-15,54.3,4646,97.7,5,Kelly Harris,amandahall@example.com,29,1,2,3,2025-10-31,Machine Learning Course 19,0,0,37
4609,999,12,2025-06-30,69.49,2567,85.81,3,Brittany Hall,washingtoncynthia@example.net,28,0,0,4,2026-03-20,Deep Learning Course 12,5,2,57
4610,853,10,2025-02-12,28.28,4137,59.46,3,Stacy Sparks,agarcia@example.com,27,1,2,7,2024-12-06,Python Course 10,6,2,10
4611,598,24,2026-06-12,33.55,2451,46.22,1,John Horne,perezkelli@example.net,26,0,2,1,2024-08-25,Computer Vision Course 24,5,2,21
4612,327,10,2025-12-30,87.18,4552,70.71,5,Denise Mclaughlin,derek59@example.org,18,0,0,7,2025-12-25,Python Course 10,6,2,10
4613,613,16,2025-06-10,74.35,4550,62.46,5,Regina Holt,karenbartlett@example.com,23,0,0,2,2024-10-03,Deep Learning Course 16,5,0,68
4614,629,45,2025-09-05,32.66,2609,48.67,5,George Butler,leahparker@example.org,29,1,1,4,2026-04-18,Power BI Course 45,0,1,69
4615,422,27,2026-01-13,59.69,3743,87.19,2,Donald Hancock,benjaminhale@example.net,23,0,2,5,2025-02-18,Computer Vision Course 27,5,0,70
4616,214,44,2025-06-04,96.71,1478,93.19,1,Sarah Figueroa,christopherward@example.net,18,1,1,2,2025-09-14,Computer Vision Course 44,1,2,29
4617,200,9,2026-04-06,54.54,1041,87.91,4,Kelli Hodges,shelly57@example.net,26,0,1,0,2025-10-25,SQL Course 9,6,0,47
4618,45,22,2025-01-23,36.86,3857,57.22,5,Maria Fernandez,matthew27@example.org,34,0,2,7,2025-09-20,Computer Vision Course 22,0,2,49
4619,963,1,2025-11-15,31.93,1720,66.87,2,Gina Collins,bakertheresa@example.org,26,1,1,1,2024-09-07,Power BI Course 1,3,1,21
4620,313,26,2024-11-28,76.03,2701,65.22,5,Karen Murphy,matthew07@example.org,24,0,1,1,2024-10-30,Computer Vision Course 26,7,1,22
4621,500,3,2025-02-06,52.94,3225,55.92,2,Katie Roth,bsanchez@example.net,19,1,1,7,2024-12-10,Python Course 3,3,2,52
4622,923,10,2024-07-27,22.45,575,53.1,1,Jacob Gutierrez,susanmiller@example.org,34,1,0,2,2026-06-24,Python Course 10,6,2,10
4623,521,20,2025-11-30,48.55,3455,97.81,1,Brandon Crawford,wesleymckee@example.org,21,0,1,3,2026-06-24,Data Science Course 20,3,1,50
4624,448,38,2026-03-15,38.55,788,82.9,2,Gary Green,michaelcoleman@example.com,22,0,0,7,2025-05-04,Computer Vision Course 38,4,0,32
4625,328,27,2025-06-18,78.28,4905,52.84,2,Marcus Gardner,julia55@example.com,28,1,2,1,2025-01-03,Computer Vision Course 27,5,0,70
4626,374,14,2025-04-25,42.88,1614,64.0,4,Kellie Williams,teresasanchez@example.org,25,1,2,5,2025-11-12,Python Course 14,1,1,43
4627,224,21,2025-04-07,50.62,4416,69.58,2,Luis Montes,christopher01@example.org,21,0,0,2,2026-05-20,Data Science Course 21,0,0,66
4628,373,1,2025-03-18,32.79,3160,63.14,3,Susan Huff,margaretsmith@example.net,22,0,0,2,2026-03-02,Power BI Course 1,3,1,21
4629,363,19,2026-04-15,30.33,3964,80.41,3,Victor House,hlewis@example.net,18,0,2,7,2026-01-01,Machine Learning Course 19,0,0,37
4630,739,28,2026-07-04,39.28,3415,48.09,5,James Friedman,vrodriguez@example.net,33,0,2,4,2026-02-09,SQL Course 28,5,0,57
4631,590,23,2026-03-06,26.91,4448,58.34,2,Bryan Cox,castillosandra@example.com,33,0,1,7,2025-12-09,SQL Course 23,6,1,47
4632,886,10,2024-10-12,32.02,233,63.38,1,Tina Turner,kenneth57@example.net,26,0,1,2,2025-02-08,Python Course 10,6,2,10
4633,46,41,2026-02-05,54.16,2335,47.16,5,Cassandra Sherman,barberdonna@example.net,31,1,1,2,2025-05-07,Machine Learning Course 41,1,2,72
4634,395,4,2024-08-24,50.35,1419,84.01,1,Chelsea Hamilton,perezricky@example.org,25,0,1,1,2025-05-25,Power BI Course 4,1,0,23
4635,611,45,2026-03-02,96.22,4398,94.33,5,Meghan Henry,jeffshaw@example.com,20,0,2,5,2025-08-11,Power BI Course 45,0,1,69
4636,965,33,2026-06-21,26.81,3285,89.81,4,Elizabeth Richards,davidclark@example.org,18,0,1,1,2026-01-13,Power BI Course 33,7,1,58
4637,396,7,2025-01-25,88.71,3327,67.55,1,Dr. Christopher Warren DDS,jcrane@example.net,24,1,0,5,2025-05-25,Data Science Course 7,6,1,62
4638,719,32,2024-09-08,20.36,1159,55.69,3,Lorraine Monroe,lauriewilliams@example.net,19,1,1,3,2026-06-28,SQL Course 32,2,1,41
4639,846,19,2025-01-06,27.98,1382,78.53,2,Kevin Ruiz,pmartin@example.net,21,1,1,7,2024-11-16,Machine Learning Course 19,0,0,37
4640,849,49,2025-10-24,59.93,3366,71.73,3,Pamela Garrett,ujenkins@example.net,18,1,0,3,2025-08-01,SQL Course 49,4,1,62
4641,706,50,2025-09-29,87.97,1409,52.73,3,John Richardson,angela49@example.com,33,0,2,7,2025-02-18,Python Course 50,3,1,46
4642,632,3,2025-10-20,90.74,2023,53.18,1,Misty Stewart,cferguson@example.com,26,1,1,2,2026-06-14,Python Course 3,3,2,52
4643,674,26,2026-06-11,63.54,304,78.27,3,Luis Lopez,karen57@example.org,23,1,0,0,2025-03-24,Computer Vision Course 26,7,1,22
4644,951,31,2024-10-08,50.6,4983,44.5,1,Jennifer Flores,mpayne@example.org,35,0,0,6,2025-04-22,Computer Vision Course 31,4,0,67
4645,63,50,2025-03-06,86.69,584,82.94,5,Kenneth Evans,kathleenbecker@example.com,22,0,2,4,2026-06-04,Python Course 50,3,1,46
4646,625,2,2025-01-05,64.74,3743,81.78,5,Kelsey Sullivan,kevinnewton@example.net,29,1,0,3,2026-01-19,Data Science Course 2,1,0,41
4647,635,26,2026-04-10,58.28,2396,43.54,3,Ralph Carpenter,tiffany02@example.net,30,0,1,7,2025-10-08,Computer Vision Course 26,7,1,22
4648,476,5,2025-03-21,96.81,2132,77.35,1,Debra Anderson,wilsonjonathon@example.org,34,0,0,1,2026-03-11,Computer Vision Course 5,6,1,55
4649,591,46,2025-11-13,41.08,714,51.36,1,Stephanie Paul,johnmalone@example.com,26,1,2,7,2026-06-21,NLP Course 46,3,0,48
4650,937,37,2026-03-17,65.22,4993,79.44,5,Kimberly James,dylan79@example.org,21,0,2,1,2025-07-19,SQL Course 37,0,0,38
4651,750,27,2024-09-09,84.33,988,64.65,3,Jill Frye,richard44@example.net,21,0,0,6,2026-05-12,Computer Vision Course 27,5,0,70
4652,280,40,2025-06-24,23.5,4187,48.25,3,Susan Davis,yolandabrown@example.com,32,1,1,3,2025-12-21,Machine Learning Course 40,2,2,64
4653,929,35,2026-06-26,79.17,2763,56.83,2,Savannah Cline,jose29@example.com,22,0,0,2,2024-11-09,NLP Course 35,1,0,70
4654,821,16,2025-09-15,65.83,3827,71.25,5,Christopher Miller,medwards@example.com,20,1,0,5,2025-01-06,Deep Learning Course 16,5,0,68
4655,86,7,2026-03-01,26.57,1468,94.77,3,Robin Woods,wilcoxtimothy@example.net,21,0,0,1,2025-04-28,Data Science Course 7,6,1,62
4656,330,48,2026-02-21,97.81,3716,62.21,3,Yvonne Martinez,lisa90@example.org,34,1,0,6,2025-08-17,Power BI Course 48,7,2,62
4657,613,45,2026-01-16,59.53,3348,52.47,4,Regina Holt,karenbartlett@example.com,23,0,0,2,2024-10-03,Power BI Course 45,0,1,69
4658,845,45,2025-01-11,58.92,4346,79.94,1,John Rodgers,natalie21@example.org,19,1,1,6,2025-05-23,Power BI Course 45,0,1,69
4659,481,26,2026-02-15,62.61,2903,62.68,2,Shawn Mcmillan,tjohnson@example.com,35,0,2,2,2025-09-06,Computer Vision Course 26,7,1,22
4660,64,6,2026-04-01,92.71,2663,54.76,1,Rachel Little,joshua90@example.net,18,1,2,5,2025-07-09,Python Course 6,2,1,11
4661,177,2,2024-12-11,82.89,4329,47.83,1,Jennifer Cole,christian22@example.org,21,1,2,3,2024-11-15,Data Science Course 2,1,0,41
4662,850,31,2025-11-10,43.93,3533,74.13,1,Kelli Hawkins,valerie86@example.com,30,1,2,1,2025-11-30,Computer Vision Course 31,4,0,67
4663,663,50,2026-06-19,86.91,1380,43.87,4,Elizabeth Salinas,coreyrose@example.org,20,0,2,1,2025-03-16,Python Course 50,3,1,46
4664,433,30,2026-04-19,20.61,3413,47.44,3,Jose Rocha,james79@example.org,19,1,1,4,2026-01-18,Machine Learning Course 30,1,2,60
4665,90,40,2024-12-03,89.38,4349,84.23,4,Marissa Young,waterscassie@example.com,28,1,0,6,2024-07-18,Machine Learning Course 40,2,2,64
4666,359,9,2025-07-07,33.79,3824,99.15,4,Brett Key,lopezpatrick@example.net,30,1,2,5,2025-08-08,SQL Course 9,6,0,47
4667,19,48,2025-07-25,84.21,852,99.27,2,Troy Jones,lcallahan@example.com,25,1,0,6,2024-12-10,Power BI Course 48,7,2,62
4668,238,33,2024-12-07,20.4,1468,41.91,5,Raymond Johnson,petersonryan@example.net,35,0,1,7,2024-08-01,Power BI Course 33,7,1,58
4669,362,36,2025-05-18,63.46,2682,45.16,1,Michael Carter,jamesrobinson@example.com,33,0,1,1,2025-07-14,Computer Vision Course 36,2,0,77
4670,583,32,2025-03-17,21.93,3173,69.91,4,Donald Ray,ianarellano@example.net,24,0,0,3,2025-04-08,SQL Course 32,2,1,41
4671,658,15,2025-11-25,95.16,1161,56.17,5,Emily Small,jacqueline94@example.com,22,0,1,3,2025-06-26,Data Science Course 15,6,1,75
4672,399,36,2026-06-10,84.81,1731,53.76,2,John Massey,davidmontgomery@example.com,33,0,2,1,2025-02-22,Computer Vision Course 36,2,0,77
4673,718,15,2025-10-01,54.19,785,86.27,5,Allen Turner,ronaldterrell@example.org,27,0,1,7,2025-01-30,Data Science Course 15,6,1,75
4674,518,24,2025-03-22,81.6,4932,50.94,1,Rebecca Grant,schwartzchristopher@example.com,26,1,2,6,2024-08-12,Computer Vision Course 24,5,2,21
4675,872,18,2026-01-19,54.9,4874,92.34,2,Michelle Garcia,gouldjessica@example.net,18,0,2,5,2024-07-28,Machine Learning Course 18,0,0,25
4676,827,41,2025-12-20,63.12,3845,73.46,2,Robin Mccullough,catherinedaniels@example.org,30,1,0,5,2026-04-02,Machine Learning Course 41,1,2,72
4677,643,23,2025-03-19,62.85,2742,45.48,1,William Harris,fbrowning@example.org,21,0,2,1,2026-04-18,SQL Course 23,6,1,47
4678,993,24,2025-03-13,80.51,4458,97.71,1,Robert Norton,hooveralyssa@example.net,27,1,1,4,2026-06-18,Computer Vision Course 24,5,2,21
4679,251,10,2025-05-15,26.7,3657,41.61,5,Jesus Manning,uhall@example.org,18,1,2,3,2024-08-21,Python Course 10,6,2,10
4680,890,34,2025-11-25,75.6,1256,76.41,1,Joseph Garcia,thompsoncatherine@example.net,30,0,2,2,2026-03-21,SQL Course 34,6,2,57
4681,809,41,2025-05-03,89.64,3793,41.76,4,Alison Martinez,bgordon@example.net,26,0,0,2,2026-06-29,Machine Learning Course 41,1,2,72
4682,728,46,2026-05-14,50.49,2262,88.27,1,Jesse West,cmorgan@example.org,25,1,1,2,2025-09-03,NLP Course 46,3,0,48
4683,792,19,2026-01-08,42.33,2129,45.64,2,Alison Wagner,amydickson@example.net,32,1,2,7,2026-04-15,Machine Learning Course 19,0,0,37
4684,808,18,2025-08-04,47.48,2349,77.93,4,Matthew Reid,thompsonchristy@example.com,35,1,0,6,2025-07-13,Machine Learning Course 18,0,0,25
4685,937,48,2025-12-02,63.39,4340,41.5,1,Kimberly James,dylan79@example.org,21,0,2,1,2025-07-19,Power BI Course 48,7,2,62
4686,706,9,2025-10-07,94.59,118,58.83,3,John Richardson,angela49@example.com,33,0,2,7,2025-02-18,SQL Course 9,6,0,47
4687,181,5,2026-05-29,80.32,3358,54.24,4,Brian Mcconnell,jamesdixon@example.net,28,1,1,7,2026-04-02,Computer Vision Course 5,6,1,55
4688,12,50,2025-03-27,68.11,2357,54.34,5,Russell Williamson,michael82@example.net,20,1,1,3,2024-08-13,Python Course 50,3,1,46
4689,915,20,2025-11-02,40.83,4752,86.47,1,Erik Booth,psmith@example.net,34,1,2,4,2024-12-04,Data Science Course 20,3,1,50
4690,493,31,2025-10-29,35.08,4332,85.81,4,Kyle Hull,awilliams@example.com,31,1,1,4,2026-01-20,Computer Vision Course 31,4,0,67
4691,206,36,2025-05-22,69.12,4592,42.3,4,Joann Thompson,michael30@example.net,25,0,2,0,2024-10-25,Computer Vision Course 36,2,0,77
4692,253,15,2025-06-11,91.88,4513,41.54,2,Cynthia Taylor,kayla36@example.net,26,0,0,1,2025-11-11,Data Science Course 15,6,1,75
4693,952,37,2024-08-26,82.62,193,56.05,2,Elizabeth Hester,moniquegilbert@example.net,28,1,2,1,2025-06-12,SQL Course 37,0,0,38
4694,50,49,2026-02-19,29.12,2509,76.92,1,Christopher Gomez,dcantrell@example.net,29,1,2,6,2024-08-13,SQL Course 49,4,1,62
4695,57,46,2025-04-29,72.22,2340,43.94,1,Ronald Ortiz,amanda87@example.org,31,1,0,1,2026-01-21,NLP Course 46,3,0,48
4696,704,11,2024-12-05,95.42,2671,61.43,5,Tamara Blake,matthewsjoe@example.com,30,0,2,2,2024-09-16,SQL Course 11,0,0,15
4697,766,38,2025-07-25,49.95,4187,52.1,2,Shane Jenkins,ehartman@example.org,28,0,1,3,2026-02-25,Computer Vision Course 38,4,0,32
4698,506,5,2026-07-05,21.21,1007,89.11,4,Ricky Rodriguez,jatkinson@example.org,34,1,0,0,2026-04-08,Computer Vision Course 5,6,1,55
4699,833,25,2024-11-07,43.22,4065,56.47,1,Thomas Kelly,tiffanyjohnson@example.com,20,1,0,4,2025-11-17,Data Science Course 25,7,1,51
4700,939,18,2025-03-04,97.64,3814,51.31,5,John Walker,thomas55@example.net,35,0,1,1,2024-11-13,Machine Learning Course 18,0,0,25
4701,341,30,2026-01-09,83.35,3596,99.36,1,Margaret Daniel,kimberly13@example.org,24,0,0,3,2024-08-22,Machine Learning Course 30,1,2,60
4702,835,49,2025-10-30,73.71,292,98.4,4,Mr. Thomas Huang MD,rpatterson@example.org,31,0,0,4,2025-02-21,SQL Course 49,4,1,62
4703,402,26,2026-02-21,57.95,1014,63.35,3,Andrew King,jasonguerra@example.net,33,0,0,3,2025-10-24,Computer Vision Course 26,7,1,22
4704,443,33,2026-01-29,94.2,1873,77.68,3,Margaret Hall,klamb@example.com,23,1,2,4,2026-07-04,Power BI Course 33,7,1,58
4705,212,47,2025-06-05,95.96,4783,77.58,3,Kimberly Woodard,douglasking@example.com,27,0,1,4,2024-08-20,SQL Course 47,5,2,40
4706,778,2,2025-04-18,77.71,1164,77.83,4,Lee Martin,sarah67@example.com,20,1,0,3,2025-06-14,Data Science Course 2,1,0,41
4707,59,23,2024-09-19,81.83,3199,58.59,1,Katelyn Gentry,zpeterson@example.com,19,0,0,3,2024-12-31,SQL Course 23,6,1,47
4708,845,31,2026-07-05,71.76,2532,81.96,5,John Rodgers,natalie21@example.org,19,1,1,6,2025-05-23,Computer Vision Course 31,4,0,67
4709,227,29,2025-11-11,67.54,4374,66.91,1,Christine Nelson,fjohnson@example.net,24,0,0,4,2025-10-09,Data Science Course 29,2,2,62
4710,32,7,2024-12-29,93.45,4749,90.45,5,Renee Burns,pattersonantonio@example.com,33,1,2,7,2024-11-15,Data Science Course 7,6,1,62
4711,14,7,2025-01-14,65.77,3937,91.19,4,Janice Hamilton,wmorton@example.net,31,1,0,3,2024-12-07,Data Science Course 7,6,1,62
4712,288,41,2025-10-11,24.12,1022,66.34,5,Kathryn Contreras,larry32@example.org,31,1,1,1,2024-12-18,Machine Learning Course 41,1,2,72
4713,986,24,2025-02-25,32.95,3172,56.2,1,Willie Martinez,steven69@example.net,34,1,1,4,2026-06-20,Computer Vision Course 24,5,2,21
4714,390,28,2025-03-05,97.72,1710,53.34,4,Jim Aguirre,folson@example.net,23,0,0,5,2025-01-14,SQL Course 28,5,0,57
4715,980,2,2025-10-25,30.98,2867,91.46,1,Carlos Harris,derrick77@example.org,26,0,0,0,2024-11-28,Data Science Course 2,1,0,41
4716,66,2,2025-12-18,28.65,2169,44.92,4,Joel Potter,kwhitney@example.net,25,1,0,4,2026-06-02,Data Science Course 2,1,0,41
4717,16,38,2025-12-30,51.6,4751,47.68,1,Nicole Hendricks,elizabeth27@example.com,24,0,0,2,2024-09-28,Computer Vision Course 38,4,0,32
4718,282,33,2024-07-26,44.39,1088,74.56,3,Christy King,nataliewagner@example.net,24,1,2,5,2025-08-23,Power BI Course 33,7,1,58
4719,951,28,2025-06-18,26.94,4759,55.48,2,Jennifer Flores,mpayne@example.org,35,0,0,6,2025-04-22,SQL Course 28,5,0,57
4720,915,33,2025-02-19,21.57,2226,79.34,2,Erik Booth,psmith@example.net,34,1,2,4,2024-12-04,Power BI Course 33,7,1,58
4721,373,13,2025-01-22,73.01,3748,80.19,4,Susan Huff,margaretsmith@example.net,22,0,0,2,2026-03-02,SQL Course 13,7,1,41
4722,808,22,2025-04-11,55.43,1855,78.71,1,Matthew Reid,thompsonchristy@example.com,35,1,0,6,2025-07-13,Computer Vision Course 22,0,2,49
4723,979,42,2024-09-22,50.94,544,62.07,5,Isaiah Ramos,spencebryan@example.net,26,0,0,2,2025-04-29,NLP Course 42,0,0,75
4724,878,8,2026-06-15,52.81,1504,79.25,3,Amy Lee,nsullivan@example.org,22,1,1,7,2026-02-26,Python Course 8,1,2,38
4725,366,34,2025-05-05,33.2,1586,84.3,1,Tracey Clark,harrisstephen@example.org,25,1,1,2,2026-05-07,SQL Course 34,6,2,57
4726,90,32,2026-02-01,58.01,1196,86.28,2,Marissa Young,waterscassie@example.com,28,1,0,6,2024-07-18,SQL Course 32,2,1,41
4727,542,46,2025-07-03,31.9,3788,59.28,3,Lisa Gonzalez,randyalvarado@example.org,19,1,1,2,2025-06-04,NLP Course 46,3,0,48
4728,298,10,2026-06-18,42.19,860,46.85,4,Heather Silva,brittany91@example.com,19,1,2,7,2026-06-13,Python Course 10,6,2,10
4729,103,12,2026-07-03,89.1,3641,51.86,4,Amy Russell,michaelyoung@example.com,35,1,1,6,2024-11-13,Deep Learning Course 12,5,2,57
4730,336,13,2025-04-17,99.09,421,92.94,4,Dr. Jessica Hardy DDS,courtneyrollins@example.com,33,0,2,7,2025-12-04,SQL Course 13,7,1,41
4731,474,13,2024-07-17,34.88,2662,43.83,3,Jennifer Hall,xbauer@example.com,22,1,1,1,2026-05-17,SQL Course 13,7,1,41
4732,636,7,2025-03-01,39.97,2342,73.71,2,Jamie Becker,cbentley@example.net,21,1,2,3,2024-11-27,Data Science Course 7,6,1,62
4733,602,23,2026-06-03,93.94,1977,96.39,1,Craig Miller,laura40@example.org,20,1,1,5,2024-08-30,SQL Course 23,6,1,47
4734,179,35,2024-11-12,91.65,2870,59.83,1,Jennifer Roberts,jenniferjones@example.org,31,1,2,0,2025-07-17,NLP Course 35,1,0,70
4735,613,26,2026-01-13,33.85,3113,78.54,2,Regina Holt,karenbartlett@example.com,23,0,0,2,2024-10-03,Computer Vision Course 26,7,1,22
4736,919,24,2025-08-10,83.55,1781,78.02,4,Tara Young,guerreronathan@example.net,21,0,0,0,2024-10-08,Computer Vision Course 24,5,2,21
4737,9,25,2025-12-07,52.22,1653,74.87,1,Samantha Rivera,laura03@example.com,20,1,1,2,2026-03-16,Data Science Course 25,7,1,51
4738,479,45,2025-10-03,99.18,3929,80.26,4,Jillian Reeves,robertdavis@example.org,22,0,0,3,2025-09-15,Power BI Course 45,0,1,69
4739,507,50,2024-08-30,35.68,4536,62.6,2,Chad Stone,jasonroberts@example.com,29,0,2,5,2024-11-23,Python Course 50,3,1,46
4740,603,17,2025-06-30,22.27,1565,64.49,2,Tina Ochoa,cshort@example.net,31,1,1,6,2025-09-23,Deep Learning Course 17,1,0,22
4741,355,44,2025-05-24,99.24,2744,43.9,3,Kaitlyn Serrano,ctaylor@example.org,32,0,1,4,2024-12-21,Computer Vision Course 44,1,2,29
4742,757,29,2025-10-26,70.81,4052,51.26,5,Carrie Galloway,stephanie47@example.net,31,1,1,3,2026-04-24,Data Science Course 29,2,2,62
4743,163,35,2025-05-05,40.08,1824,60.69,4,Joshua Perez,stephaniegeorge@example.org,32,1,2,6,2024-10-21,NLP Course 35,1,0,70
4744,756,45,2025-05-14,91.22,883,79.68,1,Robert Mccoy,kwilson@example.org,31,0,2,7,2025-09-12,Power BI Course 45,0,1,69
4745,837,32,2025-03-15,57.74,3347,90.55,2,David Peterson,kristin79@example.org,34,0,1,1,2025-07-23,SQL Course 32,2,1,41
4746,324,23,2026-04-17,91.67,521,64.44,4,Janice Brown,matthewcooley@example.org,26,1,0,6,2026-07-06,SQL Course 23,6,1,47
4747,559,5,2025-11-08,51.65,584,47.92,1,Teresa Pearson,walterrubio@example.net,29,0,2,5,2025-10-29,Computer Vision Course 5,6,1,55
4748,849,45,2026-04-23,87.36,3113,44.13,1,Pamela Garrett,ujenkins@example.net,18,1,0,3,2025-08-01,Power BI Course 45,0,1,69
4749,438,8,2026-03-19,46.79,2008,60.22,3,Maria Harris,melanie33@example.com,33,0,0,2,2026-07-11,Python Course 8,1,2,38
4750,677,16,2026-06-02,67.35,643,80.27,4,James Vasquez,thompsoneddie@example.org,31,0,1,3,2024-08-26,Deep Learning Course 16,5,0,68
4751,782,40,2025-02-18,85.02,1871,76.69,5,Matthew Marshall,anthonyolson@example.net,28,1,0,4,2024-09-23,Machine Learning Course 40,2,2,64
4752,991,23,2024-08-22,64.94,4886,59.85,3,Mitchell Adams,rware@example.org,30,1,0,0,2024-10-27,SQL Course 23,6,1,47
4753,883,17,2025-10-20,84.16,960,97.97,5,Samantha Glass,trevor64@example.org,27,1,1,2,2025-08-23,Deep Learning Course 17,1,0,22
4754,3,6,2026-01-29,61.02,4483,78.66,4,Ashley Osborne DDS,michaelsanchez@example.org,22,1,0,5,2024-10-18,Python Course 6,2,1,11
4755,343,32,2026-03-30,54.05,4855,63.3,1,Grant Jones,susan33@example.com,19,1,0,6,2025-12-19,SQL Course 32,2,1,41
4756,245,25,2026-07-04,87.13,3372,85.98,1,Jeff Smith,pmorris@example.com,27,1,1,5,2026-02-25,Data Science Course 25,7,1,51
4757,149,44,2025-09-11,53.12,4703,44.64,1,Laura Mejia,jack82@example.org,28,0,1,3,2025-10-22,Computer Vision Course 44,1,2,29
4758,333,28,2025-04-07,95.26,219,44.62,4,Joshua Houston,ecraig@example.net,18,0,1,6,2024-10-15,SQL Course 28,5,0,57
4759,621,45,2026-01-21,42.27,888,57.34,3,Tracy Reed,ykeith@example.com,33,0,2,5,2025-02-02,Power BI Course 45,0,1,69
4760,366,27,2025-11-06,70.35,989,74.41,5,Tracey Clark,harrisstephen@example.org,25,1,1,2,2026-05-07,Computer Vision Course 27,5,0,70
4761,700,20,2025-07-31,29.93,4384,79.66,4,Lisa Gonzalez,freemandawn@example.org,20,1,0,0,2025-06-27,Data Science Course 20,3,1,50
4762,181,43,2026-07-03,51.95,2158,41.22,2,Brian Mcconnell,jamesdixon@example.net,28,1,1,7,2026-04-02,Data Science Course 43,3,2,73
4763,382,26,2026-05-12,97.19,2261,40.94,3,Craig Martin,torresamber@example.net,34,0,0,2,2025-02-20,Computer Vision Course 26,7,1,22
4764,8,9,2025-11-22,66.57,4205,42.94,4,Greg Shaw,daniel29@example.org,24,1,2,7,2024-11-21,SQL Course 9,6,0,47
4765,73,50,2025-04-16,93.57,2835,57.6,3,Maria Diaz,valerie60@example.com,27,1,2,0,2025-06-13,Python Course 50,3,1,46
4766,925,18,2026-06-27,46.47,2727,95.28,1,Ronald Campbell,rebeccahampton@example.org,22,0,0,1,2024-08-08,Machine Learning Course 18,0,0,25
4767,689,44,2024-07-18,34.45,1761,68.51,5,Sandra Hoffman,jchen@example.com,18,0,2,1,2025-06-19,Computer Vision Course 44,1,2,29
4768,783,11,2025-04-01,35.93,2479,67.53,5,Shane Bentley,lindsaypruitt@example.org,27,0,2,7,2025-03-09,SQL Course 11,0,0,15
4769,855,19,2026-03-11,84.68,3517,98.01,1,James Soto,tracymarquez@example.org,19,1,0,5,2024-12-03,Machine Learning Course 19,0,0,37
4770,939,32,2026-06-15,28.81,585,83.81,3,John Walker,thomas55@example.net,35,0,1,1,2024-11-13,SQL Course 32,2,1,41
4771,490,25,2026-05-28,32.63,941,75.53,2,Devin Clark,dustinlindsey@example.net,34,1,0,5,2025-07-12,Data Science Course 25,7,1,51
4772,339,9,2026-06-24,44.1,4322,73.32,1,Jason Hansen,smithjoshua@example.com,31,1,1,4,2025-08-07,SQL Course 9,6,0,47
4773,11,28,2026-07-07,31.94,1964,42.19,5,George Durham,hansenanna@example.net,26,0,2,4,2025-10-05,SQL Course 28,5,0,57
4774,54,13,2024-07-24,44.76,1217,61.69,1,Alyssa Klein,wattscrystal@example.com,21,0,2,1,2024-07-30,SQL Course 13,7,1,41
4775,64,6,2025-07-13,59.54,2139,95.66,5,Rachel Little,joshua90@example.net,18,1,2,5,2025-07-09,Python Course 6,2,1,11
4776,955,34,2026-07-01,97.6,2811,78.7,5,Rebecca Zavala,mark71@example.com,27,1,2,0,2026-04-19,SQL Course 34,6,2,57
4777,227,18,2026-01-22,76.0,1998,48.51,4,Christine Nelson,fjohnson@example.net,24,0,0,4,2025-10-09,Machine Learning Course 18,0,0,25
4778,690,8,2025-08-06,74.83,659,80.95,4,Mrs. Elizabeth Thomas MD,vvelazquez@example.net,27,0,2,0,2025-03-04,Python Course 8,1,2,38
4779,443,20,2026-02-13,27.37,3603,44.09,1,Margaret Hall,klamb@example.com,23,1,2,4,2026-07-04,Data Science Course 20,3,1,50
4780,47,33,2026-03-24,36.9,4726,98.97,1,Shannon Martinez,karensampson@example.net,28,1,0,2,2026-04-13,Power BI Course 33,7,1,58
4781,894,32,2025-07-06,32.42,636,84.43,5,Adam Little,lhurley@example.net,27,0,0,2,2025-10-04,SQL Course 32,2,1,41
4782,893,42,2025-06-30,64.52,4850,77.9,2,Carly Costa DDS,smithmathew@example.com,24,0,1,7,2025-02-10,NLP Course 42,0,0,75
4783,836,15,2026-03-14,39.75,4706,52.74,5,Tammy Williams,thomas68@example.net,31,0,2,2,2026-06-04,Data Science Course 15,6,1,75
4784,449,8,2025-07-11,75.9,3200,61.6,3,Christian Burke,ubailey@example.net,35,1,2,3,2026-05-13,Python Course 8,1,2,38
4785,62,29,2025-10-19,72.05,3551,41.81,2,Diane Campbell,nicole07@example.org,34,0,2,7,2025-10-18,Data Science Course 29,2,2,62
4786,52,17,2025-11-24,78.18,2586,76.58,5,Kyle Acosta,nicole41@example.org,18,0,1,2,2025-07-14,Deep Learning Course 17,1,0,22
4787,92,5,2024-10-28,38.03,3250,73.55,5,Madison Calderon,perezsamantha@example.net,24,0,0,3,2024-10-06,Computer Vision Course 5,6,1,55
4788,719,37,2025-03-21,61.15,4542,59.41,5,Lorraine Monroe,lauriewilliams@example.net,19,1,1,3,2026-06-28,SQL Course 37,0,0,38
4789,666,11,2024-08-29,25.21,1067,69.96,4,Dawn Griffith,peterhernandez@example.com,31,1,1,6,2025-07-18,SQL Course 11,0,0,15
4790,326,19,2025-04-01,79.35,1006,64.5,3,Rachel Cook,scruz@example.net,19,1,1,1,2025-02-28,Machine Learning Course 19,0,0,37
4791,292,47,2026-06-01,25.04,2519,97.51,5,Emily Navarro,reyesamber@example.net,26,0,1,5,2024-11-07,SQL Course 47,5,2,40
4792,124,10,2025-08-17,46.95,3360,64.26,3,Cheryl Wolfe,lori58@example.org,24,1,2,4,2024-11-16,Python Course 10,6,2,10
4793,393,27,2026-05-11,66.69,3281,46.7,5,Tiffany Welch,haroldpowell@example.org,31,0,0,1,2024-09-02,Computer Vision Course 27,5,0,70
4794,209,22,2026-02-14,95.9,566,89.78,3,Brenda Lopez,lindseygonzalez@example.net,32,0,0,2,2025-04-09,Computer Vision Course 22,0,2,49
4795,229,24,2026-04-25,83.45,3804,80.15,3,Rodney Johnson,nicholasphillips@example.net,34,1,0,2,2025-08-14,Computer Vision Course 24,5,2,21
4796,734,11,2026-06-08,50.03,2119,87.13,5,Robert Richmond,williamsrichard@example.net,20,0,0,3,2024-08-01,SQL Course 11,0,0,15
4797,417,32,2025-02-23,58.94,3895,81.88,2,Lisa Hudson,justin95@example.org,23,1,1,4,2025-12-10,SQL Course 32,2,1,41
4798,820,29,2025-09-05,83.92,2075,81.9,5,Robert Page,latoyanovak@example.org,26,1,1,3,2024-07-28,Data Science Course 29,2,2,62
4799,193,6,2024-08-14,53.09,4380,55.0,5,Gregory Maldonado,reyesjoseph@example.com,35,0,0,3,2025-02-14,Python Course 6,2,1,11
4800,980,29,2025-12-02,38.34,551,71.47,2,Carlos Harris,derrick77@example.org,26,0,0,0,2024-11-28,Data Science Course 29,2,2,62
4801,14,38,2026-06-06,26.65,3787,69.47,5,Janice Hamilton,wmorton@example.net,31,1,0,3,2024-12-07,Computer Vision Course 38,4,0,32
4802,903,17,2026-02-15,81.61,4203,80.26,4,Lee Ramirez,jenkinscaitlin@example.com,34,0,2,1,2024-10-28,Deep Learning Course 17,1,0,22
4803,976,11,2025-09-25,96.23,3825,69.91,4,James Mcbride,asmith@example.com,28,0,2,4,2026-05-29,SQL Course 11,0,0,15
4804,238,36,2026-04-18,59.2,247,63.92,4,Raymond Johnson,petersonryan@example.net,35,0,1,7,2024-08-01,Computer Vision Course 36,2,0,77
4805,358,34,2026-03-16,74.85,3219,80.82,3,James Riley,arobinson@example.com,23,0,0,0,2026-02-02,SQL Course 34,6,2,57
4806,322,37,2026-06-27,83.43,2689,69.96,2,Benjamin Vaughn,martinmelinda@example.net,33,0,0,2,2024-07-18,SQL Course 37,0,0,38
4807,363,43,2025-03-11,34.72,2078,52.63,4,Victor House,hlewis@example.net,18,0,2,7,2026-01-01,Data Science Course 43,3,2,73
4808,46,46,2026-03-01,45.57,3400,89.3,5,Cassandra Sherman,barberdonna@example.net,31,1,1,2,2025-05-07,NLP Course 46,3,0,48
4809,379,45,2024-12-12,66.12,3990,58.58,1,Travis Hatfield,wbush@example.org,18,1,1,4,2025-03-17,Power BI Course 45,0,1,69
4810,700,12,2026-07-11,65.09,4221,93.06,2,Lisa Gonzalez,freemandawn@example.org,20,1,0,0,2025-06-27,Deep Learning Course 12,5,2,57
4811,893,28,2026-03-07,80.33,3632,90.04,4,Carly Costa DDS,smithmathew@example.com,24,0,1,7,2025-02-10,SQL Course 28,5,0,57
4812,476,3,2025-07-19,69.79,727,92.46,5,Debra Anderson,wilsonjonathon@example.org,34,0,0,1,2026-03-11,Python Course 3,3,2,52
4813,272,14,2026-03-03,49.38,4266,69.07,3,Jeffrey Hahn,beverly65@example.org,34,0,0,3,2025-01-15,Python Course 14,1,1,43
4814,675,26,2025-08-08,37.88,172,65.65,2,Phyllis French,elizabeth69@example.org,26,0,0,0,2025-01-23,Computer Vision Course 26,7,1,22
4815,203,9,2026-05-24,34.8,2612,96.72,1,Mr. Sergio Trevino,creed@example.net,33,0,0,7,2025-10-30,SQL Course 9,6,0,47
4816,823,25,2025-09-09,65.75,4967,43.28,1,David Torres,fburnett@example.com,31,0,1,0,2025-03-09,Data Science Course 25,7,1,51
4817,869,8,2026-04-18,55.26,3071,60.47,1,Cheryl Jacobs,wyattmitchell@example.net,18,1,1,7,2026-04-01,Python Course 8,1,2,38
4818,670,22,2026-01-14,96.65,2140,88.02,1,Brianna Smith,salinasedward@example.com,33,0,2,3,2024-07-21,Computer Vision Course 22,0,2,49
4819,947,28,2025-01-24,59.69,1352,67.43,4,Yolanda Johnson,campbellbrian@example.net,19,1,1,3,2025-03-09,SQL Course 28,5,0,57
4820,46,41,2026-04-27,76.59,3174,84.25,5,Cassandra Sherman,barberdonna@example.net,31,1,1,2,2025-05-07,Machine Learning Course 41,1,2,72
4821,785,47,2024-12-13,92.22,4907,88.17,5,John Anthony,lozanojessica@example.org,25,1,2,5,2026-06-10,SQL Course 47,5,2,40
4822,967,3,2025-12-31,88.34,3318,91.12,4,James Lambert,yjohnson@example.com,18,1,1,6,2024-11-22,Python Course 3,3,2,52
4823,259,12,2025-11-25,52.58,518,77.47,1,Monica Andrews,susan00@example.net,29,1,2,5,2025-11-11,Deep Learning Course 12,5,2,57
4824,923,13,2025-11-05,38.3,633,90.38,2,Jacob Gutierrez,susanmiller@example.org,34,1,0,2,2026-06-24,SQL Course 13,7,1,41
4825,150,17,2024-10-26,60.05,1193,46.53,4,Veronica Harris,madison69@example.net,28,0,1,0,2024-10-09,Deep Learning Course 17,1,0,22
4826,485,22,2024-08-10,61.84,3069,76.04,2,Douglas Thompson,jodicooper@example.org,29,0,1,4,2025-09-28,Computer Vision Course 22,0,2,49
4827,680,13,2024-10-31,55.69,809,65.39,2,Jackie Frank,elizabethnguyen@example.org,21,1,1,2,2024-12-11,SQL Course 13,7,1,41
4828,138,36,2024-12-26,76.99,2794,85.42,2,Jesse Thompson,sheena62@example.net,21,0,0,7,2024-11-13,Computer Vision Course 36,2,0,77
4829,521,37,2025-06-29,97.5,1808,79.48,2,Brandon Crawford,wesleymckee@example.org,21,0,1,3,2026-06-24,SQL Course 37,0,0,38
4830,47,20,2025-09-22,76.41,3921,93.18,2,Shannon Martinez,karensampson@example.net,28,1,0,2,2026-04-13,Data Science Course 20,3,1,50
4831,888,10,2026-03-27,86.97,1330,62.41,2,Terry Bell,kwilliams@example.org,23,0,0,6,2024-09-15,Python Course 10,6,2,10
4832,750,29,2026-03-22,53.98,3672,75.91,2,Jill Frye,richard44@example.net,21,0,0,6,2026-05-12,Data Science Course 29,2,2,62
4833,256,21,2025-01-20,64.57,336,58.23,1,Shannon Rogers,mark58@example.org,34,0,2,1,2025-09-14,Data Science Course 21,0,0,66
4834,330,26,2026-03-16,68.81,3548,49.11,4,Yvonne Martinez,lisa90@example.org,34,1,0,6,2025-08-17,Computer Vision Course 26,7,1,22
4835,460,3,2026-05-13,73.61,441,81.67,5,Jenny Compton,baileykristi@example.com,18,0,2,7,2024-08-07,Python Course 3,3,2,52
4836,41,21,2025-07-29,23.56,2179,45.89,3,Kelly Harris,amandahall@example.com,29,1,2,3,2025-10-31,Data Science Course 21,0,0,66
4837,720,50,2025-05-22,28.17,1565,83.77,1,Kristine Torres,coxcory@example.com,21,0,2,2,2025-06-06,Python Course 50,3,1,46
4838,703,35,2026-07-12,26.63,3914,57.23,4,John Harper,yvillegas@example.org,25,1,2,0,2025-05-25,NLP Course 35,1,0,70
4839,538,19,2024-11-30,63.87,2487,91.01,2,Brian Allen,qjones@example.org,24,1,2,3,2025-02-17,Machine Learning Course 19,0,0,37
4840,901,20,2025-03-31,97.01,336,73.89,3,Michael Gonzalez,landryjohn@example.org,20,1,2,4,2024-10-20,Data Science Course 20,3,1,50
4841,984,4,2025-03-09,64.61,3035,69.03,3,Brian Hall,samanthaodom@example.org,27,1,0,5,2024-07-27,Power BI Course 4,1,0,23
4842,387,2,2025-07-07,87.57,3067,41.59,5,Robert Wright,allisondavis@example.org,27,1,2,2,2026-02-13,Data Science Course 2,1,0,41
4843,752,50,2025-12-15,84.55,2035,92.2,5,Jordan Wiggins,williamsoncassandra@example.net,34,0,2,6,2025-03-17,Python Course 50,3,1,46
4844,364,30,2026-06-15,65.62,4550,79.97,2,Patricia Mccoy,brookecannon@example.net,23,0,0,0,2025-04-15,Machine Learning Course 30,1,2,60
4845,134,41,2025-05-11,54.08,1323,90.62,5,David Morgan,greenejulia@example.org,35,1,1,2,2025-08-27,Machine Learning Course 41,1,2,72
4846,307,21,2025-10-31,82.26,3563,42.45,2,Phillip Cervantes,teresalane@example.com,22,0,1,3,2025-11-14,Data Science Course 21,0,0,66
4847,128,33,2025-04-04,67.45,915,56.13,2,Kathryn Ruiz,mossjoseph@example.net,32,0,0,2,2025-11-11,Power BI Course 33,7,1,58
4848,398,19,2024-07-18,23.94,2980,60.02,2,Ricardo Garcia,tmorris@example.net,31,0,0,5,2025-10-18,Machine Learning Course 19,0,0,37
4849,168,49,2024-11-07,21.26,1989,91.11,2,Sharon Massey,kurt90@example.org,32,1,2,0,2025-06-10,SQL Course 49,4,1,62
4850,108,8,2024-10-10,34.88,365,97.66,2,Christopher Grimes,teresacohen@example.com,22,0,0,1,2024-09-18,Python Course 8,1,2,38
4851,799,10,2026-02-20,59.11,3057,82.98,5,Matthew Taylor,herrerajamie@example.org,30,1,1,7,2026-04-15,Python Course 10,6,2,10
4852,917,46,2024-10-19,59.5,4812,46.75,5,Christopher Foster,yford@example.org,23,1,1,7,2025-12-21,NLP Course 46,3,0,48
4853,856,38,2025-03-19,26.29,983,72.62,4,Mark Baker,michelejohnson@example.net,18,1,2,6,2025-04-10,Computer Vision Course 38,4,0,32
4854,344,37,2024-10-23,98.3,522,41.77,5,Alison Campbell,bdixon@example.net,27,0,2,0,2026-02-12,SQL Course 37,0,0,38
4855,217,7,2025-02-13,32.11,4261,47.92,4,Mary Carey,jenniferprice@example.org,31,1,2,5,2026-01-02,Data Science Course 7,6,1,62
4856,889,6,2026-06-24,45.53,3147,65.7,5,Matthew Young,warrenwilliam@example.net,30,0,2,7,2026-05-07,Python Course 6,2,1,11
4857,225,21,2025-05-25,81.17,1615,56.78,1,Kimberly Krueger,jenniferpeterson@example.com,33,0,2,1,2024-10-08,Data Science Course 21,0,0,66
4858,800,12,2025-09-08,90.96,3806,64.52,3,Steven Johnson,michaelmaddox@example.com,19,1,0,2,2025-02-01,Deep Learning Course 12,5,2,57
4859,958,40,2025-09-30,38.08,4308,99.74,2,Ronald Chen,natalie64@example.com,29,1,2,7,2026-07-09,Machine Learning Course 40,2,2,64
4860,62,9,2026-04-09,24.45,3199,85.87,1,Diane Campbell,nicole07@example.org,34,0,2,7,2025-10-18,SQL Course 9,6,0,47
4861,976,19,2024-09-28,85.07,777,76.59,1,James Mcbride,asmith@example.com,28,0,2,4,2026-05-29,Machine Learning Course 19,0,0,37
4862,149,13,2025-04-15,79.59,3179,70.92,2,Laura Mejia,jack82@example.org,28,0,1,3,2025-10-22,SQL Course 13,7,1,41
4863,488,44,2026-02-22,20.32,1792,59.56,3,Edward Sanford,hintonricky@example.com,28,1,2,3,2026-06-16,Computer Vision Course 44,1,2,29
4864,724,21,2026-04-08,84.7,896,94.62,2,Vanessa Zamora,davidthornton@example.org,18,1,2,4,2025-03-20,Data Science Course 21,0,0,66
4865,465,21,2025-05-07,26.43,1990,81.0,4,Daniel Lang,ibarker@example.net,35,0,2,7,2024-07-19,Data Science Course 21,0,0,66
4866,183,6,2025-06-21,66.15,2680,82.38,3,Ashley Brown,hinesstephen@example.org,32,0,1,3,2025-12-16,Python Course 6,2,1,11
4867,625,12,2025-10-13,76.55,3338,92.16,1,Kelsey Sullivan,kevinnewton@example.net,29,1,0,3,2026-01-19,Deep Learning Course 12,5,2,57
4868,827,37,2026-04-01,25.9,877,74.3,3,Robin Mccullough,catherinedaniels@example.org,30,1,0,5,2026-04-02,SQL Course 37,0,0,38
4869,234,6,2024-07-28,82.74,2763,49.52,2,Mackenzie Bush,kenneth17@example.com,26,0,1,6,2024-12-31,Python Course 6,2,1,11
4870,170,43,2025-09-22,34.36,1435,94.96,2,Nicole Maldonado,cjones@example.org,35,1,2,1,2025-10-28,Data Science Course 43,3,2,73
4871,425,4,2025-07-11,60.85,2495,86.35,2,Daniel Cherry,herbert42@example.org,20,0,2,5,2025-12-12,Power BI Course 4,1,0,23
4872,859,49,2026-02-20,56.69,3322,71.03,4,Evan Baker,leechristopher@example.net,20,1,2,5,2024-08-31,SQL Course 49,4,1,62
4873,352,22,2024-11-21,67.72,4866,40.82,2,Kevin Chandler,kimberlyjohnson@example.net,25,0,1,3,2025-06-26,Computer Vision Course 22,0,2,49
4874,244,43,2025-10-02,33.74,3784,50.74,2,Todd Myers,don31@example.org,19,0,2,3,2026-01-24,Data Science Course 43,3,2,73
4875,999,21,2026-03-26,82.56,1201,50.31,5,Brittany Hall,washingtoncynthia@example.net,28,0,0,4,2026-03-20,Data Science Course 21,0,0,66
4876,998,19,2025-04-25,40.66,4934,62.74,3,Robert Hughes,bethking@example.net,27,0,2,3,2024-09-24,Machine Learning Course 19,0,0,37
4877,232,20,2025-03-08,60.73,3834,90.42,2,Brianna Thomas,megan65@example.org,33,0,1,5,2026-02-19,Data Science Course 20,3,1,50
4878,748,47,2024-08-19,23.63,1779,61.78,1,Denise Phillips,mmontgomery@example.com,27,0,2,3,2025-07-26,SQL Course 47,5,2,40
4879,304,26,2024-09-26,29.91,1095,40.1,5,Deborah Reed,ttorres@example.org,27,1,1,1,2025-05-14,Computer Vision Course 26,7,1,22
4880,2,48,2024-12-19,40.54,1659,61.04,4,Sandra Gonzalez,amandacampos@example.org,32,0,1,7,2024-10-04,Power BI Course 48,7,2,62
4881,857,46,2025-01-19,76.02,3714,91.71,1,Michael Williams,joseph84@example.org,21,0,1,7,2025-01-15,NLP Course 46,3,0,48
4882,765,35,2024-08-07,85.8,2764,72.05,1,Kenneth Campos,theodorewilliams@example.net,27,0,2,6,2024-10-11,NLP Course 35,1,0,70
4883,672,31,2025-10-23,28.7,4665,74.37,2,Tammy Mcgrath,jessica07@example.org,35,0,1,3,2024-09-15,Computer Vision Course 31,4,0,67
4884,954,8,2024-08-08,97.23,4063,67.52,4,Stephen Johnson,dominiquethomas@example.net,22,0,1,1,2024-11-02,Python Course 8,1,2,38
4885,839,37,2025-06-06,55.16,3940,58.84,2,Annette Miller,randyoneal@example.net,35,0,1,6,2025-08-11,SQL Course 37,0,0,38
4886,300,44,2025-12-11,92.41,2496,75.04,4,Nicole Edwards,davidbrown@example.com,30,0,2,3,2025-07-18,Computer Vision Course 44,1,2,29
4887,440,26,2026-02-28,75.4,4677,40.38,2,Anthony Elliott,tlee@example.org,33,1,2,0,2025-11-08,Computer Vision Course 26,7,1,22
4888,524,30,2025-02-03,37.54,2527,47.7,2,Lauren Howard,walter27@example.org,19,1,0,1,2024-09-10,Machine Learning Course 30,1,2,60
4889,793,48,2026-03-29,49.92,145,93.11,3,Brian Perez,smithjulia@example.net,21,1,1,0,2025-10-22,Power BI Course 48,7,2,62
4890,369,25,2026-03-07,59.83,433,64.14,2,Mary Avila,hpatton@example.org,29,0,0,5,2025-12-12,Data Science Course 25,7,1,51
4891,556,11,2024-09-03,64.34,117,46.13,3,Molly Stewart,jennifer85@example.org,18,0,1,5,2026-03-13,SQL Course 11,0,0,15
4892,124,33,2026-06-10,54.96,3617,87.18,4,Cheryl Wolfe,lori58@example.org,24,1,2,4,2024-11-16,Power BI Course 33,7,1,58
4893,775,34,2024-11-10,32.74,180,96.69,2,John Wilson,melinda38@example.com,22,1,0,0,2026-06-19,SQL Course 34,6,2,57
4894,281,39,2026-01-31,54.77,963,72.29,2,Jennifer Dunlap,michellenorris@example.net,19,0,2,2,2024-10-27,Power BI Course 39,4,2,33
4895,566,23,2025-12-26,26.77,1533,78.17,1,Kelly Martin,debbie91@example.org,22,0,2,2,2025-12-24,SQL Course 23,6,1,47
4896,82,35,2026-07-10,59.79,2133,99.6,2,Kevin Johnston,amandacook@example.net,32,1,0,0,2025-12-04,NLP Course 35,1,0,70
4897,295,46,2025-02-12,42.97,4687,55.88,4,Stacey Baker,thomasrice@example.com,19,1,2,7,2026-04-13,NLP Course 46,3,0,48
4898,295,36,2025-10-05,55.79,1106,89.19,5,Stacey Baker,thomasrice@example.com,19,1,2,7,2026-04-13,Computer Vision Course 36,2,0,77
4899,266,48,2025-04-12,83.73,4452,80.63,1,James Bonilla,jeffery90@example.org,18,0,0,3,2025-03-19,Power BI Course 48,7,2,62
4900,241,26,2025-06-05,28.31,4671,83.45,3,Ashley Wilson,davidlopez@example.com,29,1,1,5,2025-11-15,Computer Vision Course 26,7,1,22
4901,627,40,2024-12-02,31.69,964,47.74,2,Amy Hunter,tracy90@example.com,31,1,0,3,2026-03-20,Machine Learning Course 40,2,2,64
4902,578,12,2024-09-12,46.8,4562,60.15,4,Victoria Williams,kellis@example.com,32,0,2,1,2024-08-15,Deep Learning Course 12,5,2,57
4903,459,13,2025-07-23,37.36,4180,47.74,4,Thomas Wood,heatherphillips@example.net,34,0,1,6,2026-02-26,SQL Course 13,7,1,41
4904,490,38,2024-11-25,84.66,2472,57.08,2,Devin Clark,dustinlindsey@example.net,34,1,0,5,2025-07-12,Computer Vision Course 38,4,0,32
4905,693,44,2024-11-14,88.6,3062,78.13,5,Gary Walsh,kevinmoore@example.net,35,1,0,2,2026-03-09,Computer Vision Course 44,1,2,29
4906,283,9,2025-03-16,77.61,2842,57.62,1,Jesus Rocha,newmanjoanna@example.net,31,0,0,1,2026-01-30,SQL Course 9,6,0,47
4907,469,48,2024-09-20,21.5,1923,74.73,5,Cory Mcdowell,michael02@example.com,22,0,0,5,2025-08-05,Power BI Course 48,7,2,62
4908,499,19,2024-12-22,60.84,4792,67.0,1,Michaela Brown,kevin19@example.com,26,1,0,2,2026-03-08,Machine Learning Course 19,0,0,37
4909,336,16,2025-12-23,52.14,4288,83.16,1,Dr. Jessica Hardy DDS,courtneyrollins@example.com,33,0,2,7,2025-12-04,Deep Learning Course 16,5,0,68
4910,45,29,2025-11-05,62.29,4758,81.86,5,Maria Fernandez,matthew27@example.org,34,0,2,7,2025-09-20,Data Science Course 29,2,2,62
4911,379,14,2026-03-08,78.78,541,64.93,5,Travis Hatfield,wbush@example.org,18,1,1,4,2025-03-17,Python Course 14,1,1,43
4912,240,37,2025-04-14,75.64,247,50.91,3,Haley Watson,osimpson@example.net,33,0,1,7,2026-07-07,SQL Course 37,0,0,38
4913,766,8,2024-09-13,94.37,1004,79.96,5,Shane Jenkins,ehartman@example.org,28,0,1,3,2026-02-25,Python Course 8,1,2,38
4914,167,3,2025-05-27,58.79,3555,40.03,5,Marie Price,stephaniepark@example.net,35,0,2,7,2025-05-22,Python Course 3,3,2,52
4915,605,24,2025-03-07,78.58,1732,78.05,4,Eric Smith,laura40@example.com,30,1,2,6,2026-06-21,Computer Vision Course 24,5,2,21
4916,899,34,2025-09-08,64.87,4761,77.31,2,Jeremiah Williamson,jason93@example.org,25,0,0,5,2025-02-22,SQL Course 34,6,2,57
4917,223,49,2026-03-18,84.7,2283,54.13,2,Margaret Ballard,ferrelldaniel@example.com,34,1,1,7,2024-07-14,SQL Course 49,4,1,62
4918,301,28,2026-05-31,58.93,3666,53.81,3,Carol Miller,hwatson@example.com,35,1,0,6,2025-09-14,SQL Course 28,5,0,57
4919,384,45,2025-08-07,33.73,1197,57.14,5,Dawn Moran,ivega@example.com,20,0,1,3,2025-11-26,Power BI Course 45,0,1,69
4920,736,26,2025-03-05,31.34,4228,66.75,1,Jennifer Peters,heather38@example.net,22,1,0,6,2025-02-26,Computer Vision Course 26,7,1,22
4921,529,14,2025-12-24,89.22,4905,87.78,2,Paul Brock,gortiz@example.org,23,0,1,4,2024-07-23,Python Course 14,1,1,43
4922,584,44,2025-12-02,91.18,2476,63.63,1,Jacob Luna,nixonjared@example.com,32,1,2,0,2025-02-25,Computer Vision Course 44,1,2,29
4923,292,21,2025-03-12,94.96,1470,65.06,1,Emily Navarro,reyesamber@example.net,26,0,1,5,2024-11-07,Data Science Course 21,0,0,66
4924,941,28,2024-10-05,65.58,229,44.97,1,Christian Thompson,cooleymichael@example.net,20,1,0,6,2026-04-02,SQL Course 28,5,0,57
4925,286,41,2024-12-21,25.81,4718,63.83,1,Lisa Hopkins,joseph32@example.net,22,1,2,1,2024-09-26,Machine Learning Course 41,1,2,72
4926,702,42,2025-05-25,57.61,520,76.13,1,Kenneth Ibarra,kristen18@example.org,30,1,2,5,2025-04-30,NLP Course 42,0,0,75
4927,329,15,2024-08-25,71.68,3998,50.82,4,James Stevenson,cathy21@example.com,29,0,2,1,2025-05-07,Data Science Course 15,6,1,75
4928,580,26,2024-12-02,41.28,3779,58.48,2,William Wilson,imiller@example.org,31,1,1,6,2025-12-08,Computer Vision Course 26,7,1,22
4929,783,15,2025-09-30,45.15,1991,60.01,3,Shane Bentley,lindsaypruitt@example.org,27,0,2,7,2025-03-09,Data Science Course 15,6,1,75
4930,796,23,2025-09-26,54.06,4096,55.54,5,Bethany Hernandez,scottgreen@example.org,34,0,2,5,2025-01-28,SQL Course 23,6,1,47
4931,941,33,2025-03-30,93.89,1388,86.18,2,Christian Thompson,cooleymichael@example.net,20,1,0,6,2026-04-02,Power BI Course 33,7,1,58
4932,270,9,2025-09-01,54.53,1874,45.56,1,Travis Howard,dianabrown@example.org,24,0,1,4,2026-03-07,SQL Course 9,6,0,47
4933,306,43,2025-12-23,86.88,73,90.8,1,Timothy Buckley,warewesley@example.org,18,1,1,4,2025-09-07,Data Science Course 43,3,2,73
4934,861,20,2026-05-14,84.18,4733,73.7,3,William Brown,mmorales@example.org,30,1,2,5,2025-03-12,Data Science Course 20,3,1,50
4935,113,23,2025-09-08,35.07,3098,61.21,3,Linda Moreno,joshua95@example.net,25,0,1,1,2025-10-11,SQL Course 23,6,1,47
4936,939,4,2024-08-13,64.61,4168,98.6,3,John Walker,thomas55@example.net,35,0,1,1,2024-11-13,Power BI Course 4,1,0,23
4937,427,24,2025-01-20,41.34,4567,67.18,1,Ashley Gibson,walkerelizabeth@example.org,26,0,2,6,2026-03-22,Computer Vision Course 24,5,2,21
4938,903,3,2024-09-07,21.71,3774,48.05,4,Lee Ramirez,jenkinscaitlin@example.com,34,0,2,1,2024-10-28,Python Course 3,3,2,52
4939,531,47,2024-08-31,96.23,3428,58.78,1,Heather Kelly,justincombs@example.net,35,0,1,5,2024-12-15,SQL Course 47,5,2,40
4940,428,8,2025-08-19,82.08,2893,94.01,3,Cheryl Novak,jenniferward@example.net,24,1,1,5,2025-06-30,Python Course 8,1,2,38
4941,618,7,2025-09-25,59.64,2228,48.82,4,Samantha Jimenez,annhicks@example.com,29,0,0,5,2024-08-18,Data Science Course 7,6,1,62
4942,6,24,2024-10-03,84.02,2151,78.77,2,Gerald Oliver,ann79@example.com,31,1,1,7,2025-01-26,Computer Vision Course 24,5,2,21
4943,853,17,2025-04-30,56.51,4207,93.39,2,Stacy Sparks,agarcia@example.com,27,1,2,7,2024-12-06,Deep Learning Course 17,1,0,22
4944,193,9,2026-01-30,97.45,4877,96.34,3,Gregory Maldonado,reyesjoseph@example.com,35,0,0,3,2025-02-14,SQL Course 9,6,0,47
4945,69,18,2025-07-04,54.15,3817,73.96,1,James Davis,lesliemann@example.org,35,1,1,6,2026-02-11,Machine Learning Course 18,0,0,25
4946,674,49,2025-12-03,57.92,1405,57.71,3,Luis Lopez,karen57@example.org,23,1,0,0,2025-03-24,SQL Course 49,4,1,62
4947,506,48,2026-05-18,21.06,2105,58.28,5,Ricky Rodriguez,jatkinson@example.org,34,1,0,0,2026-04-08,Power BI Course 48,7,2,62
4948,332,13,2024-09-24,98.49,1454,67.43,3,Drew Osborne,martinjulie@example.org,32,1,0,5,2025-10-13,SQL Course 13,7,1,41
4949,740,5,2024-11-10,95.03,329,48.11,1,Timothy Mcgee,bchristensen@example.net,21,0,0,6,2026-04-06,Computer Vision Course 5,6,1,55
4950,20,16,2024-09-21,93.95,1886,80.93,2,Rebecca Rosales,blakecharles@example.net,28,1,0,6,2025-09-30,Deep Learning Course 16,5,0,68
4951,153,41,2025-05-26,66.2,2904,49.17,4,Shannon Wilkerson,thomasstephanie@example.org,33,1,1,0,2024-12-07,Machine Learning Course 41,1,2,72
4952,992,50,2026-06-22,25.21,3190,57.48,1,Jamie Thompson,kevinskinner@example.org,28,1,0,1,2024-10-07,Python Course 50,3,1,46
4953,465,6,2026-04-07,98.09,2207,49.04,1,Daniel Lang,ibarker@example.net,35,0,2,7,2024-07-19,Python Course 6,2,1,11
4954,717,45,2024-09-20,35.43,4297,76.7,4,Ryan Williams,xmarks@example.com,32,0,2,7,2026-01-28,Power BI Course 45,0,1,69
4955,851,50,2025-12-16,57.71,4823,59.13,2,Brian Fields,jacqueline19@example.org,22,0,1,3,2025-03-31,Python Course 50,3,1,46
4956,764,29,2025-04-30,67.83,1066,93.18,1,Michael Schroeder,lewisvanessa@example.net,19,0,2,1,2025-01-06,Data Science Course 29,2,2,62
4957,438,9,2025-12-04,50.49,2783,41.75,4,Maria Harris,melanie33@example.com,33,0,0,2,2026-07-11,SQL Course 9,6,0,47
4958,371,21,2026-01-24,94.53,3893,99.74,3,Heather Kelley,angiewagner@example.com,35,1,2,7,2025-08-12,Data Science Course 21,0,0,66
4959,867,48,2026-01-19,26.29,1109,67.25,2,Kara Garcia,riosthomas@example.net,29,1,1,0,2025-10-07,Power BI Course 48,7,2,62
4960,207,1,2025-09-03,87.14,2835,70.29,1,Carrie Jones,efoster@example.org,25,1,0,1,2025-11-26,Power BI Course 1,3,1,21
4961,861,6,2026-03-06,75.67,4659,70.67,5,William Brown,mmorales@example.org,30,1,2,5,2025-03-12,Python Course 6,2,1,11
4962,221,3,2025-07-11,77.73,1948,69.54,4,Denise Davis,lisa35@example.net,27,0,0,1,2024-10-23,Python Course 3,3,2,52
4963,241,33,2024-12-11,54.39,3346,69.2,4,Ashley Wilson,davidlopez@example.com,29,1,1,5,2025-11-15,Power BI Course 33,7,1,58
4964,59,31,2025-04-01,28.07,1902,45.1,5,Katelyn Gentry,zpeterson@example.com,19,0,0,3,2024-12-31,Computer Vision Course 31,4,0,67
4965,942,17,2026-03-30,43.34,4215,75.9,2,Jill Webb,rasmussenmorgan@example.org,21,1,1,3,2025-04-13,Deep Learning Course 17,1,0,22
4966,31,27,2025-11-30,84.23,2769,70.44,4,Theresa Stephenson,zhull@example.org,31,0,2,1,2024-09-05,Computer Vision Course 27,5,0,70
4967,203,43,2026-04-05,76.59,3892,85.67,5,Mr. Sergio Trevino,creed@example.net,33,0,0,7,2025-10-30,Data Science Course 43,3,2,73
4968,966,15,2025-06-07,55.96,2567,94.66,2,James Sanchez,pthomas@example.org,18,1,2,1,2025-04-12,Data Science Course 15,6,1,75
4969,18,45,2026-01-20,66.91,823,58.99,2,Linda Webster,andrew18@example.net,19,1,2,1,2025-08-16,Power BI Course 45,0,1,69
4970,7,20,2025-05-14,24.1,1292,95.45,1,Anna Wilson,rsanchez@example.org,26,0,0,7,2025-01-24,Data Science Course 20,3,1,50
4971,830,49,2024-07-18,53.97,4706,59.79,5,Tommy Weber,rebeccarodriguez@example.org,18,0,1,2,2024-08-14,SQL Course 49,4,1,62
4972,37,2,2026-06-08,82.16,3878,79.63,4,Cameron Wood Jr.,ashleyvaldez@example.org,29,1,2,3,2024-09-06,Data Science Course 2,1,0,41
4973,769,35,2025-08-02,90.35,1815,79.72,4,Joseph Donovan,dakota55@example.org,27,0,1,7,2024-11-17,NLP Course 35,1,0,70
4974,154,2,2025-06-11,30.41,2844,91.92,2,Hunter Terry,anthonyguerrero@example.net,18,0,0,7,2025-05-30,Data Science Course 2,1,0,41
4975,737,4,2025-03-24,85.57,3713,94.33,4,Shaun Gonzalez,thomasdarren@example.org,29,0,0,1,2025-04-10,Power BI Course 4,1,0,23
4976,971,46,2025-08-10,29.09,4853,58.66,3,Robert Smith,megannorton@example.org,22,0,2,4,2025-07-30,NLP Course 46,3,0,48
4977,99,10,2024-09-25,51.59,4184,42.66,2,Kimberly Williams,hicksanthony@example.com,20,0,0,3,2025-09-06,Python Course 10,6,2,10
4978,409,12,2025-10-22,31.94,3562,57.52,4,Christina Reynolds,yvonnemartinez@example.net,24,1,1,2,2026-07-04,Deep Learning Course 12,5,2,57
4979,350,1,2026-03-30,64.16,2343,51.87,1,Hunter Wallace,greenbryan@example.com,20,1,2,5,2025-03-09,Power BI Course 1,3,1,21
4980,760,11,2024-12-14,33.8,4792,46.07,3,Michelle Hanna,fuenteskyle@example.net,33,0,2,4,2024-10-01,SQL Course 11,0,0,15
4981,220,40,2024-09-28,52.19,2603,44.43,5,Robert Hughes,qmcintosh@example.org,22,1,1,3,2026-03-10,Machine Learning Course 40,2,2,64
4982,591,4,2024-12-31,78.33,1418,94.17,4,Stephanie Paul,johnmalone@example.com,26,1,2,7,2026-06-21,Power BI Course 4,1,0,23
4983,415,4,2025-11-22,51.42,4486,48.81,3,Arthur Goodwin,courtney80@example.com,26,0,1,4,2025-10-28,Power BI Course 4,1,0,23
4984,122,30,2026-05-09,93.74,2286,72.3,5,Reginald Russell,carcher@example.com,19,0,1,0,2026-01-11,Machine Learning Course 30,1,2,60
4985,540,5,2025-06-19,53.93,3322,52.79,3,Marvin Snyder,harrellamber@example.com,21,0,1,5,2025-06-18,Computer Vision Course 5,6,1,55
4986,868,1,2026-03-04,77.32,1453,72.58,2,Vanessa Ross,qhudson@example.org,28,1,0,7,2025-01-23,Power BI Course 1,3,1,21
4987,213,6,2024-08-10,61.61,2967,83.59,3,Jessica Oliver,thomasallison@example.com,25,0,0,5,2025-08-10,Python Course 6,2,1,11
4988,840,47,2025-10-26,51.35,2544,72.35,5,Andrew Olson,smithwilliam@example.com,20,0,0,4,2025-04-11,SQL Course 47,5,2,40
4989,754,23,2025-08-16,29.97,1930,78.03,4,Margaret Allison,nicolaswright@example.net,24,1,1,1,2026-04-10,SQL Course 23,6,1,47
4990,969,28,2026-03-13,22.38,3334,83.17,2,Cindy Copeland,ellisonjennifer@example.org,21,1,1,0,2025-11-11,SQL Course 28,5,0,57
4991,681,8,2025-06-28,45.59,4953,51.01,2,Mrs. Betty Kim,lawrencesimpson@example.com,34,1,1,1,2024-08-31,Python Course 8,1,2,38
4992,869,13,2024-12-12,70.04,422,93.14,4,Cheryl Jacobs,wyattmitchell@example.net,18,1,1,7,2026-04-01,SQL Course 13,7,1,41
4993,784,3,2025-02-04,99.94,2029,68.01,5,Jacqueline Smith,chad29@example.net,27,1,0,0,2026-02-19,Python Course 3,3,2,52
4994,969,20,2026-04-17,74.55,4996,45.94,1,Cindy Copeland,ellisonjennifer@example.org,21,1,1,0,2025-11-11,Data Science Course 20,3,1,50
4995,875,1,2026-06-30,73.4,1153,46.11,1,Cynthia Pena,hodgestimothy@example.org,23,0,1,5,2025-12-20,Power BI Course 1,3,1,21
4996,57,19,2025-12-19,71.3,4689,71.09,1,Ronald Ortiz,amanda87@example.org,31,1,0,1,2026-01-21,Machine Learning Course 19,0,0,37
4997,533,3,2026-03-11,61.88,124,81.83,4,Daisy Torres,john71@example.org,18,1,1,6,2024-12-11,Python Course 3,3,2,52
4998,920,31,2025-09-19,83.02,1563,78.68,2,James Black,riggsrobert@example.com,28,0,1,5,2025-04-02,Computer Vision Course 31,4,0,67
4999,925,5,2026-06-01,59.42,3817,75.54,2,Ronald Campbell,rebeccahampton@example.org,22,0,0,1,2024-08-08,Computer Vision Course 5,6,1,55
5000,410,19,2024-07-24,77.28,2526,62.95,2,Lisa Jones,alexandrapena@example.com,20,0,2,0,2024-08-25,Machine Learning Course 19,0,0,37
